Fuente;Evento;Etapa;Nivel;Edad;Dispositivo;Titulo;Enlace;Etiquetas;Transcripcion;Descripcion
EFECODES2025;Acciones para cuidar el planeta;Infantil;2º ciclo Infantil;3-5 años;Actividad desconectada;AVENTURA EN EL BOSQUE BRILLANTE;https://view.genially.com/69402ab8a20479a456668045/interactive-content-aventura-en-el-bosque-brillante;Educación Infantil, Actividad desconectada, Medioambiente, Sostenibilidad, Fomento de la lectura, Programación, Pensamiento computacional, EFECODES;"AVENTURA EN EL BOSQUE BRILLANTE

Contacto

Difunde y comparte el trabajo en el aula con el hashtag #efecodes40

Dispositivo

Etapa

Evento

ACCIONES PARA CUIDAR EL PLANETA
Actividades Desconectadas

EDUCACIÓN INFANTIL

Desarrollo

Descripción

Recursos para implementarla

Experiencias en centros

+ info

+ info

+ info

+ info

Servicio de Innovación educativa de JCCM
Descripción de la actividad

La actividad ""Aventura en el Bosque Brillante"" es una propuesta del Servicio de Innovación Educativa de JCCM que tiene como objetivo utilizar Actividades Desconectadas para trabajar el pensamiento computacional y contenidos relacionados con los tres ámbitos de Educación infantil, con un planteammiento activo, atractivo y gamificado. Además, se desarrolla la concienciación medioambiental, el cuidado del entorno e inculcar a edades tempranas hábitos de desarrollo sostenible. Propone una serie de actividades para aumentar el conocimiento sobre los procesos de reciclaje y la manera de hacerlo correctamente.

Realizado por jjtg17@educastillalamancha.es

Contacto

nombre@mail.com

innovacion.edu@jccm.es
Recursos materiales
Cody Feet
Material impreso
Panel interactivo
Guía programación

Experiencias en el aula compartidas por los centros CON EL HASHTAG #EFECODES40
Estarán disponibles en breve
Desarrollo de la actividad

Vamos a realizar tres actividaes desconectadas relacionadas con el reciclaje y la forma de realizarlo utilizando correctamente los contenedores de colores. Como hilo conductor utilizamos un cuento en el que se produce una situación accidental por culpa de la cantidad de basura que hay en el bosque. A partir de ahí debemos comenzar a resolver tres retos basados en las dimensiones del pensamiento computacional. Se puede adaptar a los tres niveles de infantil y abarca todos los ámbitos.

Primer paso. Lectura o reproducción del cuento. También hay una versión en inglés. Segundo paso. Realización de un puzle con piezas en forma de bloques, colocando correctamente cada escena descrita para realizar el itinerario del cuento. Tercer paso. Mediante el Cody Feet vamos a relacionar un material que obtenemos de la baraja, con el contenedor al que debemos llevarlo para reciclarlo. Cuarto paso. Vamos a mover el esqueleto con la ""Marcha del planeta feliz"". Animada canción en la que se promociona el reciclaje y que vamos a asociar los versos a unos movimientos corporales.";Vamos a realizar tres actividaes desconectadas relacionadas con el reciclaje y la forma de realizarlo utilizando correctamente los contenedores de colores. Como hilo conductor utilizamos un cuento en el que se produce una situación accidental por culpa de la cantidad de basura que hay en el bosque.
EFECODES2025;Acciones para cuidar el planeta;"Infantil; E. Especial";"2º ciclo Infantil; EBO";3-5 años;Bluebot;LA TIERRA ES NUESTRA CASA;https://view.genially.com/6997a9047e99886be5323358/interactive-content-la-tierra-es-nuestra-casa-hay-que-cuidarla;Educación Infantil, Bluebot, Medioambiente, Sostenibilidad, Fomento de la lectura, Robótica educativa, Pensamiento computacional, EFECODES;"LA TIERRA ES NUESTRA CASA: ¡HAY QUE CUIDARLA!

Contacto

DIFUNDE Y COMPARTE EL TRABAJO EN EL AULA CON EL HASHTAG #EFECODES40

Dispositivo

Nivel y etapa

Evento

BLUEBOT

Días Internacionales del Cuidado del Bosque, del Agua y del Clima

Ed. Infantil y EE.

Desarrollo

Descripción

Recursos para implementarla

Evidencias

+ info

+ info

+ info

+ info

Servicio de Innovación educativa de JCCM
Descripción de la actividad

La actividad “La Tierra es nuestra casa: ¡hay que cuidarla!”, propuesta por el Servicio de Innovación Educativa de la JCCM, tiene como objetivo iniciar al alumnado de Educación Infantil en el pensamiento algorítmico y la resolución de problemas de manera lúdica, fomentando el pensamiento lógico e integrándolo con la Educación Ambiental. Mediante el uso del robot Bluebot y mediante una metodología activa y participativa, se trabajan las bases del pensamiento computacional (descomposición, reconocimiento de patrones, abstracción y secuenciación), al tiempo que el alumnado identifica buenas prácticas para el cuidado del agua y las plantas y desarrolla una actitud responsable y sostenible hacia el medio ambiente.
Realizada por Marino del Saz García

Contacto

nombre@mail.com

Para cualquier duda, contacta con tu DTDR de referencia.
Recursos materiales
Adaptaciones para alumnos ACNEAE
Tapete Bluebot
Guía
Robot Bluebot
Estarán disponibles en breve
Desarrollo de la actividad

Primer paso. Presentación del cuento motivador ""Los pequeños guardianes de la Tierra"", donde: El Bosque está triste porque le quitan hojas, el Agua llora porque la desperdician, y los niños y las niñas se convierten en guardianes de la Naturaleza.

Segundo paso. Exploración guiada del tapete y del Bluebot, para reconocer los elementos del tapete y familiarizarse con el robot.

Tercer paso. Realizaciones de misiones sencillas: ¿Dónde debe ir Bluebot para cuidar el planeta?

Cuarto paso. Desafío final en equipo: “Guardianes de la naturaleza”";"Primer paso. Presentación del cuento motivador ""Los pequeños guardianes de la Tierra"", donde: El Bosque está triste porque le quitan hojas, el Agua llora porque la desperdician, y los niños y las niñas se convierten en guardianes de la Naturaleza. Segundo paso."
EFECODES2025;Acciones para cuidar el planeta;Infantil;2º ciclo Infantil;3-5 años;mTiny;EL GUARDIÁN DE LOS BOSQUES.;https://view.genially.com/69957c6cc72a46517cffc3f7/interactive-content-el-guardian-de-los-bosques;Educación Infantil, mTiny, Medioambiente, Sostenibilidad, Robótica educativa, Programación, EFECODES;"EL GUARDIÁN DE LOS BOSQUES.

Contacto

Recurso

Nivel y etapa

Evento

Día internacional de los bosques 21 de marzo

EDUCACIÓN INFANTIL

mTiny

Desarrollo

Descripción

Recursos para implementarla

Evidencias

+ info

+ info

+ info

+ info

Servicio de Innovación educativa de JCCM
Descripción de la actividad

La actividad ""El Guardián de los bosques"" es una propuesta del Servicio de Innovación Educativa de JCCM que tiene como objetivos:

    Favorecer el acercamiento del alumnado al conocimiento y respeto del entorno natural.

    Desarrollar actitudes de cuidado, observación y admiración por los árboles y los bosques.
    Introducir conceptos básicos de programación por direcciones mediante el uso del robot mTiny.
    Reforzar habilidades de trabajo en equipo, comunicación y toma de decisiones.
    Potenciar la expresión oral y la comprensión de mensajes e instrucciones.
    Promover la autonomía y el pensamiento lógico a través del juego.

La actividad contiene su guía de puesta en marcha, con paso a paso, así como propuestas de pequeños desafíos al alumnado.

Actividad realizada por Francisco José Calvo Leytón. Logo Día Internacional del bosque: pikisuperstar en Freepik Arbol aislado sobre fondo blanco: brgfx en Freepik

Contacto

nombre@mail.com

Para cualquier duda, contacta con tu DTDR de referencia.
Recursos materiales
Imágenes Asamblea, tapetes y pegatinas misiones
Robot mTiny
Tarjetas de programación
Guía programación
Imágenes tapete
Estarán disponibles en breve
Desarrollo de la actividad

Esta actividad propone que el alumnado acompañe al robot mTiny en una aventura por el bosque. A lo largo del recorrido, mTiny deberá superar 3 pequeños retos hilados y consecutivos relacionados con el cuidado de la naturaleza: apagar un incendio en el bosque, recoger basura y regar árboles. La actividad se divide en tres fases esenciales: 1. Contextualización: La actividad debe iniciarse en la asamblea, mostrando dos imágenes de los bosques totalmente contrapuestas: Bosque limpio/ Bosque contaminado,. 2. Adjudicación del Reto: El recorrido de mTiny por el bosque. Se coloca el tapete en el suelo,, simulando distintos espacios, que irán encadenados para hacer los retos consecutivos; y el alumnado deberá programar al robot para superar las misiones. 3. Reflexión final.";Esta actividad propone que el alumnado acompañe al robot mTiny en una aventura por el bosque. A lo largo del recorrido, mTiny deberá superar 3 pequeños retos hilados y consecutivos relacionados con el cuidado de la naturaleza: apagar un incendio en el bosque, recoger basura y regar árboles.
EFECODES2025;Acciones para cuidar el planeta;Infantil;2º ciclo Infantil;3-5 años;Scratch Jr;Los Cuidadores del Bosque y del Agua;https://view.genially.com/6992441a6a5bd45c707120ce/interactive-content-los-cuidadores-del-bosque-y-del-agua;Educación Infantil, Scratch Jr, Medioambiente, Programación, Pensamiento computacional, Actividad desconectada, EFECODES;"Los Cuidadores del Bosque y del Agua

Contacto
DIFUNDE Y COMPARTE EL TRABAJO EN EL AULA CON EL HASHTAG #EFECODES40

Recurso

Nivel y etapa

Evento

Scratch JR

Educación Infantil - 3, 4 y 5 años

Marzo. Mes del Plateta.Agua y Bosques

Desarrollo

Descripción

Recursos para implementarla

Evidencias

+ info

+ info

+ info

+ info

Servicio de Innovación educativa de JCCM
Los Cuidadores del Bosque y del Agua

Contacto
Ficheros *.sbj listos para usar e Instrucciones.

5años-ScJ.sjr

3años-ScJ.sjr

4años-ScJ.sjr

Instruciones

Servicio de Innovación educativa de JCCM
Descripción de la actividad

La actividad “Los Cuidadores del Bosque y del Agua” es una propuesta del Servicio de Innovación Educativa de JCCM que tiene como objetivos:

    Desarrollar actitudes de respeto, cuidado y protección del entorno natural.
    Comprender que nuestras acciones (reducir residuos, ahorrar agua, cuidar plantas, respetar a los animales…) contribuyen al bienestar del planeta.
    Aprender, a través del Pensamiento Computacional a organizar acciones, resolver problemas sencillos y crear secuencias que representen buenas prácticas ambientales.

La actividad contiene su guía didáctica y los materiales necesarios para llevar a cabo este reto en la sección de ""Recursos para Implementarla"" de este Genially.

Actividad realizada por Enrique Molina Díaz. Logo Día Internacional del bosque: pikisuperstar en Freepik Logo Día del Agua. Creado con Edit.org. Arbol aislado sobre fondo blanco: brgfx en Freepik

Contacto

nombre@mail.com

Para cualquier duda, contacta con tu DTDR de referencia.

Contacto

nombre@mail.com

Para cualquier duda, contacta con tu DTDR de referencia.
Recursos materiales
Tablets
Presentación para Pizarra Digital Interactiva
Ficheros *.sbj e instrucciones paso a paso
Guía programación
Material Imprimible.

Con

Instalado

Pulsa para ir a las descargas
Estarán disponibles en breve
Desarrollo de la actividad

Os proponemos la siguiente secuencia:

    Actividad 1: Exploración del entorno. Conectamos con el entorno real. Dialogaremos con los alumn@s haciéndoles preguntas de este tipo ""¿Qué necesitan los bosques?"", ""¿Cómo podemos cuidar el agua?"". Clasificamos elementos en ""vivos"" y ""no vivos""
    Actividad 2: Juego simbólico de acciones que cuidan o no cuidan/dañan el agua o los bosques. Aquí daremos opción a hacer esta actividad de forma conectada (actividad desarrollada en Genially) o desconectada mediante tarjetas. Clasificamos acciones para distinguir aquellas que cuidan el bosque y el agua de las que no.
    Actividad 3: Programación en Scratch Jr por niveles (3, 4 y 5 años). El proyecto lo llamaremos ""Soy el Guardián del Agua y del Bosque"". Propuesta:
            3 años: 2-3 bloques de movimiento.
            4 años: 4-5 bloques de movimiento sorteando un obstáculo.
            5 años: Elegimos un problema mediambiental, elegimos personaje/s, programamos la solución.

    Actividad 4: Cierre creativo con compromisos ambientales: Propuestas para finalizar el reto (dibujo, asamblea, foto de la actividad....)

El desarrollo de estas 4 actividades se explica con mayor detalle en la guía didáctica que encontraréis en la siguiente sección y los materiales imprimibles para desarrollarla.";"Actividad 1: Exploración del entorno. Conectamos con el entorno real. Dialogaremos con los alumn@s haciéndoles preguntas de este tipo ""¿Qué necesitan los bosques?"", ""¿Cómo podemos cuidar el agua?"". Clasificamos elementos en ""vivos"" y ""no vivos"" Actividad 2: Juego simbólico de acciones que cuidan o…"
EFECODES2025;Acciones para cuidar el planeta;Primaria;"Primer ciclo; Segundo ciclo; Tercer ciclo";6-12 años;Actividad desconectada;Ritmos por el planeta;https://view.genially.com/698da9e99a2275d9623dad14/interactive-content-ritmos-por-el-planeta;Educación Primaria, Actividad desconectada, Sostenibilidad, Programación, Pensamiento computacional, EFECODES;"Ritmos por el planeta

Contacto

DIFUNDE Y COMPARTE EL TRABAJO EN EL AULA CON EL HASHTAG #EFECODES40

Recurso

Nivel y etapa

Evento

Marzo""Mes del planeta"" Sostenibilidad y cuidado del planeta

PRIMARIA Multinivel Música

Pensamiento comutacional Actividad desconectada

Experiencias en centros:

Desarrollo

Descripción

Recursos para implementarla

+ info

+ info

+ info

+ info

Servicio de Innovación educativa de JCCM
Descripción de la actividad

La actividad ""Ritmos por el planeta"" es una propuesta del Servicio de Innovación Educativa de JCCM que tiene como objetivos: - Concienciar en el cuidado del planeta a través de un buen reciclaje- Trabajar el pensamiento computacional con los alumnos a través de una actividad desconectada:• Descomposición: Dividir la gestión de residuos en pasos rítmicos individuales. • Algoritmos: El orden de las tarjetas define el sonido final. • Bucles: Repetir la secuencia musical a lo largo de la canción. La actividad contiene su guía de puesta en marcha, con paso a paso, así como las fichas para imprimir y todo el material necesario.Es una actividad multinivel para primaria con opciones de ampliación.
Actividad realizada por Javier Sanz Segoviano Mes de marzo ""Cuidado del planeta""

Contacto

nombre@mail.com

Para cualquier duda, contacta con tu DTDR de referencia.
Recursos materiales
Guía actividad
Material para imprimir
Experiencias compartidas por los centros con el hashtag #EFECODES40
Desarrollo de la actividad

En esta actividad, los alumnos actuarán como programadores y ejecutores de una secuencia rítmica que ayuda a limpiar un entorno natural. Trabajaremos el pensamiento computacional de una manera desconectada, sin pantallas ni dispositivos. A través de un juego e introduciendo la variable del azar de unos dados los alumnos trabajan la algoritmia (secuencias de pasos) y el reconocimiento de patrones. Primero: Dividimos la clase en pequeño grupo. Cada grupo dispone de una ficha para ordenar la secuencia rítmica y de una baraja con los objetos de reciclaje Segundo: Una vez ordenados, los alumnos tienen que ejecutar el ritmo correctamente en forma de bucle (ostinato) con las partes del cuerpo asociadas a esos elementos de reciclaje. Tercero: Se puede ejecutar el rimo con un fondo musical. Cuarto: se puede ampliar escribiendo el rimo y variando las figuras musicales (blanca, negra, corchea...) Quinto: Se puede ampliar realizando la secuencia rítmica con instrumentos de percusión que incluso podemos construir con objetos de reciclaje.";En esta actividad, los alumnos actuarán como programadores y ejecutores de una secuencia rítmica que ayuda a limpiar un entorno natural. Trabajaremos el pensamiento computacional de una manera desconectada, sin pantallas ni dispositivos.
EFECODES2025;Acciones para cuidar el planeta;Primaria;"Primer ciclo; Segundo ciclo; Tercer ciclo";6-12 años;Scratch Jr;¡ PROGRAMA TU BOSQUE !;https://view.genially.com/69844141e1c152b6dc3ce991/interactive-content-programa-tu-bosqueprimaria;Educación Primaria, Scratch Jr, Medioambiente, Cultura y patrimonio de CLM, Programación, Pensamiento computacional, EFECODES;"¡ PROGRAMA TU BOSQUE !

Contacto

DIFUNDE Y COMPARTE EL TRABAJO EN EL AULA CON EL HASHTAG #EFECODES40

ACTIVIDADES: LENGUAJE DE PROGRAMACIÓN CON Scratch JUNIOR

Nivel y Etapa

Efeméride

PRIMARIA- 1er CICLO - 2º CICLO - 3er CICLO

DÍA INTERNACIONAL DE LOS BOSQUES

Imagen de pikisuperstar en Freepik

Desarrollo

Descripción

Recursos para implementarla

Evidencias

+ info

+ info

+ info

+ info

Servicio de Innovación educativa de JCCM
Descripción de la actividad

La actividad de LENGUAJE DE PROGRAMACIÓN es una propuesta del Servicio de Innovación Educativa de JCCM que tiene como objetivo Desarrollar el pensamiento Computacional en primaria.
El Día Internacional de los Bosques es una jornada conmemorativa que se celebra anualmente el primer 21 de marzo desde 2013, establecida por Asamblea General de las Naciones Unidas el 21 de diciembre de 2012. Dentro del Currículo de Primaria, siguiendo el D81/2022 de CLM, se trabaja en diferentes áreas: CONOCIMIENTO DEL MEDIO/SABERES BÁSICOS/ BLOQUE A. Cultura Científica: La vida en nuestro pLaneta. y Bloque B. Tecnología y Digitalización: 2. Proyectos de diseño y pensamiento computacional. Competencia Específica 3: Resolver problemas a través de proyectos de diseño y de la aplicación del pensamiento y/o computacional, para generar cooperativamente un producto creativo e innovador que responda a necesidades concretas. También se trabajan los ODS : Realizaremos una animación con Scratch Junior relacionada con la temática de los Bosques para así conocer 4 especies de árboles autóctonos de nuestra región, Castilla La Mancha. Realizado por Sérvulo Muñoz

Contacto

nombre@mail.com

Contactar con su DTDR de referencia
Recursos materiales
Tablet u Ordenador
Scratch JR
Guía avanzada
Guía desde cero
Instalado en la tablet y desde el ordenador tiene que ser desde este enlace:

https://codejr.org/scratchjr/index.html
Estarán disponibles en breve
Desarrollo de la actividad

El alumnado trabajará individualmente desde una tablet (App Scratch Junior) u ordenador (Scratch Jr for web: https://codejr.org/scratchjr/index.html

Primer paso. Instrucciones desde Scratch Jr para la creación de escenarios y personajes.

Segundo paso. Con todos los escenarios y objetos, programar para movimientos, diálogos y transición entre diferentes escenarios o escenas.

Tercer paso. Reproducir el modelo completo y guardar el proyecto.

Cuarto paso. Exponerlo en clase y recibir la ovación de tus compañeros.";El alumnado trabajará individualmente desde una tablet (App Scratch Junior) u ordenador (Scratch Jr for web: https://codejr.org/scratchjr/index.html Primer paso. Instrucciones desde Scratch Jr para la creación de escenarios y personajes. Segundo paso.
EFECODES2025;Acciones para cuidar el planeta;Primaria;Tercer ciclo;10-12 años;Lego Spike;TERMÓMETRO MUNDIAL LEGO;https://view.genially.com/69974bb9e45083d2c5605466/interactive-content-termometro-mundial-lego;Educación Primaria, Lego Spike, Medioambiente, Sostenibilidad, Robótica educativa, Programación, Pensamiento computacional, EFECODES;"TERMÓMETRO MUNDIAL LEGO

Contacto
DIFUNDE Y COMPARTE EL TRABAJO EN EL AULA CON EL HASHTAG #EFECODES40

Dispositivo

Etapa

Evento

MES DEL PLANETA

2º Y 3º CICLO DE PRIMARIA

Desarrollo

Descripción

Recursos para implementarla

Experiencias en centros

+ info

+ info

+ info

+ info

Servicio de Innovación educativa de JCCM

#EFECODES40
Descripción de la actividad

La actividad Termómetro mundial Lego es una propuesta del servicio de Innovación de Educativa de JCCM que tiene como objetivos:

    Potenciar el pensamiento computacional como estrategia de resolución de problemas más allá de la robótica y la programación.
    Concienciar sobre la importancia de la protección medioambiental y el comportamiento sostenible.
    Mejorar los conocimientos sobre meteorología y la gestión de datos sobre el clima
    Comprender y programar cómo se reliza un automatismo en el mundo real.
    Aprender a trabajar en equipo repartiendo roles y responsabilizándose del trabajo propio y del grupal

Actividad realizada por Antonio A. Miñán Ortega. Logo Día Meteorológico Internacional obtenida de https://fundacion-biodiversidad.es/ Imágenes de Lego Spike obtenidas de la web oficial de lego education Fotos y vídeo del proyecto e instalación, del autor. Dominio público.

Contacto

nombre@mail.com

Para cualquier duda contacta con tu DTDR de referencia
Recursos materiales
Plataforma de programacón Lego Spike prime
Guía docente y alumnado
Lego Spike Prime
Ordenador o tablet
Estarán disponibles en breve
Desarrollo de la actividad

Vamos a construir un termómetro mundial con lego. Haremos un soporte para un motor al que le pondremos una especie de manecilla de reloj. A continuación, imprimiremos un dial para que esa manecilla marque la temperatura que hace en un lugar del mundo. Para poder obtener esos datos usaremos una extensión de la plataforma de Lego Spike que se llama “Gestor de clima” y que conecta con el servicio meteorológico para darnos datos de todo el plantea solo indicando la ubicación.

Primer paso. Construir el termómetro con piezas de lego spike prime siguiendo los pasos que indican en la guía e imprimir y recortar el dial. Segundo paso. Programar el funcionamiento del termómetro usando bloques del ""gestor de clima"" y ""movimiento de motores"" Tercer paso.Probar con diferentes ubicaciones del planeta para comprobar las diferencias de temperatura en distintas latitudes. Si os animás, haced las mejoras que se proponen en la guía.";Vamos a construir un termómetro mundial con lego. Haremos un soporte para un motor al que le pondremos una especie de manecilla de reloj. A continuación, imprimiremos un dial para que esa manecilla marque la temperatura que hace en un lugar del mundo.
EFECODES2025;Acciones para cuidar el planeta;Primaria;Tercer ciclo;10-12 años;Lego Spike;EL ROBOT PREVISOR;https://view.genially.com/6996cf6e85d88a6b8220fe77/interactive-content-el-robot-previsor;Educación Primaria, Lego Spike, Medioambiente, Robótica educativa, Programación, EFECODES;"EL ROBOT PREVISOR

Contacto

Recurso

Nivel y etapa

Evento

Día meteorológico mundial 23 de marzo

3º CICLO PRIMARIA

LEGO SPIKE PRIME

Desarrollo

Descripción

Recursos para implementarla

Evidencias

+ info

+ info

+ info

+ info

Servicio de Innovación educativa de JCCM
Descripción de la actividad

Cada 23 de marzo se celebra el Día Meteorológico Mundial (DMM) para conmemorar la entrada en vigor, en 1950, del Convenio por el que se estableció la Organización Meteorológica Mundial. Esta conmemoración pone de relieve la contribución fundamental que aportan los Servicios Meteorológicos e Hidrológicos Nacionales (SMHN) a la seguridad y al bienestar de la sociedad, y se celebra mediante diversas actividades en todo el mundo. ?? Descripción Construcción y programación de un robot LEGO Spike Prime que consulta el pronóstico del tiempo de cualquier ciudad en Internet. El robot reacciona físicamente a estos datos: se pone gafas de sol si está despejado o levanta un paraguas si llueve. ?? Objetivo Principal Introducir el Internet de las Cosas (IoT) creando un robot que toma decisiones automáticas en el mundo físico basándose en datos extraídos de la nube. ?? Objetivos Específicos Programación: Aplicar estructuras condicionales (Si... Si no). Manejo de Datos: Integrar información meteorológica en tiempo real dentro del código. Mecánica: Modificar un diseño base añadiendo nuevos mecanismos (gafas/paraguas) y calibrar el motor. Contexto: Relacionar la tecnología y la automatización con la adaptación climática.
Actividad realizada por Alberto Machado Vílchez Logo Día Meteorológico Mundial. Gemini 3,0 Nano Banana Pro Arbol aislado sobre fondo blanco: brgfx en Freepik

Contacto

nombre@mail.com

Para cualquier duda, contacta con tu DTDR de referencia.
Recursos materiales
Plataforma de programación Lego Spike Prime
Ordenador o tableta
Guía docente
Lego Spike
Estarán disponibles en breve
Desarrollo de la actividad

Comenzaremos con una introducción para explicar el impacto de los climas en nuestro ecosistema y la necesidad que tenemos de preverlos, entenderlos y fomentar su buena adaptación. Acto seguido, haremos un repaso sobre los conceptos básicos de Spike, conexión a Internet y motores. Seguidamente los alumnos realizarán el montaje físico del robot. Continuaremos con la programación del mismo utilizando la extensión de clima de tal manera que el robot sea capaz de leer el tiempo de forma autónoma usando internet. Por último, introduciremos cambios de ciudad en el código y programaremos el robot para que se ponga sus gafas y nos avise de su pronóstico. Al lograrlo tendremos la oportunidad de evitar mojarnos. Como reto, propondremos mejorar el código introduciendo otras variables de temperatura (grados).";Comenzaremos con una introducción para explicar el impacto de los climas en nuestro ecosistema y la necesidad que tenemos de preverlos, entenderlos y fomentar su buena adaptación. Acto seguido, haremos un repaso sobre los conceptos básicos de Spike, conexión a Internet y motores.
EFECODES2025;Acciones para cuidar el planeta;Secundaria;"ESO; Bachillerato";12-18 años;Actividad desconectada;INGENIERÍA INVERSA DE UNA HAMBURGUESA;https://view.genially.com/698a1e2df9079c5572895b12/interactive-content-ingenieria-inversa-de-una-hamburguesa;Educación Secundaria, Actividad desconectada, Medioambiente, Sostenibilidad, Robótica educativa, Programación, Pensamiento computacional, Trabajo cooperativo, STEAM, EFECODES;"INGENIERÍA INVERSA DE UNA HAMBURGUESA

Contacto

DIFUNDE Y COMPARTE EL TRABAJO EN EL AULA CON EL HASHTAG #EFECODES40

Dispositivo

Etapa

Evento

PENSAMIENTO COMPUTACIONAL

DÍA DE LOS BOSQUES21 DE MARZO

ESO y BACHILLERATO

Desarrollo

Descripción

Recursos para implementarla

Experiencias en centros

+ info

+ info

+ info

+ info

Servicio de Innovación educativa de JCCM
Descripción de la actividad

La actividad Ingeniería inversa de una hamburguesa es una propuesta del servicio de Innovación de Edcuativa de JCCM que tiene como objetivos:

    Potenciar el pensamiento computacional como estrategia de resolución de problemas más allá de la robótica y la programación.
    Comprender todos los procesos implicados en la elaboración de un producto apolucando estragtegias de descomposición, análisis de datos
    Fomentar la creatividad proponiendo nuevas soluciones a un problema vinculado con la huella de carbono y el coste medioambiental de la producción industrial
    Aprender a trabajar en equipo repartiendo roles y responsabilizándose del trabajo propio y del grupal

Actividad realizada por Antonio A. Miñán Ortega. Logo Día Internacional del bosque: pikisuperstar en Freepik Imagen ingeniería inversa de una hamburguesa creada con nano banan pro. Dominio Público

Contacto

nombre@mail.com

Para cualquier duda contacta con tu DTDR de referencia
Recursos materiales
Tablet u ordenador
Guía docente
Cuaderno de equipo para el alumnado

    Versión digital

    Versión imprimible

Estarán disponibles en breve
Desarrollo de la actividad

El alumnado va a investigar cómo se fabrica una hamburguesa hacia atrás, partiendo del producto terminado hasta sus últimos componentes y procesos. El objetivo es rediseñarla y crear una versión 2.0: más barata, más sostenible y con menos impacto en el planeta.

Primer paso. Creación de equipos 1. Liderazgo y coordinación 2. Ingeniería de procesos: Investiga de qué está hecha la hamburguesa y cómo se fabrica paso a paso. 3. Calcula cuánto cuesta (dinero y recursos) y cuánta agua/energía gastamos. 4. Diseño de Soluciones: Propone ideas creativas para mejorar el producto final.

Segundo paso. Investigar por roles y cumplimentar el cuaderno de equipo

Tercer paso. Poner en común en el aula los diferentes análisis y prouestas";El alumnado va a investigar cómo se fabrica una hamburguesa hacia atrás, partiendo del producto terminado hasta sus últimos componentes y procesos. El objetivo es rediseñarla y crear una versión 2.0: más barata, más sostenible y con menos impacto en el planeta. Primer paso. Creación de equipos 1.
EFECODES2025;Acciones para cuidar el planeta;Secundaria;ESO;12-16 años;Microbit;El Ciclo del Agua;https://view.genially.com/6985e68b6cb098c901e83e64/interactive-content-el-ciclo-del-agua;Educación Secundaria, Microbit, Medioambiente, Programación, EFECODES;"El Ciclo del Agua

Contacto
DIFUNDE Y COMPARTE EL TRABAJO EN EL AULA CON EL HASHTAG #EFECODES40

Dispositivo

Nivel y etapa

Evento

Día Mundial del agua

ESO

Micro:bit

Desarrollo

Descripción

Recursos para implementarla

Evidencias

+ info

+ info

+ info

+ info

Servicio de Innovación educativa de JCCM
Descripción de la actividad

La actividad ""El Ciclo del Agua"" es una propuesta del Servicio de Innovación Educativa de JCCM que tiene como objetivos:

    Celebrar el Día del Agua (22 de marzo).
    Programar el acelerómetro de la tarjeta micro:bit.
    Fomentar la creatividad y el pensamiento lógico.

El reto consiste en programar una aplicación utilizando la tarjeta micro:bit para controlar los movimientos de nuestro personaje ""Gota líquida"". Su misión será recorrer el camino del CICLO DEL AGUA pasando por todas las fases: Evaporación, Condensación, Precipitación y Escorrentía. Pero cuidado porque la contaminación puede aparecer en nuestro camino e impedirnos llegar a completar el camino completo
Actividad realizada por Javier Rubio Claramonte

Contacto

nombre@mail.com

Para cualquier duda, contacta con tu DTDR de referencia.
Recursos materiales
Ordenador con conconexión a internet
Guía programación
Placa micro:bit
Descargas

Será necesario entrar en el entorno de programación de Scratch 3.0 (no es necesario registro)
Estarán disponibles en breve
Desarrollo de la actividad

En esta actividad el alumnado programará la tarjeta micro:bit en el entorno de programación Scratch 3.0 para desarrollar una aplicación sobre las fases del Ciclo del Agua mediante el movimiento de un objeto ""Gota"" utilizando el acelerómetro integrado de la micro:bit.

    Preparación inicial de la aplicación en Scratch 3.0: añadiremos las imágenes de los objetos (“Gota líquida”, “Nube” y “Nube negra”, “pez”, “Texto inicial”, “Texto game over”, “Ball” y “Nube contaminación”) y la imagen del fondo de pantalla (“Fondo Ciclo del agua”).
    Conexión de la micro:bit a Scratch 3.0.
    Programación del objeto ""Gota líquida"" para su control desde la micro:bit”.
    Programación de los objetos ""Nube"", ""Nube negra"", “pez”, “Nube contaminación”, “Ball”, “Texto inicial” y “Texto game over” y su interacción con el objeto “Gota líquida”
    Programación del fondo de pantalla ""Fondo ciclo del agua"".
    Solución y mejoras.";"En esta actividad el alumnado programará la tarjeta micro:bit en el entorno de programación Scratch 3.0 para desarrollar una aplicación sobre las fases del Ciclo del Agua mediante el movimiento de un objeto ""Gota"" utilizando el acelerómetro integrado de la micro:bit."
EFECODES2025;Acciones para cuidar el planeta;Secundaria;"ESO; Bachillerato";12-18 años;Cyberpi;Contenedor de papel inteligente;https://view.genially.com/69930acaab4b4e8141179c49/interactive-content-contenedor-de-papel-inteligente;Educación Secundaria, Cyberpi, Medioambiente, Sostenibilidad, Robótica educativa, Programación, Pensamiento computacional, EFECODES;"CONTENEDOR DE PAPEL INTELIGENTE

Contacto

DIFUNDE Y COMPARTE EL TRABAJO EN EL AULA CON EL HASHTAG #EFECODES40

Dispositivo

Etapa

Evento

Cyberpi y máquina educable de Mblock

DÍA DE LOS BOSQUES21 DE MARZO

ESO BACHILLERATO

Desarrollo

Descripción

Recursos para implementarla

Experiencias en centros

+ info

+ info

+ info

+ info

Servicio de Innovación educativa de JCCM
Descripción de la actividad

La actividad Contenedor de papel inteligente es una propuesta del servicio de Innovación de Edcuativa de JCCM que tiene como objetivos:

    Potenciar el pensamiento computacional como estrategia de resolución de problemas más allá de la robótica y la programación.
    Comprender todos los procesos implicados en la resolución de un problema.
    Fomentar la creatividad proponiendo nuevas soluciones a un problema vinculado con la huella de carbono y el coste medioambiental de la actividad humana.
    Concienciar sobre la importancia del reciclaje de papel
    Comprender y programar cómo se reliza un automatismo en el mundo real.
    Entender las bases del machine learning y el funcionamiento lógico de la IA
    Aprender a trabajar en equipo repartiendo roles y responsabilizándose del trabajo propio y del grupal

Actividad realizada por Antonio A. Miñán Ortega. Logo Día Internacional del bosque: pikisuperstar en Freepik Imagen de Cyberpi, AI&Iot y mblock de Robotix y mblock. Fotos y vídeo del proyecto e instalación, del autor. Dominio público.

Contacto

nombre@mail.com

Para cualquier duda contacta con tu DTDR de referencia
Recursos materiales
Tablet u ordenador. Mblock
Cyberpi y caja expansión AI & IoT
Guía docente
Estarán disponibles en breve
Desarrollo de la actividad

El objetivo es programar un contendor de papel “inteligente” que se abra automáticamente cuando reconozca un residuo de papel/cartón a través de la cámara web del portátil. Seguiremos los siguientes pasos:

Primer paso. Programar y entrenar la extensión “Máquina educable” en mBlock para que reconozca el residuo papel/cartón en la pestaña “objetos” de mBlock. Segundo paso. Cuando lo haga, enviará un mensaje, por ejemplo, “abrir” a la pestaña dispositivo donde vamos a programar la Cyberpi que controlará un servomotor para que abra el contenedor cuando reciba el mensaje. Tercer paso. Instalar el servomotor en la tapa del contenedor y hacer las conexiones pertinentes: Portátil - Cyberpi - Driver del ";El objetivo es programar un contendor de papel “inteligente” que se abra automáticamente cuando reconozca un residuo de papel/cartón a través de la cámara web del portátil. Seguiremos los siguientes pasos: Primer paso.
EFECODES2025;Acciones para cuidar el planeta;Secundaria;"4º ESO; Bachillerato";15-18 años;mBot2;Misión basura cero en los bosques.;Dhttps://view.genially.com/698aef3e767f44a29c8fa4be/interactive-content-mision-basura-cero-en-los-bosques;Educación Secundaria, mBot2, Medioambiente, Sostenibilidad, Robótica educativa, Programación, EFECODES;"Misión basura cero en los bosques.

Contacto

Recurso

Nivel y etapa

Evento

Día internacional de los bosques 21 de marzo

4ºESO - Bachillerato

mBot2

Desarrollo

Descripción

Recursos para implementarla

Evidencias

+ info

+ info

+ info

+ info

Servicio de Innovación educativa de JCCM
Descripción de la actividad

La actividad ""Misión basura cero en los bosques"" es una propuesta del Servicio de Innovación Educativa de JCCM que tiene como objetivos:

    Fomentar hábitos responsables para la conservación de los espacios naturales.
    Valorar la importancia de no tirar basura, cuidar los árboles y proteger la biodiversidad
    Desarrollar habilidades básicas de programación con mBlock.
    Descomponer un problema complejo en pequeñas partes.
    Fomentar la creatividad y el pensamiento lógico.

La actividad contiene su guía de puesta en marcha, con paso a paso, así como propuestas de pequeños desafíos al alumnado.

Actividad realizada por Carlos Lorente Jiménez. Logo Día Internacional del bosque: pikisuperstar en Freepik Arbol aislado sobre fondo blanco: brgfx en Freepik

Contacto

nombre@mail.com

Para cualquier duda, contacta con tu DTDR de referencia.
Recursos materiales
Plataforma de programación mBlock
Ordenador
Guía programación
mBot2
Tarjetas
Estarán disponibles en breve
Desarrollo de la actividad

Comenzaremos con una introducción para explicar el papel de los árboles en nuestro ecosistema y la responsabilidad que tenemos de cuidarlos, respetarlos y fomentar su buena conversación. Acto seguido, haremos un repaso sobre los conceptos básicos de mBlock, conexión a CyberPi y mBot2. Seguidamente trabajaremos aspectos básicos de la programación de mBot2 mostrando imágenes en la pantalla de la CyberPi. Continuaremos utilizando el sensor de obstáculos de tal manera que el robot sea capaz de hacer un camino de forma autónoma evitando obstáculos Por último, introduciremos fichas de basura en el escenario y programaremos el robot para que lo detecte por color y nos avise de su presencia. Al recogerlo tendremos la oportunidad de sumar puntuación. Como reto, propondremos mejorar el juego introduciendo otras fichas de basura (plátanos).";Comenzaremos con una introducción para explicar el papel de los árboles en nuestro ecosistema y la responsabilidad que tenemos de cuidarlos, respetarlos y fomentar su buena conversación. Acto seguido, haremos un repaso sobre los conceptos básicos de mBlock, conexión a CyberPi y mBot2.
EFECODES2025;Día del libro 4.0;Infantil;2º ciclo Infantil;3-5 años;Actividad desconectada;Caperucita 4.0;https://view.genially.com/699c6c4ace6783ba0666427c;Educación Infantil, Actividad desconectada, Medioambiente, Fomento de la lectura, Robótica educativa, EFECODES;"El reto se divide en 2 sesiones de 45 minutos. Son 2 actividades que adaptaremos po edades. Estas son: 
 

    Actividad 1: El camino del Bosque.
        3 años: jugaremos con Codey Feet.
        4 años: Cody Roby Corporal
        5 años: Cody Roby de mesa y en parejas.


    Actividad 2: Pixelando a Caperucita 4.0.
        3 años: Gomets/Color Art.
        4 años: Pixel Art simétrico.
        5 años: Pixel Art desde modelo.


    Actividad 3: Exposición Pixel Arts por la clase. 

El desarrollo de estas actividades se explica con mayor detalle en la guía didáctica que encontraréis en la siguiente sección y los materiales imprimibles para desarrollarla.";El reto se divide en 2 sesiones de 45 minutos. Son 2 actividades que adaptaremos po edades. Estas son: Actividad 1: El camino del Bosque. 3 años: jugaremos con Codey Feet. 4 años: Cody Roby Corporal 5 años: Cody Roby de mesa y en parejas. Actividad 2: Pixelando a Caperucita 4.0.
EFECODES2025;Día del libro 4.0;Infantil;2º ciclo Infantil;3-5 años;Bluebot;BUE-QUIJOTE-BOT;https://view.genially.com/69c3096653ae77b5931fc657;Educación Infantil, Bluebot, Fomento de la lectura, Cultura y patrimonio de CLM, Robótica educativa, Programación, EFECODES;"EL BLUE - QUIJOTE - BOT

Contacto

Difunde y comparte el trabajo en el aula con el hashtag #efecodes40

EDUCACIÓN INFANTIL

23 DE ABRILDÍA DEL LIBRO

Evento

Dispositivo
BLUEBOT

Etapa

Desarrollo

Descripción

Recursos para implementarla

Experiencias en centros

+ info

+ info

+ info

+ info

Servicio de Innovación educativa de JCCM
Descripción de la actividad

La actividad ""BUE-QUIJOTE-BOT"" es una propuesta del Servicio de Innovación Educativa de JCCM que tiene como objetivo utilizar Bluebot para trabajar la robótica y la secuenciación mediante los movimientos del dispositivo por el tapete. Además, se promociona la lectura en un día tan especial como el 23 de abril. Utilizamos dos capítulos de Don Quijote de La Mancha para tratar esta efemérides de forma moyivadora y atractiva, al tiempo que acercamos, esta genial novela, al alumnado en edades tempranas. Y siempre resaltando la conexión que tiene para nosotros que los escenarios en los que trascurren las aventuras sean de nuestra región, Castilla La Mancha.

Realizado por jjtg17@educastillalamancha.es

Contacto

nombre@mail.com

innovacion.edu@jccm.es
Recursos materiales
Guía programación
Tapete de nivel
Bluebot
Material impreso
Panel interactivo

Experiencias en el aula compartidas por los centros CON EL HASHTAG #EFECODES40
Estarán disponibles en breve
Desarrollo de la actividad

vamos a celebrar el día del libro de una manera especial utilizando el robot Bluebot. Para ello hemos adaptado dos capítulos de la novela más univesal de nuestra literatura, Don Quijote de La Mancha. Las dos lecturas se pueden realizar en los tres niveles de la etapa de Educación Infantil. Acompañando las lecturas encontrarás unos materiales referentes a las escenas de los capítulos para colocar en el tapete y acompañar a la lectura. Además diszafraremos al robot como si fuera Don Quijote.

Primer paso. Recortamos el disfraz del Bluebot y lo acoplamos al robot, imprimimos el material y lo colocamos en el tapete. Escuchamos la canción de motivación. Segundo paso. Explicamos la efemérides del día del libro, la figura de Cervantes y la relación de Don Quijote con nuestra región. . Tercer paso. Realizamos la lectura del capítulo y vamos moviendo el robot por las escenas, siguiendo el orden de los acontecimientos. Cuarto paso. Posteriormente, será el alumnado el que modifique la distribución de las imágenes y trate de volver a realizar el recorrido, recordando la lectura.";vamos a celebrar el día del libro de una manera especial utilizando el robot Bluebot. Para ello hemos adaptado dos capítulos de la novela más univesal de nuestra literatura, Don Quijote de La Mancha. Las dos lecturas se pueden realizar en los tres niveles de la etapa de Educación Infantil.
EFECODES2025;Día del libro 4.0;Infantil;2º ciclo Infantil;3-5 años;Bluebot / mTiny;EL DESAFÍO DE LA TORRE COOPERATIVA;https://view.genially.com/69c65c821675e6aa86ea3c2b;Educación Infantil, Bluebot / mTiny, Fomento de la lectura, Robótica educativa, Pensamiento computacional, Trabajo cooperativo, EFECODES;"EL DESAFÍO DE LA TORRE COOPERATIVA

Contacto
DIFUNDE Y COMPARTE EL TRABAJO EN EL AULA CON EL HASHTAG #EFECODES40

Dispositivo

Etapa

Evento

INFANTIL Y PRIMARIA

MTINY O BLUEBOT

DÍA DEL LIBRO

Desarrollo

Descripción

Recursos para implementarla

Experiencias en centros

+ info

+ info

+ info

+ info

Servicio de Innovación educativa de JCCM

#EFECODES40
Descripción de la actividad

La actividad EL DESAFÍO DE LA TORRE COOPERATIVA es una propuesta del servicio de Innovación de Educativa de JCCM que tiene como objetivos:

    Conmemorar el día del libro
    Fomentar el hábito lector
    Mejorar la comprensión lectora
    Desarrollar el pensamiento computacional
    Mejorar la orientación espacial y la lateralidad
    Trabajar l emoción y la empatía

Actividad realizada por Teresa Ciudad Camacho Logo del día del libro freepik.com IImagen de portada generada por Gemini

Contacto

nombre@mail.com

Para cualquier duda contacta con tu DTDR de referencia
Recursos materiales
Guía docente
Todo lo que necesitas para hacer la ctividad
Mtiny
Bluebot
Estarán disponibles en breve
Desarrollo de la actividad

Propuesta de Actividad: ""Misión : ¿A qué sabe la Luna?"" Esta actividad es una propuesta para trabajar la comprensión lectora, la secuenciación lógica y el pensamiento computacional a través de la robótica de suelo por medio de una adaptación del libro de Michael Grejniec, ¿A qué sabe la luna?

Fase de Motivación: ""Hace mucho tiempo..."" Antes de tocar los robots, nos sumergiremos en la historia. Cada docente podrá elegir el formato que mejor se adapte a su aula: Cuentacuentos con marionetas (ideal para trabajar la atención física). Audiovisual: Visionado del cuento con soporte digital. Audio: Escucha activa para fomentar la imaginación (todos los materiales están en la seccion ""recusos"") Propuesta de Actividad: ""Misión : ¿A qué sabe la Luna?"" Utilizaremos los robots Bluebot o mTiny sobre un tapete cuadriculado. El objetivo es programar el robot para visitar a los animales en el orden correcto del cuento";"Propuesta de Actividad: ""Misión : ¿A qué sabe la Luna?"" Esta actividad es una propuesta para trabajar la comprensión lectora, la secuenciación lógica y el pensamiento computacional a través de la robótica de suelo por medio de una adaptación del libro de Michael Grejniec, ¿A qué sabe la luna? Fase…"
EFECODES2025;Día del libro 4.0;Infantil;2º ciclo Infantil;3-5 años;mTiny;El rescate de las historias perdidas;https://view.genially.com/69b9942e68609d87c1748e34;Educación Infantil, mTiny, Fomento de la lectura, Robótica educativa, Programación, EFECODES;"EL RESCATE DE LAS HISTORIAS PERDIDAS

Contacto

DIFUNDE Y COMPARTE EL TRABAJO EN EL AULA CON EL HASHTAG #EFECODES40

Recurso

Nivel y etapa

Evento

Día del libro 23 de abril

EDUCACIÓN INFANTIL

mTiny

Desarrollo

Descripción

Recursos para implementarla

Evidencias

+ info

+ info

+ info

+ info

Servicio de Innovación educativa de JCCM
Descripción de la actividad

La actividad ""El rescate de las historias perdidas"" es una propuesta del Servicio de Innovación Educativa de JCCM que tiene como objetivos:

    Favorecer el acercamiento del alumnado al conocimiento de algunos de los más conocidos cuentos infantiles..

    Visibilizar la importancia de la lectura y del cuidado los libros, tratando de fomentar el amor por la lectura.
    Introducir conceptos básicos de programación por direcciones mediante el uso del robot mTiny.
    Reforzar habilidades de trabajo en equipo, comunicación y toma de decisiones.
    Potenciar la expresión oral y la comprensión de mensajes e instrucciones.
    Promover la autonomía y el pensamiento lógico a través del juego.

La actividad contiene su guía de puesta en marcha, con paso a paso, así como propuestas de pequeños desafíos al alumnado.

Actividad realizada por Francisco José Calvo Leytón. magen Día del libro. Freepik.com Imagen de BibliomTiny generada por Microsoft Copilot.

Contacto

nombre@mail.com

Para cualquier duda, contacta con tu DTDR de referencia.
Recursos materiales
Retos mTiny y Ejemplos Tapetes
Robot mTiny
Tarjetas de programación
Guía programación
Imágenes tapete
Estarán disponibles en breve
Desarrollo de la actividad

Esta actividad propone que el alumnado acompañe al robot mTiny en una aventura por su biblioteca/tapete. A lo largo del recorrido, mTiny deberá superar 3 pequeños retos basados en intentar ayudarle a encontrar los elementos perdidos de tres cuentos clásicos, con el objetivo final de que los libros no se queden vacíos. La actividad gira en torno a 3 cuentos clásicos (""Blancanieves"", ""El gato con botas"" y ""Los 3 cerditos""); y 3 objetos muy relevantes de cada cuento (casita de paja, manzana y bota); constando de 4 retos sucesivos. Partiendo de la casilla de salida (imagen de la biblioteca), el objetivo de cada uno de los 3 primeros retos es el de llegar a la casilla donde se ubica la portada de cada cuento, donde se les lee un breve argumento de la historia y se les plantea el reto. Cada cuento va asociado a un objeto relevante, al que deberán llegar programando y guiando al robot. Cada vez que consiguen un reto, se propone la lectura colectiva del cuento en cuestión. El último reto sería llevar al robot a la casilla del libro abierto, donde el robot mTiny debe hacer su baile final.";Esta actividad propone que el alumnado acompañe al robot mTiny en una aventura por su biblioteca/tapete. A lo largo del recorrido, mTiny deberá superar 3 pequeños retos basados en intentar ayudarle a encontrar los elementos perdidos de tres cuentos clásicos, con el objetivo final de que los libros…
EFECODES2025;Día del libro 4.0;Infantil;2º ciclo Infantil;3-5 años;Scratch Jr;Versos en movimiento, gracias a Gloria;https://view.genially.com/69a5ff942be2c852a45a80e3;Educación Infantil, Scratch Jr, Fomento de la lectura, Programación, Pensamiento computacional, Trabajo cooperativo, EFECODES;"“VERSOS EN MOVIMIENTO, GRACIAS A GLORIA”

Contacto

DIFUNDE Y COMPARTE EL TRABAJO EN EL AULA CON EL HASHTAG #EFECODES40

Nivel y etapa

Dispositivo

Evento

Scratch JR

Ed. Infantil y EE.

Día Internacional del Libro

Recursos para implementarla

Desarrollo

Descripción

Evidencias

+ info

+ info

+ info

+ info

Servicio de Innovación educativa de JCCM
Descripción de la actividad

La actividad “Versos en movimiento, gracias a Gloria”, propuesta por el Servicio de Innovación Educativa de la JCCM, tiene como objetivo que los niños y niñas descubran a Gloria Fuertes y algunos de sus poemas a través del juego y la creatividad, combinando el aprendizaje del lenguaje con el desarrollo del pensamiento computacional y la resolución creativa de problemas a través del uso de Scratch Jr Tras escuchar y comentar un poema sencillo, inventarán pequeñas rimas propias y las representarán en Scratch Jr, dando movimiento a personajes y escenas. La actividad combina literatura, expresión oral y pensamiento computacional, fomentando la imaginación y el gusto por la poesía.. La actividad promueve así una actitud curiosa, expresiva y creativa ante el lenguaje, integrando la programación con la creación poética de forma lúdica y significativa.
Realizada por Marino del Saz García

Contacto

nombre@mail.com

Para cualquier duda, contacta con tu DTDR de referencia.
Estarán disponibles en breve
Recursos materiales
Adaptaciones para ACNEAE
Guía
Tablets
Interfaz
Desarrollo de la actividad

Primer paso. Presentación del cuento motivador ""Gloria y la Magia de las Rimas"", donde se presenta a la escritora Gloria Fuertes y las rimas de sus poemas.

Segundo paso. Lectura de poemas breves de Gloria Fuertes adecuados al nivel. A continuación mediante aprendizaje cooperativo ""jugamos con las rimas"" uniendo tarjetas con imágenes que representan palabras que riman, formando después sencillas frases.

Tercer paso. Representamos en la pizarra digital, con Scracht JR, una escena que refleje el poema de Gloria Fuertes ""En medio del prado"".

Cuarto paso. Desafío final en equipo: Completar en la tablet la/s escena/s del poema ""En medio del prado"".";"Primer paso. Presentación del cuento motivador ""Gloria y la Magia de las Rimas"", donde se presenta a la escritora Gloria Fuertes y las rimas de sus poemas. Segundo paso. Lectura de poemas breves de Gloria Fuertes adecuados al nivel."
EFECODES2025;Día del libro 4.0;Primaria;Tercer ciclo;10-12 años;Actividad desconectada;¡ RIMAS DESCONECTADAS !;https://view.genially.com/69cb6a493104b6bf0c5fa0ce;Educación Primaria, Actividad desconectada, Fomento de la lectura, Cultura y patrimonio de CLM, Pensamiento computacional, EFECODES;"¡ RIMAS DESCONECTADAS !

Contacto

DIFUNDE Y COMPARTE EL TRABAJO EN EL AULA CON EL HASHTAG #EFECODES40

ACTIVIDADES DESCONECTADAS DE PENSAMIENTO COMPUTACIONAL

Nivel y Etapa

Efeméride

PRIMARIA- 2º CICLO - 3er CICLO

DÍA 23 DE ABRIL INTERNACIONAL DEL LIBRO

Imagen de pikisuperstar en Freepik

Desarrollo

Descripción

Recursos para implementarla

Evidencias

+ info

+ info

+ info

+ info

Servicio de Innovación educativa de JCCM
Descripción de la actividad

La actividad de RIMAS DESCONECTADAS es una propuesta del Servicio de Innovación Educativa de JCCM que tiene como objetivo Desarrollar el pensamiento Computacional en primaria.
El Día Internacional del libro es una jornada conmemorativa que se celebra anualmente el 23 de abril desde 1995 debido a que tres figuras de la Literatura, murieron ese mismo día: Miguel de Cervantes, William Shakespeare y Garcilaso de la Vega. Dentro del Currículo de Primaria, siguiendo el D81/2022 de CLM, se trabaja en diferentes áreas: LENGUA Y LITERATURA : SABERES BÁSICOS/ BLOQUE C. EDUCACIÓN LITERARIA. MATEMÁTICAS: La competencia específica 4 : Utilizar el pensamiento computacional con datos y patrones. Dentro del Bloque de SABERES BÁSICOS D. SENTIDO ALGEBRAICO. 4. Pensamiento computacional. La actividad está diseñada para alumnado de 2º y 3er ciclo de primaria y puede ser desarrollada en una sesión, por lo que supone una forma ágil de trabajar las rimas y clasificarlas sin apenas preparación de material. Realizaremos una clasificación de rimas atendiendo a imágenes y a unos patrones determinados con formas y colores. Realizado por Sérvulo Muñoz

Contacto

nombre@mail.com

Contactar con su DTDR de referencia
Recursos materiales
PIZARRA DIGITAL
TABLERO FICHA-IMPRIMIBLE
Guía y Soluciones
Si se explica mientras se proyecta, el alumnado lo entenderá a la perfección.
IMPORTANTE: si se imprime en blanco y negro, que el alumno coloree el modelo tal cual como los colores de las rimas.
Estarán disponibles en breve
¡Desarrollo de la actividad en solo una sesión!

El alumnado trabajará por parejas o individualmente sobre la planttilla que previamente le ha impreso y repartido el docente:

Primer paso. Reparto del tablero de rimas, el cual se puede proyectar para explicar su funcionamiento

Segundo paso. Las instrucciones son sencillas: 1º) Deducir, observando los dibujos, las palabras que riman. Una palabra de la izquierda rima con una de la derecha. 2º) Una vez que tenemos las palabras debemos colocarlas dentro de la casilla correspondiente siguiendo dos patrones.Veamos el ejemplo:

Color de la terminación de la rima

Color de la casilla

DUNA

Número de sílabas

Tercer y último paso. Mostrar la tabla completa tu maestra/o y comprobar las soluciones.";La actividad de RIMAS DESCONECTADAS es una propuesta del Servicio de Innovación Educativa de JCCM que tiene como objetivo Desarrollar el pensamiento Computacional en primaria. El Día Internacional del libro es una jornada conmemorativa que se celebra anualmente el 23 de abril desde 1995 debido a…
EFECODES2025;Día del libro 4.0;Primaria;Tercer ciclo;10-12 años;Actividad desconectada;BIBLIOCODE;https://view.genially.com/69a566978caaced59fd008e4;Educación Primaria, Actividad desconectada, Fomento de la lectura, Robótica educativa, Programación, Pensamiento computacional, EFECODES;"BIBLIOCODE

Contacto
¿Quién es quién en la biblioteca?
DIFUNDE Y COMPARTE EL TRABAJO EN EL AULA CON EL HASHTAG #EFECODES40

Dispositivo

Etapa

Evento

3º CICLO DE PRIMARIA 1º y 2º de ESO

Actividaddesconectada

DÍA DEL LIBRO

Desarrollo

Descripción

Recursos para implementarla

Experiencias en centros

+ info

+ info

+ info

+ info

Servicio de Innovación educativa de JCCM

#EFECODES40
Descripción de la actividad

La actividad BIBLIOCODE es una propuesta del servicio de Innovación de Educativa de JCCM que tiene como objetivos:

    Conmemorar el día del libro
    Potenciar el pensamiento computacional como estrategia de resolución de problemas más allá de la robótica y la programación.
    Conocer mejor cómo se organiza una biblioteca
    Aprender el sistema internacional de ordenación del conocimiento conocido como CDU (clasificación decimal universal)
    Mejorar los conocimientos sobre gestión de datos
    Comprender y programar cómo se reliza un algoritmo en el mundo real.

Actividad realizada por Antonio A. Miñán Ortega. Imagen Día del libro. Freepik.com Imagen de Bibliocode generada por IA de Canva (dominio público)

Contacto

nombre@mail.com

Para cualquier duda contacta con tu DTDR de referencia
Recursos materiales
Actividad desconectada
Cartas de juego
Guía docente y alumnado
Todo lo que necesitas para jugar
Estarán disponibles en breve
Desarrollo de la actividad

BIBLIOCODE es un juego de cartas muy parecido al ¿Quién es quién?, pero en lugar de buscar personas, vamos a buscar libros y en lugar de características físicas, usaremos los atributos de cada obra (clase CDU, autor, título, época, género, idioma, etc.) Así, además de pasar un buen rato, aprenderemos cómo está organizada una biblioteca y cómo hacer un algoritmo eficiente. Quien logre adivinar el libro del o de la contrincante con menos preguntas, gana .

Primer paso. Imprimimos dos copias de las cartas. Podemos encontrarlas en la guía docente Explicamos qué es la CDU (hay un ficha de instrucciones) Segundo paso. Repartimos dos mazos de treinta cartas a cada jugador. Tercer paso. Cada jugador elige un libro y alternativamente van haciendo preguntas para adivinar el libro del o de la rival. Si os animás, podéis jugar a varias modalidades del juego y hacer las mejoras que se proponen en la guía.";BIBLIOCODE es un juego de cartas muy parecido al ¿Quién es quién?, pero en lugar de buscar personas, vamos a buscar libros y en lugar de características físicas, usaremos los atributos de cada obra (clase CDU, autor, título, época, género, idioma, etc.) Así, además de pasar un buen rato,…
EFECODES2025;Día del libro 4.0;Primaria;Tercer ciclo;10-12 años;Lego Spike;Don Libro con Lego;https://view.genially.com/6992e07248cf01a970d8d4d4;Educación Primaria, Lego Spike, Fomento de la lectura, Robótica educativa, Programación, Pensamiento computacional, Actividad desconectada, EFECODES;"Desconectada + Don Libro con Lego

Contacto
Difunde y comparte el trabajo en el aula con HASHTAG #efecodes40

Recurso

Nivel y etapa

Evento

DÍA DEL LIBRO 23 DE ABRIL
Lego Spike Prime

2º y 3º CICLO DE PRIMARIA

Desarrollo

Descripción

Recursos para implementarla

Evidencias

+ info

+ info

+ info

+ info

Servicio de Innovación educativa de JCCM
Descripción de la actividad

La actividad ""Don Libro con Lego"" es una propuesta del Servicio de Innovación Educativa de JCCM que tiene como objetivos:

    Fomentar la comprensión lectora: Analizar la personificación en el poema (Don Libro como un ser vivo que se siente solo o feliz).
    Desarrollar el pensamiento computacional a través de la programación y construcción del personaje. (Lego)
    Interiorizar la prosodia:
        El acento final: Nota que muchas líneas terminan en palabras agudas (sillón, televisión, lector, sol, color).
        Las sinalefas: Cuando veas el guion bajo (ej. ba_el), intenta que el sonido de la vocal sea continuo, como si fuera una sola palabra larga.
        Pausas: Respeta las comas para que el ""Señor Don Libro"" cobre vida. Imagina que está realmente cansado o aburrido.

La actividad contiene su guía de puesta en marcha, con paso a paso, así como propuestas de pequeños desafíos al alumnado.

Actividad realizada por Javier Sanz Segoviano

Contacto

nombre@mail.com

Para cualquier duda, contacta con tu DTDR de referencia.
Recursos materiales
Lego Spike Prime
Ordenador-tablet
Guía programación
Estarán disponibles en breve
Desarrollo de la actividad

Comenzaremos con una actividad desconectada. Descomposición: Dividir la poesía en partes más pequeñas (sílabas, acentos, frases musicales, tiempos fuertes/débiles). Reconocimiento de Patrones: Identificar repeticiones de ritmos, entonaciones (subidas/bajadas) o estructuras rítmicas en rimas Algoritmos: Crear secuencias de instrucciones (por ejemplo, - golpear mesa - sílaba fuerte"") para replicar o improvisar ritmos prosódicos Continuaremos con el montaje del ""Señor Don Libro"" con Lego Spike Prime y la programación que se indica en la guía de recursos";Comenzaremos con una actividad desconectada. Descomposición: Dividir la poesía en partes más pequeñas (sílabas, acentos, frases musicales, tiempos fuertes/débiles). Reconocimiento de Patrones: Identificar repeticiones de ritmos, entonaciones (subidas/bajadas) o estructuras rítmicas en rimas…
EFECODES2025;Día del libro 4.0;Primaria;Tercer ciclo;10-12 años;Makey Makey;FICHA DE LECTURA 4.0;https://view.genially.com/68da7b94b13a50138a910769;Educación Primaria, Makey Makey, Fomento de la lectura, Programación, Pensamiento computacional, Trabajo cooperativo, EFECODES;"FICHA DE LECTURA 4.0

Contacto

DIFUNDE Y COMPARTE EL TRABAJO EN EL AULA CON EL HASHTAG #EFECODES40

Dispositivo Makey Makey

Nivel y etapa 2º y 3er ciclo Primaria

Evento Día Internacional del Libro

Recursos para implementarla

Desarrollo

Evidencias

Descripción

+ info

+ info

+ info

+ info

Servicio de Innovación educativa de JCCM
Descripción de la actividad

La actividad ""Ficha de lectura 4.0"" es una propuesta del Servicio de Innovación Educativa de JCCM que tiene como objetivo trabajar la comprensión lectora, la expresión oral y escrita del alumnado, a la vez que se profundiza en el uso de uno de los dispositivos del programa Escuela 4.0 Con esta actividad, además se pretende potenciar el pensamiento computacional del alumnado, y la expresión artística, promoviendo además el trabajo cooperativo y el uso significativo de la tecnología en contextos literarios.

Contacto

nombre@mail.com

innovacion.edu@jccm.es
Recursos materiales
Instrucciones
Modelos Ficha
Encuadernadores
Cartulina
Placa Makey Makey
Scratch 3.0
PC o Tablet con adaptador
Estarán disponibles en breve
Desarrollo de la actividad

La actividad se desarrolla en varias fases y combina lectura, escritura creativa, programación y expresión oral: Lectura del libro: El alumnado realiza la lectura individual o en grupo del libro seleccionado. Durante esta fase se trabajan la comprensión, la identificación de personajes, escenarios, valores y mensajes principales. Preparación del guion: Tras la lectura, el alumnado elabora un guion con los elementos que formarán parte de la ficha interactiva. En esta etapa se decide qué partes del texto activarán una respuesta sonora o visual, y qué tipo de mensaje se quiere transmitir (resumen, descripción de personajes, opinión, curiosidad, etc.). Programación y grabación del audio: Usando Scratch y la placa Makey Makey, el alumnado programa las respuestas que se activarán al tocar los distintos elementos de la ficha. Pueden grabar sus propias voces para narrar fragmentos, responder preguntas o añadir efectos sonoros. Añadir elementos visuales (fase opcional): Finalmente, los estudiantes pueden enriquecer la ficha incorporando imágenes, ilustraciones o animaciones en Scratch, de forma que la experiencia lectora resulte más atractiva y completa. Resultado final: una ficha de lectura que cobra vida al tocarla, integrando lectura comprensiva, creatividad, programación y expresión oral de manera motivadora y significativa.";La actividad se desarrolla en varias fases y combina lectura, escritura creativa, programación y expresión oral: Lectura del libro: El alumnado realiza la lectura individual o en grupo del libro seleccionado.
EFECODES2025;Día del libro 4.0;Primaria;Tercer ciclo;10-12 años;Makey Makey;BIBLOTECNIA: CUANDO EL PAPEL DESPIERTA;https://view.genially.com/69aa91b124631834870b7485;Educación Primaria, Makey Makey, Fomento de la lectura, Robótica educativa, Programación, Pensamiento computacional, STEAM, EFECODES;"BIBLOTECNIA: CUANDO EL PAPEL DESPIERTA

Contacto
DIFUNDE Y COMPARTE EL TRABAJO EN EL AULA CON EL HASHTAG #EFECODES40

Dispositivo

Etapa

Evento

2º Y 3º CICLO DE PRIMARIA

MAKEY MAKEY

DÍA DEL LIBRO

Desarrollo

Descripción

Recursos para implementarla

Experiencias en centros

+ info

+ info

+ info

+ info

Servicio de Innovación educativa de JCCM

#EFECODES40
Descripción de la actividad

La actividad BIBLIOTECNIA. CUANDO EL PAPEL DESPIERTA es una propuesta del servicio de Innovación de Educativa de JCCM que tiene como objetivos:

    Conmemorar el día del libro
    Fomentar el hábito lector
    Mejorar la comprensión y el análisis a través de la creación de un diorama de una obra literaria infantil
    Transmitir que la lectura no es un acto pasivo sino creativo
    Potenciar el pensamiento computacional como estrategia de resolución de problemas más allá de la robótica y la programación.

Actividad realizada por Teresa Ciudad Camacho Imagen placa makey: jayahimsa en Flickr.com Imagen de polican generada por Gemini Personajes de Polica´n propiedad de Dav Pilkey / Scholastic Inc Imagen Scratch wikicommons

Contacto

nombre@mail.com

Para cualquier duda contacta con tu DTDR de referencia
Recursos materiales
Scratch 3.0
Guía docente
Ordenador o tablet
Todo lo que necesitas para crear el diorama
Estarán disponibles en breve
Desarrollo de la actividad

Vamos a transformar la lectura tradicional en una experiencia interactiva y multisensorial. El alumnado diseñará y construirá un diorama tecnológico basado en el universo de Policán (Dav Pilkey), utilizando técnicas de dibujo, montaje en 3D y programación básica con la placa Makey Makey.

Primera sesión: Preparar el escenario y conocer al autor. Pintar plantillas, doblar y pegar los dinstintos elementos del diorama Segunda sesión: Ingeniería en papel. Recorte y montaje de edificios, preparación tecnológica para que los personajes conduzcan la electricidad Tercera sesión: Conexión de la placa y programación de los bloques en Scratch. Comienza el espectáculo.";Vamos a transformar la lectura tradicional en una experiencia interactiva y multisensorial. El alumnado diseñará y construirá un diorama tecnológico basado en el universo de Policán (Dav Pilkey), utilizando técnicas de dibujo, montaje en 3D y programación básica con la placa Makey Makey.
EFECODES2025;Día del libro 4.0;Primaria;Tercer ciclo;10-12 años;Codey Rocky;DUELO DE HECHIZOS CON CODEY ROCKY;https://view.genially.com/69c582d6bc2fab997e3e38d9;Educación Primaria, Codey Rocky, Fomento de la lectura, Robótica educativa, Programación, Pensamiento computacional, Trabajo cooperativo, EFECODES;"DUELO DE HECHIZOS CON CODEY ROCKY

Contacto

DIFUNDE Y COMPARTE EL TRABAJO EN EL AULA CON EL HASHTAG #EFECODES40

Nivel y etapa

Dispositivo

Evento

CODEY ROCKY

2º Y 3º CICLO PRIMARIA

Día Internacional del Libro

Recursos para implementarla

Desarrollo

Descripción

Evidencias

+ info

+ info

+ info

+ info

Servicio de Innovación educativa de JCCM
Descripción de la actividad

¡Magia y Robótica: Duelo de Hechizos con Codey Rocky! Para celebrar el Día del Libro de una forma verdaderamente mágica, presentamos una actividad que une el universo literario de Harry Potter con el pensamiento computacional. En esta propuesta, diseñada para el 2º Y 3º ciclo de Primaria, los alumnos transformarán el robot Codey Rocky en una auténtica varita interactiva. ¿En qué consiste la actividad? A través de la programación por bloques (mBlock), los estudiantes descubrirán el funcionamiento de los sensores de movimiento (giroscopios y acelerómetros). Su misión será programar el robot para que detecte sus gestos físicos y reaccione en consecuencia: Agitar la varita: Lanza un Expelliarmus (luz roja y sonido de duelo). Apuntar al cielo: Activa el hechizo Lumos (pantalla iluminada al 100%). Bloqueo lateral: Despliega un Protego (escudo de luz azul). El Reto Extra: El Sombrero Seleccionador Los alumnos más avanzados podrán enfrentarse a un reto de programación adicional: utilizar variables y números aleatorios para que, al pulsar un botón, Codey Rocky decida a qué casa de Hogwarts (Gryffindor, Slytherin, Ravenclaw o Hufflepuff) pertenece cada estudiante. Una propuesta innovadora y divertida para trabajar las Ciencias, la Competencia Digital y la pasión por la lectura, demostrando que la tecnología y la literatura hacen un equipo invencible.

Contacto

nombre@mail.com

Para cualquier duda, contacta con tu DTDR de referencia.
Estarán disponibles en breve
Recursos materiales
Guía
Tablets
Interfaz
Desarrollo de la actividad

Desarrollo de la actividad en el aula: 1. Introducción: Los alumnos descubren cómo funcionan los sensores de movimiento (giroscopio y acelerómetro) usando a Codey Rocky como ejemplo. 2. Programación de hechizos: Mediante mBlock, configuran el robot para que reaccione a distintos gestos físicos de la muñeca (agitar, inclinar hacia arriba o hacia un lado) emitiendo luces y sonidos mágicos (Expelliarmus, Lumos, Protego). 3. Pruebas y depuración: Testean sus ""varitas"" en clase, ajustando los tiempos de espera en el código para que los hechizos se ejecuten uno a uno y no se solapen. 4. Reto extra (Sombrero Seleccionador): Los equipos más rápidos introducen el uso de variables y números aleatorios para que Codey asigne al azar una casa de Hogwarts al pulsar un botón.";Desarrollo de la actividad en el aula: 1. Introducción: Los alumnos descubren cómo funcionan los sensores de movimiento (giroscopio y acelerómetro) usando a Codey Rocky como ejemplo. 2. Programación de hechizos: Mediante mBlock, configuran el robot para que reaccione a distintos gestos físicos de…
EFECODES2025;Día del libro 4.0;Secundaria;ESO;12-16 años;Actividad desconectada;LA BIBLIOTECA BINARIA;https://view.genially.com/69b12b86a09838dccbb059ec;Educación Secundaria, Actividad desconectada, Fomento de la lectura, Gamificación / misterio, Robótica educativa, Programación, Pensamiento computacional, EFECODES;"LA BIBLIOTECA BINARIA

Contacto
DIFUNDE Y COMPARTE EL TRABAJO EN EL AULA CON EL HASHTAG #EFECODES40

Dispositivo

Etapa

Evento

Actividaddesconectada

ESO

DÍA DEL LIBRO

Desarrollo

Descripción

Recursos para implementarla

Experiencias en centros

+ info

+ info

+ info

+ info

Servicio de Innovación Educativa de JCCM

#EFECODES40
Descripción de la actividad

La actividad LA BIBLIOTECA BINARIA es una propuesta del servicio de Innovación de Educativa de JCCM que tiene como objetivos:

    Conmemorar el día del libro
    Potenciar el pensamiento computacional como estrategia de resolución de problemas más allá de la robótica y la programación.
    Conocer mejor cómo se organiza una biblioteca
    Aprender el sistema internacional de ordenación del conocimiento conocido como CDU (clasificación decimal universal)
    Mejorar los conocimientos sobre gestión de datos
    Entender el código binario y el modo de gestión de datos de la máquina

Actividad realizada por Antonio A. Miñán Ortega. Imagen Día del libro. Freepik.com Imagen de Bibliocode generada por Nano Banana pro (dominio público)

Contacto

nombre@mail.com

Para cualquier duda contacta con tu DTDR de referencia
Recursos materiales
Actividad desconectada
Guía docente
Apps para jugar
(No hace falta instalar nada)
Todo lo que necesitas para jugar
Estarán disponibles en breve
Desarrollo de la actividad

La Bibioteca Binaria vincula dos temáticas tan aparentemente distintas como el lenguaje de las máquinas y la literatura a través del código binario y la CDU. Vamos a esconder pistas en algunos libros de la biblioteca de nuestro centro. Para encontrarlas habrá que descodificar un código binario que oculta las signaturas de los libros de la biblioteca, es decir, el lugar donde se encuentran. Todo lo necesario está en el apartado ""recursos para implementarla""

Primer paso. Escondemos las piezas del puzle del logo del día del libro en cuatro libros de la biblioteca Segundo paso. Imprimimos o compartimos las signaturas de los libros que hay que encontrar en código binario de 8 bits (os damos una app para hacerlo) Tercer paso. Cuando el equipo haya encontrado las cuatro piezas del puzle les regalamos un marcapáginas conmemorativo con su nombre en binario (también tenemos una app para hacerlo)";La Bibioteca Binaria vincula dos temáticas tan aparentemente distintas como el lenguaje de las máquinas y la literatura a través del código binario y la CDU. Vamos a esconder pistas en algunos libros de la biblioteca de nuestro centro.
EFECODES2025;Día del libro 4.0;Secundaria;ESO;12-16 años;Actividad desconectada;BIBLIOCODE;https://view.genially.com/69a566978caaced59fd008e4;Educación Secundaria, Actividad desconectada, Fomento de la lectura, Robótica educativa, Programación, Pensamiento computacional, EFECODES;"BIBLIOCODE

Contacto
¿Quién es quién en la biblioteca?
DIFUNDE Y COMPARTE EL TRABAJO EN EL AULA CON EL HASHTAG #EFECODES40

Dispositivo

Etapa

Evento

3º CICLO DE PRIMARIA 1º y 2º de ESO

Actividaddesconectada

DÍA DEL LIBRO

Desarrollo

Descripción

Recursos para implementarla

Experiencias en centros

+ info

+ info

+ info

+ info

Servicio de Innovación educativa de JCCM

#EFECODES40
Descripción de la actividad

La actividad BIBLIOCODE es una propuesta del servicio de Innovación de Educativa de JCCM que tiene como objetivos:

    Conmemorar el día del libro
    Potenciar el pensamiento computacional como estrategia de resolución de problemas más allá de la robótica y la programación.
    Conocer mejor cómo se organiza una biblioteca
    Aprender el sistema internacional de ordenación del conocimiento conocido como CDU (clasificación decimal universal)
    Mejorar los conocimientos sobre gestión de datos
    Comprender y programar cómo se reliza un algoritmo en el mundo real.

Actividad realizada por Antonio A. Miñán Ortega. Imagen Día del libro. Freepik.com Imagen de Bibliocode generada por IA de Canva (dominio público)

Contacto

nombre@mail.com

Para cualquier duda contacta con tu DTDR de referencia
Recursos materiales
Actividad desconectada
Cartas de juego
Guía docente y alumnado
Todo lo que necesitas para jugar
Estarán disponibles en breve
Desarrollo de la actividad

BIBLIOCODE es un juego de cartas muy parecido al ¿Quién es quién?, pero en lugar de buscar personas, vamos a buscar libros y en lugar de características físicas, usaremos los atributos de cada obra (clase CDU, autor, título, época, género, idioma, etc.) Así, además de pasar un buen rato, aprenderemos cómo está organizada una biblioteca y cómo hacer un algoritmo eficiente. Quien logre adivinar el libro del o de la contrincante con menos preguntas, gana .

Primer paso. Imprimimos dos copias de las cartas. Podemos encontrarlas en la guía docente Explicamos qué es la CDU (hay un ficha de instrucciones) Segundo paso. Repartimos dos mazos de treinta cartas a cada jugador. Tercer paso. Cada jugador elige un libro y alternativamente van haciendo preguntas para adivinar el libro del o de la rival. Si os animás, podéis jugar a varias modalidades del juego y hacer las mejoras que se proponen en la guía.";BIBLIOCODE es un juego de cartas muy parecido al ¿Quién es quién?, pero en lugar de buscar personas, vamos a buscar libros y en lugar de características físicas, usaremos los atributos de cada obra (clase CDU, autor, título, época, género, idioma, etc.) Así, además de pasar un buen rato,…
EFECODES2025;Día del libro 4.0;Secundaria;Bachillerato;16-18 años;Python;Python, tu asistente literario;https://view.genially.com/69bbb0f6a1d1b34d90f53adc;Educación Secundaria, Python, Fomento de la lectura, Cultura y patrimonio de CLM, Programación, EFECODES;"Python, tu asistente literario

Contacto

DIFUNDE Y COMPARTE EL TRABAJO EN EL AULA CON EL HASHTAG #EFECODES40

Recurso

Nivel y etapa

Evento

Día internacionaldel libro 23 de abril

4ºESO - Bachillerato

Python

Desarrollo

Descripción

Recursos para implementarla

Evidencias

+ info

+ info

+ info

+ info

Servicio de Innovación educativa de JCCM
Descripción de la actividad

La actividad ""Python, tu asistente literario"" es una propuesta del Servicio de Innovación Educativa de JCCM que tiene como objetivos:

    Desarrollar habilidades básicas de programación en Python.
    Fomentar la creatividad y el pensamiento lógico.
    Conocer el entorno de programación Thonny.
    Utilizar comandos y funciones básicas de Python tales como:
        print().
        input().
        Condicionales if, elseif, else.
        Bucles for.
        Listas.

La actividad contiene su guía de puesta en marcha, con paso a paso, así como propuestas de pequeños desafíos al alumnado.

Actividad realizada por Carlos Lorente Jiménez. Logo Día del libro: Freepik Imagen Cervantes: Cartel día del libro CLM 2016

Contacto

nombre@mail.com

Para cualquier duda, contacta con tu DTDR de referencia.
Recursos materiales
Entorno de desarrollo integrado (IDE) Thonny
Ordenador
Guía programación
Estarán disponibles en breve
Desarrollo de la actividad

Comenzaremos con una introducción sobre el lenguaje de programación Python y el editor que utilizaremos en este taller: Thonny. El taller se desglosa en varias actividades:

Actividad 1: Crea tu propio ""Recomendador de Libros"" en Python Haremos un programa interactivo que pregunte al usuario sus gustos literarios y, basándose en sus respuestas, le recomiende un libro clásico o contemporáneo. Actividad 2: Crea un Quiz Literario en Python Crearemos un cuestionario (quiz) interactivo. Además de repasar el uso de print(), input() y los condicionales (if/else), introduciremos un concepto fundamental en programación: los contadores. Actividad 3: Lista de libros para regalar (Listas y Bucles) Utilizaremos una lista de libros para mostrar recomendaciones, aprenderemos a guardar una colección de libros en una lista diferente y a usar un bucle para mostrar los que has guardado de forma ordenada. Cada actividad cuenta con retos ";"Comenzaremos con una introducción sobre el lenguaje de programación Python y el editor que utilizaremos en este taller: Thonny. El taller se desglosa en varias actividades: Actividad 1: Crea tu propio ""Recomendador de Libros"" en Python Haremos un programa interactivo que pregunte al usuario sus…"
EFECODES2025;Día de Castilla-La Mancha;Infantil;2º ciclo Infantil;3-5 años;Actividad desconectada;PEQUEÑOS VIAJEROS POR CASTILLA-LA MANCHA;https://view.genially.com/69e9d1549db369582ea0e45e;Educación Infantil, Actividad desconectada, Cultura y patrimonio de CLM, Trabajo cooperativo, EFECODES;"""PEQUEÑOS VIAJEROS POR CASTILLA-LA MANCHA""

Contacto

DIFUNDE Y COMPARTE EL TRABAJO EN EL AULA CON EL HASHTAG #EFECODES40

Dispositivo

Etapa

Evento

DESCONECTADA

Educación Infantil y E.E.

DÍA DE CASTILLA-LA MANCHA (31 mayo)

Desarrollo

Descripción

Recursos para implementarla

Evidencias

+ info

+ info

+ info

+ info

Servicio de Innovación educativa de JCCM
Descripción de la actividad

La actividad ""Pequeños viajeros por Castilla-La Mancha"" es una propuesta del Servicio de Innovación Educativa de la JCCM . Es una actividad desconectada, manipulativa, visual y cooperativa dirigida a alumnado de Educación Infantil, donde, a través de un gran mapa vacío, los niños y niñas se convierten en exploradores que descubren las cinco provincias de Castilla-La Mancha, clasificando y colocando imágenes representativas en su lugar correspondiente. Mediante el juego trabajaremos el reconocimiento, identificación y creación de patrones, la observación y el trabajo en equipo, construyen un mural colectivo mientras desarrollan el conocimiento de su entorno, el lenguaje oral y la organización espacial. Realizado por Marino del Saz García

Contacto

nombre@mail.com

Para cualquier duda, contacta con tu DTDR de referencia
Recursos materiales
Adaptaciones ACNEAE
Tarjetas (Imágenes representativas)
Plantilla contorno mapa
Guía
Estarán disponibles en breve

DIFUNDE Y COMPARTE EL TRABAJO EN EL AULA CON EL HASHTAG #EFECODES40
Desarrollo de la actividad

Primer paso. PRESENTAMOS EL MAPA DE CASTILLA-LA MANCHAColocamos en la asamblea el mapa de Castilla La Mancha (contorno de las 5 provincias) y lo observamos . Hacemos preguntas guiadas.

Segundo paso. DESCUBRIMOS IMÁGENES DE LAS PROVINCIAS Mostramos, poco a poco, las imágenes representativas de cada provincia, apoyándonos siempre en la verbalización, el diálogo y la observación.

Tercer paso. CLASIFICAMOS Y AGRUPAMOS Repartimos las imágenes sobre mesas o en el suelo y pedimos al alumnado que, de forma individual o en pequeños grupos, clasifique las imágenes por provincias.

Cuarto paso. COMPONEMOS EL MURAL Una vez clasificadas las imágenes, iremos colocándolas en el lugar correcto del mapa, provincia por provincia.";Primer paso. PRESENTAMOS EL MAPA DE CASTILLA-LA MANCHAColocamos en la asamblea el mapa de Castilla La Mancha (contorno de las 5 provincias) y lo observamos . Hacemos preguntas guiadas. Segundo paso. DESCUBRIMOS IMÁGENES DE LAS PROVINCIAS Mostramos, poco a poco, las imágenes representativas de cada…
EFECODES2025;Día de Castilla-La Mancha;Infantil;2º ciclo Infantil;3-5 años;Bluebot;Exploradores de Castilla-La Mancha;https://view.genially.com/69ee1081720a566dbef8d858;Educación Infantil, Bluebot, Cultura y patrimonio de CLM, EFECODES;No tiene ;No hay transcripción disponible para generar un resumen.
EFECODES2025;Día de Castilla-La Mancha;Infantil;2º ciclo Infantil;3-5 años;mTiny;DECODIFICADORES DE CASTILLA LA MANCHA;https://view.genially.com/6978b1ffc15671bb01d60fdc;Educación Infantil, mTiny, Cultura y patrimonio de CLM, Robótica educativa, Pensamiento computacional, EFECODES;"DECODIFICADORES DE CASTILLA LA MANCHA

Contacto
DIFUNDE Y COMPARTE EL TRABAJO EN EL AULA CON EL HASHTAG #EFECODES40

Dispositivo

Etapa

Evento

31 DE MAYO DÍA DE CASTILLA LA MANCHA.
MTINY

PRIMER CICLO PRIMARIA

Desarrollo

Descripción

Recursos para implementarla

Evidencias

+ info

+ info

+ info

+ info

Servicio de Innovación educativa de JCCM
Descripción de la actividad
La actividad: decodificadores de Castilla-La Mancha es una propuesta del Servicio de Innovación Educativa de JCCM que tiene como objetivos:

    Conocer el patrimonio oculto de Castilla-La Mancha.
    Fomentar la resolución colaborativa de problemas.
    Mejora de las habilidades de observación y procesamiento de la información.
    Desarrollo del pensamiento computacional.

Es una actividad que me permite trabajar contenidos del área de conocimiento del medio de una forma lúdica. La actividad contiene su guía de puesta en marcha, con paso a paso y el material necesario.Actividad realizada por Teresa Ciudad Camacho.

Contacto

nombre@mail.com

innovacion.edu@jccm.es
Recursos materiales
Audios
Estarán disponibles en breve
Desarrollo de la actividad

¡Lo invisible también cuenta! Esta propuesta pretende ayudar a desarrollar los sentidos de nuestros estudiantes y celebrar el día de nuestro comunidad de una forma diferente.

A lo largo de la actividad, destacaremos el patrimonio relevante, a menudo no visible, de las cinco provincias. Nos enfocaremos en los sentidos de nuestros estudiantes y en fomentar la conciencia cultural, resaltando la importancia de conservar nuestro patrimonio. Incorporaremos recursos diversos que faciliten el trabajo tanto en desconexión como mediante el uso de la robótica educativa, y también podremos ampliar el conocimiento hacia la heráldica de nuestra comunidad. Contexto: Patrimonio cultural. Material: Mtiny/bluebot y pllantilla guía.";¡Lo invisible también cuenta! Esta propuesta pretende ayudar a desarrollar los sentidos de nuestros estudiantes y celebrar el día de nuestro comunidad de una forma diferente. A lo largo de la actividad, destacaremos el patrimonio relevante, a menudo no visible, de las cinco provincias.
EFECODES2025;Día de Castilla-La Mancha;Infantil;2º ciclo Infantil;3-5 años;mTiny;mTINO   Y   mTENA   EN   CLM;https://view.genially.com/69ef89b812da42903b3ef0de;Educación Infantil, mTiny, Cultura y patrimonio de CLM, Robótica educativa, Programación, EFECODES;"mTINO Y mTENA EN CLM

Contacto

Difunde y comparte el trabajo en el aula con el hashtag #efecodes40

31 MAYODÍA DE CASTILLA LA MANCHA

Evento

EDUCACIÓN INFANTIL

Dispositivo
MTINY

Etapa

Desarrollo

Descripción

Recursos para implementarla

Experiencias en centros

+ info

+ info

+ info

+ info

Servicio de Innovación educativa de JCCM
Descripción de la actividad

La actividad ""mTINO Y mTENA EN CLM"" es una propuesta del Servicio de Innovación Educativa de JCCM que tiene como objetivo utilizar mTINY para trabajar la robótica y la secuenciación mediante los movimientos del dispositivo por el tapete. El 31 de mayo se celebra el día de Castilla La Mancha, por lo que vamos a utilizar esta efeméride para dar a conocer algunas de las maravillas que nos podemos encontrar en nuestra región al tiempo que pretendemos potenciar el conocimiento de la cultura, identidad y tradiciones de estas tierras. Y todo ello a través del robot mTiny, de forma gamificada, atractiva y participativa.

Realizado por jjtg17@educastillalamancha.es

Contacto

nombre@mail.com

innovacion.edu@jccm.es
Recursos materiales
Guía programación
Tapetes
MTINY
Material impreso
Panel interactivo

Experiencias en el aula compartidas por los centros CON EL HASHTAG #EFECODES40
Estarán disponibles en breve
Desarrollo de la actividad

Vamos a celebrar el 31 DE MAYO el día de CASTILLA LA MANCHA de una manera especial utilizando el robot mTiny. Para ello utilizamos símbolos, productos, lugares, monumentos, costumbres, tradiciones y algo más que muestran la identidad de la comunidad. Queremos que los más jóvenes del colegio conozcan esas señas que nos hacen únicos, además de trabajar contenidos de los ámbitos de educación infantil.

Primer paso. Explicamos por qué se celebra el 31 de mayo el día de Castilla La Mancha, nuestra tierra. Segundo paso. Leemos la carta de motivación de la actividad y selecionamos uno de los temás a tratar (escudos, juegos, lugares, monumentos, productos, gastronomía...) Tercer paso. Colocamos las fichas en el tapete. Los alumnos deben llevar a mTino o mTena a una de ellas mediante la programación correspondiente. Cuarto paso. Exponemos la información sobre ese contenido y lo relacionamos con la experiencia de nuestro alumnado. Podemos ampliar la información si lo consideramos necesario.";Vamos a celebrar el 31 DE MAYO el día de CASTILLA LA MANCHA de una manera especial utilizando el robot mTiny. Para ello utilizamos símbolos, productos, lugares, monumentos, costumbres, tradiciones y algo más que muestran la identidad de la comunidad.
EFECODES2025;Día de Castilla-La Mancha;Primaria;Tercer ciclo;10-12 años;Actividad desconectada;¡ ENTRE MOLINOS Y PANES !;https://view.genially.com/69e5d4bd024f859f6fd9742f;Educación Primaria, Actividad desconectada, Cultura y patrimonio de CLM, Pensamiento computacional, EFECODES;"¡ ENTRE MOLINOS Y PANES !

Contacto

DIFUNDE Y COMPARTE EL TRABAJO EN EL AULA CON EL HASHTAG #EFECODES40

ACTIVIDADES DESCONECTADAS DE PENSAMIENTO COMPUTACIONAL

Nivel y Etapa

Efeméride

PRIMARIA- 2º CICLO - 3er CICLO

DÍA 31 DE MAYO DÍA DE CASTILLA LA MANCHA

Imagen de pikisuperstar en Freepik

Desarrollo

Descripción

Recursos para implementarla

Evidencias

+ info

+ info

+ info

+ info

Servicio de Innovación educativa de JCCM
Descripción de la actividad

La actividad de ENTR MOLINOS Y PANES es una propuesta del Servicio de Innovación Educativa de JCCM que tiene como objetivo Desarrollar el pensamiento Computacional en primaria.
El Día 31 de mayo se celebra el DÍA DE CASTILLA LA MANCHA. porque un 31 de mayo de 1983 se constituyeron las primeras Cortes Generales, en Toledo. El órgano esencial para desarrollar el Estatuto de Autonomía de nuestra región. La actividad está diseñada para alumnado de 2º y 3er ciclo de primaria y puede ser desarrollada en una sesión, por lo que supone una forma ágil de trabajar la descomposición, secuenciación y lógica de patrones. Son tres retos cada uno imprimible en su hoja-folio RETO A: las piezas del molino tienen un valor numérico. ¿Qué dos molinos tienen en mismo valor? RETO B: las piezas del molino se mueven siguiendo una secuencia y con un molino en blanco, deben dibujar y colorear el molino correcto. RETO C: la molienda de la harina de trigo da como resultado unos panes que asociados a unas coordenadas, siguen una secuencia que al alumnado tendrá que completar. Dentro del Currículo de Primaria, siguiendo el D81/2022 de CLM, se trabajan en .MATEMÁTICAS: La competencia específica 4 : Utilizar el pensamiento computacional con datos y patrones. Dentro del Bloque de SABERES BÁSICOS D. SENTIDO ALGEBRAICO. 4. Pensamiento computacional. Realizado por Sérvulo Muñoz

Contacto

nombre@mail.com

Contactar con su DTDR de referencia
Recursos materiales
Guía y Soluciones
PIZARRA DIGITAL
FICHAS-IMPRIMIBLES
Si se explica mientras se proyecta, el alumnado lo entenderá a la perfección.
IMPORTANTE: se pueden hacer en el orden que se quiera
Estarán disponibles en breve
¡Desarrolla la actividad en solo una sesión!

El alumnado trabajará individualmente sobre la plantilla que previamente le ha impreso y repartido el docente. Se pueden realizar en el orden que se prefiera o realizar una sola.

ACTIVIDAD 1

ACTIVIDAD 2

ACTIVIDAD 3

El diseño en blanco y negro está pensado para ahorrar tinta y que sea el alumnado el que coloree.";La actividad de ENTR MOLINOS Y PANES es una propuesta del Servicio de Innovación Educativa de JCCM que tiene como objetivo Desarrollar el pensamiento Computacional en primaria. El Día 31 de mayo se celebra el DÍA DE CASTILLA LA MANCHA.
EFECODES2025;Día de Castilla-La Mancha;Primaria;Tercer ciclo;10-12 años;Codey Rocky;DON CODEY ROCKY DE LA MANCHA;view.genially.com/69eb48b4f1a89625899fc523;Educación Primaria, Codey Rocky, Fomento de la lectura, Cultura y patrimonio de CLM, Robótica educativa, Programación, EFECODES;"DON CODEY ROCKY DE LA MANCHA

Contacto

DIFUNDE Y COMPARTE EL TRABAJO EN EL AULA CON EL HASHTAG #EFECODES40

Recurso

Nivel y etapa

Evento

Codey Rocky-mBlock

Día de Castilla La-Mancha31 de mayo

Segundo y Tercer Ciclo Pimaria

Desarrollo

Descripción

Recursos para implementarla

EXPERIENCIAS EN CENTROS:

+ info

+ info

+ info

+ info

Servicio de Innovación educativa de JCCM
Descripción de la actividad

    La actividad ""Don Codey Roky de la Mancha"" es una propuesta del Servicio de Innovación Educativa de JCCM que tiene como objetivos:

Para conmemorar el día de Castilla-La Mancha vamos a realizar una actividad trabajando y profundizando con los alumnos/as en tres contenidos.

    Capítulos XXV y XXVI de la segunda parte del Quijote.
        Lectura y visualización episodio
    Ópera escrita por Manuel de Falla basada en la misma historia.
        Profundización personajes ópera, instrumentación, investigación 
    Programación y robótica con Codey Rocky
        Sigue líneas ruta paisaje Castilla La-Mancha
        Programación sinfonía tema ""Maese Pedro""

    La actividad contiene su guía de puesta en marcha, con paso a paso.

Actividad realizada por Javier Sanz Segoviano Imagen Quijote: Cartel Promoción Turística CLM

Contacto

nombre@mail.com

Para cualquier duda, contacta con tu DTDR de referencia.
Recursos materiales
Codey Rocky y mBlock para programación
Ordenador
Guía programación
EXPERIENCIAS COMPARTIDAS POR LOS CENTROS HASHTAG #EFECODES40
Desarrollo de la actividad

En esta actividad pedagógica para conmemorar el día de Castilla-La Mancha vamos a mezclar tres aspectos: -Capítulos XXV y XXVI de la segunda parte del Quijote. Lectura, análisis de personajes, visionado episodio, relación con la comunidad autónoma. -Ópera escrita por Manuel de Falla basada en la misma historia. Personajes, construcción de títeres, investigación sobre aspectos relevantes. -Programación y robótica con Codey Rocky. programar sigue líneas por recorrido paisaje Castilla-La Mancha, programar partitura sinfonía principal ""Maese Pedro"" Contexto: Retablo de títeres Material: Codey Rocky, plantilla, guía (recursos). Programa a través de mBlock";En esta actividad pedagógica para conmemorar el día de Castilla-La Mancha vamos a mezclar tres aspectos: -Capítulos XXV y XXVI de la segunda parte del Quijote. Lectura, análisis de personajes, visionado episodio, relación con la comunidad autónoma.
EFECODES2025;Día de Castilla-La Mancha;Primaria;Tercer ciclo;10-12 años;Lego Spike;AUTOBÚS TURÍSTICO DE CASTILLA LA MANCHA;https://view.genially.com/69ef9b5f06ef9583c06ce18b;Educación Primaria, Lego Spike, Cultura y patrimonio de CLM, Robótica educativa, Programación, Pensamiento computacional, EFECODES;"AUTOBÚS TURÍSTICO DE CASTILLA LA MANCHA

Contacto

DIFUNDE Y COMPARTE EL TRABAJO EN EL AULA CON EL HASHTAG #EFECODES40

Nivel y etapa

Dispositivo

Evento

LEGO SPIKE PRIME

2º Y 3º CICLO PRIMARIA

Día de Castilla La Mancha 31 de mayo

Recursos para implementarla

Desarrollo

Descripción

Evidencias

+ info

+ info

+ info

+ info

Servicio de Innovación educativa de JCCM
Descripción de la actividad

La actividad plantea a los estudiantes el reto de diseñar, construir y programar un ""autobús turístico"" autónomo utilizando el material de robótica LEGO SPIKE Prime. El proyecto integra el aprendizaje de la programación con el descubrimiento y la puesta en valor de la gran riqueza cultural y patrimonial de la región.Funcionamiento del proyecto: Detección del entorno: el autobús se desplaza por un recorrido estructurado y utiliza un sensor de color para identificar diferentes ""paradas"" a lo largo de la ruta, las cuales están representadas por postes hechos con bloques de colores distintos. Acciones e interactividad: Cuando el sensor detecta el color correspondiente a una parada, el vehículo se detiene automáticamente. A continuación, reproduce un audio informativo sobre un monumento o lugar destacado de Castilla La Mancha y, una vez finalizada la explicación, retoma su camino hacia el siguiente destino.En resumen, es una actividad transversal que permite trabajar áreas como las Ciencias Sociales (historia y geografía local), el Pensamiento Computacional (uso de secuencias y sensores físicos) y la Competencia Digital (interacción hardware-software y grabación de audios propios).

Contacto

nombre@mail.com

Para cualquier duda, contacta con tu DTDR de referencia.
Estarán disponibles en breve
Recursos materiales
Guía docente
Instrucciones montaje
Tablet u ordenador
Interfaz
Desarrollo de la actividad

Desarrollo de la actividad en el aula: 1. Introducción y planteamiento: La sesión arranca con un debate sobre cómo saben los sistemas de los autobuses turísticos cuándo reproducir la información de un monumento, introduciendo así el concepto de los sensores de color y la automatización. 2. Construcción y escenario: Los alumnos asumen el rol de ingenieros para construir su autobús con LEGO SPIKE Prime, asegurándose de instalar el sensor de color en la parte lateral. Paralelamente, pueden crear un recorrido con cartulinas y colocar carteles con imágenes en cada posta. 3. Programación del recorrido: Utilizando el software por bloques, configuran primero el avance continuo del vehículo. Luego, programan eventos condicionales para cada parada: al detectar un color específico, el autobús debe detenerse, mostrar el nombre del lugar en la matriz y reproducir el audio explicativo grabado por el equipo. 4. Pruebas y depuración: Por último, los estudiantes ponen a prueba su código en el escenario, teniendo que ajustar variables como la velocidad de movimiento si el sensor lee el color dos veces o si se salta alguna parada, garantizando que reanude la marcha tras cada audio";Desarrollo de la actividad en el aula: 1. Introducción y planteamiento: La sesión arranca con un debate sobre cómo saben los sistemas de los autobuses turísticos cuándo reproducir la información de un monumento, introduciendo así el concepto de los sensores de color y la automatización. 2.
EFECODES2025;Día de Castilla-La Mancha;Primaria;Tercer ciclo;10-12 años;SamLabs;Energía solar en Castilla-La Mancha;https://view.genially.com/69ef3a93e2e4837b02fe43df;Educación Primaria, SamLabs, Cultura y patrimonio de CLM, Pensamiento computacional, EFECODES;"Energía solar en Castilla-La Mancha

Contacto
DIFUNDE Y COMPARTE EL TRABAJO EN EL AULA CON EL HASHTAG #EFECODES40

Dispositivo

Etapa

Evento

SAMLABS

2º y 3º ciclo de primaria

DÍA DE CASTILLA-LA MANCHA

Desarrollo

Descripción

Recursos para implementarla

Experiencias en centros

+ info

+ info

+ info

+ info

Servicio de Innovación Educativa de JCCM

#EFECODES40
Descripción de la actividad

La actividad Energía Solar en Castilla-La Mancha es una propuesta del servicio de Innovación de Educativa de JCCM que tiene como objetivos:

    Destacar una de las actividades industriales en las que Castilla-La Mancha es sobresaliente: la energía solar.
    Conmemorar el día de Castilla-La Mancha
    Comprender la lógica de los circuitos eléctricos y las conexiones inalámbricas
    Fomentar el trabajo el equipo
    Abordar problemas de la vida contidiana usando pensamiento computacional

Actividad realizada por Antonio A. Miñán Ortega. Imagen de Samlabs obtenida de Robotix.es

Contacto

nombre@mail.com

Para cualquier duda contacta con tu DTDR de referencia
Recursos materiales
Plataforma SamStudio
Guía para docentes y alumando
SamLabs
Se accede desde Educamosclm
Estarán disponibles en breve
Desarrollo de la actividad

Con este EFECODE40 queremos destacar una de las actividades industriales en las que Castilla-La Mancha es sobresaliente: la energía solar. Vamos a utilizar un dispositivo que tenéis en todos los centros de Castilla-La Mancha llamado Samlabs para simular uelna instalación fotovoltaica que es capaz de mover el motor de una fábrica, por ejemplo.

Paso 1 Accede a SamStudio y programar los sensores y actuadores. Sensor de luz, motor DC y LED rgb. Paso 2: Hacer el montaje de un máquina que funcionará, si el sensor de luz detecta una cierta intensidad y se parará, si no. Todos los pasos e instrucciones están en la guía docente/alumnado disponible en el apartado ""recursos""";Con este EFECODE40 queremos destacar una de las actividades industriales en las que Castilla-La Mancha es sobresaliente: la energía solar. Vamos a utilizar un dispositivo que tenéis en todos los centros de Castilla-La Mancha llamado Samlabs para simular uelna instalación fotovoltaica que es capaz…
EFECODES2025;Día de Castilla-La Mancha;Secundaria;ESO;12-16 años;Actividad desconectada;CODING DULCINEA;https://view.genially.com/69f1db9b404f103e236209c3;Educación Secundaria, Actividad desconectada, Fomento de la lectura, Cultura y patrimonio de CLM, Programación, Pensamiento computacional, EFECODES;"CODING DULCINEA

Contacto
DIFUNDE Y COMPARTE EL TRABAJO EN EL AULA CON EL HASHTAG #EFECODES40

Etapa

Evento

Dispositivo

3º CICLO DE PRIMARIA 1º,2º Y 3º DE ESO

DÍA DE CASTILLA-LA MANCHA

TABLET U ORDENADOR

(Videojuego)

Desarrollo

Descripción

Recursos para implementarla

Experiencias en centros

+ info

+ info

+ info

+ info

Servicio de Innovación Educativa de JCCM

#EFECODES40
Descripción de la actividad

La actividad Coding Dulcinea es una propuesta del servicio de Innovación de Educativa de JCCM.Se trata de un pequeño video juego que consiste en llevar a Don Quijote hasta El Toboso usando reglas sencillas de pensamiento computacional. Tiene como objetivos:

    Conmemorar el día de Castilla-La Mancha
    Abordar el concepto de algorítimica
    Profundizar en la dimesión abstractiva del pensamiento computacional
    Trabajar la eficiencia de la planificación de una ruta
    Concocer un poco mejor la obra de Cervantes

Actividad realizada por Antonio A. Miñán Ortega con la inestimable colaboración de Lucía Serrano Palomo Iconos del juego adaptados de flaticon.

Contacto

nombre@mail.com

Para cualquier duda contacta con tu DTDR de referencia
Recursos materiales
Ordenador o Tablet
Acceso al videoJuego CODING DULCINEA
Estarán disponibles en breve
Desarrollo de la actividad

Con este EFECODE40 queremos celebrar el día de Castilla-La Mancha con un sencillo video juego que pone en práctica nuestos conocimientos de pensamiento computacional. El caballero digital Don Quijote ha perdido la cabeza de tanto leer libros de código, así que tenemos que ayudarle a encontrar a Dulcinea.

Solo hay que abrir el enlace que encontraréis en la sección ""recursos"" y seguir las instrucciones. Ayudaremos a Don Quijote a llegar a El Toboso desde Alcázar de San Juan evitando los ""gigantes"" de Campo de Criptana. Para ello habrá elegir un grado de dificultad y planificar la ruta saltando rebaños y esquivando molinos. Hay que tener en cuenta el límite de pasos y de energía para planificar bien el camino. Puedes comer queso o parar en una venta para recobrar las fuerzas y alcanzar finalmente El Toboso. ""Non fuyades crueles e viles criaturas, que un solo caballero es el que os acomete""";Con este EFECODE40 queremos celebrar el día de Castilla-La Mancha con un sencillo video juego que pone en práctica nuestos conocimientos de pensamiento computacional. El caballero digital Don Quijote ha perdido la cabeza de tanto leer libros de código, así que tenemos que ayudarle a encontrar a…
EFECODES2025;Día de Castilla-La Mancha;Secundaria;"ESO; Bachillerato";12-18 años;Cyberpi;CyberPi Manchega;https://view.genially.com/69dc947c14b79fce57912563;Educación Secundaria, Cyberpi, Fomento de la lectura, Cultura y patrimonio de CLM, Programación, EFECODES;"CyberPi Manchega

Contacto

DIFUNDE Y COMPARTE EL TRABAJO EN EL AULA CON EL HASHTAG #EFECODES40

Recurso

Nivel y etapa

Evento

Día de Castilla la Mancha 31 de mayo

4ºESO - Bachillerato - CFGM

CyberPi + Python

Desarrollo

Descripción

Recursos para implementarla

Evidencias

+ info

+ info

+ info

+ info

Servicio de Innovación educativa de JCCM
Descripción de la actividad

La actividad ""CyberPi Manchega"" es una propuesta del Servicio de Innovación Educativa de JCCM. Se plantean una serie de actividades cortas donde, a través del lenguaje de programación Python, se exploran las diferentes posibilidades que nos ofrece la CyberPi en su pantalla, la iluminación de su barra de LEDs y alguno de sus sensores (luz, sonido, acelerómetro/giroscopio). Objetivos:

    Desarrollar habilidades básicas de programación en Python.
    Aplicar código Python al dispositivo CyberPi.
    Utilizar los principales sensores de la CyberPi:

        sensor de sonido.
        sensor de luz.
        acelerómetro / giroscopio.

Actividad realizada por Carlos Lorente Jiménez. Imagen Quijote: Cartel Promoción Turística CLM

Contacto

nombre@mail.com

Para cualquier duda, contacta con tu DTDR de referencia.
Recursos materiales
Plataforma de programación mBlock
Ordenador
Guía programación
CyberPi
Estarán disponibles en breve
Desarrollo de la actividad

Comenzaremos con una introducción sobre el lenguaje de programación Python y la interfaz de mBlock. El taller se desglosa en varias actividades:

Actividad 1: Pon luces a la bandera. la CyberPi tiene 5 LEDs en línea. Vamos a encender estos LEDs simulando los colores de la bandera de CLM. Actividad 2: El molino de viento (sensor de sonido). Haremos un programa de tal manera que si soplamos fuerte al micrófono los LEDs cambiarán de color y girarán como las aspas de un molino. Además, sonará un efecto de sonido. Actividad 3: El Sol de la Mancha (sensor de luz). El verano en La Mancha es conocido por su sol intenso y sus campos de trigo. Si tapamos el sensor de luz con el dedo la pantalla cambiará a un modo ""nocturno"". Actividad 4: El giro de la quebrantatinajas (acelerómetro). Vamos a usar el giroscopio para detectar si agitamos la placa. Si la agitamos, sonará un sonido de rotura o sorpresa, como si se hubiera caído una tinaja. Cada actividad cuenta con retos para ampliar lo aprendido.";Comenzaremos con una introducción sobre el lenguaje de programación Python y la interfaz de mBlock. El taller se desglosa en varias actividades: Actividad 1: Pon luces a la bandera. la CyberPi tiene 5 LEDs en línea. Vamos a encender estos LEDs simulando los colores de la bandera de CLM.
EFECODES2025;Día de Castilla-La Mancha;Secundaria;ESO;12-16 años;Microbit;Conector CLM;https://view.genially.com/69df4d98142c3c6519164564;Educación Secundaria, Microbit, Cultura y patrimonio de CLM, Programación, EFECODES;"Conector CLM

Contacto
DIFUNDE Y COMPARTE EL TRABAJO EN EL AULA CON EL HASHTAG #EFECODES40

Dispositivo

Nivel y etapa

Evento

Micro:bit

Día de Castilla La Mancha

1º, 2º y 3º ESO

Desarrollo

Descripción

Recursos para implementarla

Evidencias

+ info

+ info

+ info

+ info

Servicio de Innovación educativa de JCCM
Descripción de la actividad

La actividad ""Conector CLM"" es una propuesta del Servicio de Innovación Educativa de JCCM que tiene como objetivos:

    Celebrar el Día de la comunidad de Castilla La Mancha (31 de mayo).
    Programar la tarjeta micro:bit combinada con la pantalla LCD.
    Fomentar la creatividad y el pensamiento lógico.

El reto consiste en montar y programar un juego de preguntas utilizando la tarjeta micro:bit y la pantalla LCD 1602, de forma que cada vez que se muestre una información en la pantalla del display LCD el alumno indique qué capital de provincia es.
Actividad realizada por Javier Rubio Claramonte email: jjrc19@educastillalamancha.es

Contacto

nombre@mail.com

Para cualquier duda, contacta con tu DTDR de referencia.
Recursos materiales
Ordenador con con conexión a internet
Guía programación
Micro:bit
Descargas
Makecode

Será necesario entrar en el entorno de programación de Makecode.
Mapa CLM
Estarán disponibles en breve
Desarrollo de la actividad

En esta actividad el alumnado programará la tarjeta micro:bit en el entorno de programación makecode para desarrollar un juego de preguntas utilizando la tarjeta micro:bit y la pantalla LCD 1602, de forma qué cada vez que se muestre una informaciónen la pantalla del display LCD el alumno indique qué capital de provincia es. Al acertar saldrá el mensaje ""CORRECTO"" en la pantalla del LCD y se emitirá un sonido por el altavoz y al fallar aparecerá el mensaje ""INCORRECTO"" y se emitirá otro sonido por el altavoz.

    Introducción.
    Montaje de la aplicación. Cableado de todos los elementos de la aplicación: micro:bit, pantalla LCD 1602 y altavoz.
    Programación de la aplicación Conector CLM.
    Solución y mejoras.";En esta actividad el alumnado programará la tarjeta micro:bit en el entorno de programación makecode para desarrollar un juego de preguntas utilizando la tarjeta micro:bit y la pantalla LCD 1602, de forma qué cada vez que se muestre una informaciónen la pantalla del display LCD el alumno indique…
INNOVARETOS2025;InnovaRetos CLM (Fase I);"Infantil; Primaria";"2º ciclo Infantil; Primer ciclo; EBO";3-16 años;Actividad desconectada;Crea la herramienta mágica.;https://view.genially.com/694a518d6ceca192264106c3/interactive-content-entrenamiento-desconectado-1-crea-la-herramienta-magica;Educación Infantil, Actividad desconectada, Entrenamiento, Gamificación / misterio, Robótica educativa, Programación, Pensamiento computacional, Trabajo cooperativo, INNOVARETOS;"CATEGORÍA KID
Actividad desconectada
Entrenamiento 1
Crea la herramienta mágica

Reto: La lupa mágica de Miss Miauple
Edad recomendada: A partir de 3 años
GUÍA DIDÁCTICA

Descripción

Desarrollo
Temporalización: 3-4 sesiones (50 min.)

Objetivos

Materiales
Área / materia: Crecimiento en armonía Educación Artística Comunicación y representación

Vídeos
Recursos: Cody Feet
Entrenamiento 1: Crea la herramienta mágica
DESCRIPCIÓN

Este entrenamiento forma parte del reto “La lupa mágica de Miss Miauple”, una propuesta del Servicio de Innovación Educativa de JCCM que tiene como objetivo iniciar al alumnado en el Pensamiento Computacional desconectado. Ayudados por la herramienta Cody Feet, introduciremos a nuestro alumnado en el uso de secuencias lógicas, condicionales y resolución de problemas. Cody Feet es un método de codificación y juego desconectado (o desenchufado) diseñado principalmente para alumnos de Educación Infantil (3 a 5 años). Esta actividad se desarrolla sobre un tablero o cuadrícula grande en el suelo por el que los alumnos se mueven, actuando como robots que siguen las instrucciones.Estos entrenamientos están pensados para gran grupo, aunque posteriormente, se puede trabajar en pequeño grupo o incluso de forma individual. El desarrollo principal tiene una duración estimada de entre 2 y 3 sesiones de trabajo; sin embargo, queda a voluntad del docente el alargar su duración si así lo cree conveniente. Accede a la guía didáctica completa:

Codey Feet

Obra publicada con Licencia Creative Commons CC BY-NC-SA InnovaRetosCLM 2025 – Servicio de Innovación Educativa de JCCM

Volver
Entrenamiento 1: Crea la herramienta mágica

Sesión 1

Sesión 2
DESARROLLO - SESIÓN 1

El entrenamiento comienza con una actividad de motivación inicial. Se lleva a cabo la visualización del vídeo introductorio añadiéndole algo de misterio. Se presentan los personajes Lagatha Christie, Herclaw Poirot y Miss Miauple.Aprovechamos el vídeo para preguntar al alumnado si conocen a estos animales y si están dispuestos a trabajar con ellos para resolver el misterio propuesto.Continuamos la sesión con un desafío, recomponer la Lupa mágica de Miss Miauple. Para ello, les explicamos que nuestra lince detective nos ha mandado las piezas necesarias para construir una réplica de su lupa, un utensilio que tiene el poder de ver más allá de lo que ve el ojo humano, y nos ayudará a encontrar las pistas necesarias para dar con el culpable en el reto futuro.Al final del entrenamiento, y una vez recogidos los materiales, cada alumno construirá una lupa ayudados de la plantilla para recortarla. El cristal será un trozo de papel celofán de color rojo.

Obra publicada con Licencia Creative Commons CC BY-NC-SA InnovaRetosCLM 2025 – Servicio de Innovación Educativa de JCCM

Siguiente
Entrenamiento 1: Crea la herramienta mágica

Sesión 1

Sesión 2
DESARROLLO - SESIÓN 2

El entrenamiento continúa con la llegada del alumnado al aula, sala de psicomotricidad o patio, donde encontrarán en el suelo un tablero de Cody Feet. El objetivo es crear distintas rutas que el alumnado recorre y por las que va recogiendo los materiales para construir su propia lupa:

    Plantilla de lupa
    Tijeras
    Papel celofán rojo
    Pegamento

Al final del entrenamiento, cada alumno/a tendrá los recursos necesarios para crear una lupa mágica en la que sustituimos el cristal por un trozo de papel celofán de color rojo. Es importante no cambiar el color del celofán para resolver el reto posterior.

Ejemplo de rutas

Obra publicada con Licencia Creative Commons CC BY-NC-SA InnovaRetosCLM 2025 – Servicio de Innovación Educativa de JCCM

Anterior
Entrenamiento 1: Crea la herramienta mágica
OBJETIVOS

    Iniciar al alumnado en la creación de algoritmos como secuencias ordenadas de instrucciones para resolver un problema.
    Fomentar la adquisición de estructuras básicas de programación (como las secuencias lógicas y los condicionales) de forma lúdica y manipulativa.
    Desarrollar la capacidad de descomponer un problema complejo en pasos más sencillos y abordables (técnica de descomposición).
    Promover el trabajo cooperativo y la asunción de roles (programador ""Cody"" y robot ""Feet"") para interpretar, ejecutar y corregir errores (depuración o debugging).

Obra publicada con Licencia Creative Commons CC BY-NC-SA InnovaRetosCLM 2025 – Servicio de Innovación Educativa de JCCM

Volver
Entrenamiento 1: Crea la herramienta mágica
MATERIALES NECESARIOS
DISPOSITIVOS
DESCARGAS
OTROS

Papel celofán

Cody Feet

Tutorial Cody FeetPlantilla de lupa Guía didáctica

Obra publicada con Licencia Creative Commons CC BY-NC-SA InnovaRetosCLM 2025 – Servicio de Innovación Educativa de JCCM

Volver
Entrenamiento 1: Crea la herramienta mágica
VÍDEOS

    Presentación de InnovaRetosCLM 25-26
    Inicio de reto 1 - El misterio de la piedra de Rosetta
    Fin de reto 1 - Captura del culpable

Obra publicada con Licencia Creative Commons CC BY-NC-SA InnovaRetosCLM 2025 – Servicio de Innovación Educativa de JCCM

Volver

SI el alumnado NO conoce Cody Feet ENTONCES… Utiliza la guía Primeros pasos con Cody Feet para introducir este recurso en tu aula. SI el alumnado SI conoce Cody Feet ENTONCES… Seguimos con el desarrollo del entrenamiento.

Dependiendo del nivel de nuestro alumnado, podemos crear distintas rutas de Cody Feet:

    Nivel 1: crear un camino sencillo para cada elemento de la lupa.
    Nivel 2: construir una ruta sencilla que incluya todos los materiales.
    Nivel 3: crear caminos complejos con cada uno de los elementos.
    Nivel 4: diseñar secuencias de casillas incompletas que el alumnado debe rellenar. 

Ejemplo de ruta que podemos diseñar, aunque en etapas posteriores podemos pedirles a nuestros alumnos/as que ellos mismos diseñen los recorridos:

También podemos crear rutas incompletas para que el alumnado complete con las piezas correctas:

IMPORTANTE: En el entrenamiento no utilizamos las casillas del tablero de Cody Feet con pistas. Las siguientes casillas sólo se utilizan en el reto final:
Reto final La lupa mágica de Miss Miauple
Entrenamiento 1
Crea la herramienta mágica
Entrenamiento 2
Crea con píxeles";El entrenamiento comienza con una actividad de motivación inicial. Se lleva a cabo la visualización del vídeo introductorio añadiéndole algo de misterio. Se presentan los personajes Lagatha Christie, Herclaw Poirot y Miss Miauple.Aprovechamos el vídeo para preguntar al alumnado si conocen a estos…
INNOVARETOS2025;InnovaRetos CLM (Fase I);"Infantil; Primaria";"2º ciclo Infantil; Primer ciclo; EBO";3-16 años;Actividad desconectada;Crea con pixeles;https://view.genially.com/694a86a94034d08011a67cad/interactive-content-entrenamiento-desconectado-2-crea-con-pixeles;Educación Infantil, Actividad desconectada, Entrenamiento, Gamificación / misterio, Programación, Pensamiento computacional, INNOVARETOS;"CATEGORÍA KID
Actividad desconectada
Entrenamiento 2
Crea con píxeles

Reto: La lupa mágica de Miss Miauple
Edad recomendada: A partir de 3 años
GUÍA DIDÁCTICA

Descripción

Desarrollo
Temporalización: 1-2 sesiones (50 min.)

Objetivos

Materiales
Área / materia: Crecimiento en armonía Educación Artística Comunicación y representación

Vídeos
Recursos: Fichas imprimibles
Entrenamiento 2 :Crea con píxeles
DESCRIPCIÓN

Este entrenamiento forma parte del reto “La lupa mágica de Miss Miauple”, una propuesta del Servicio de Innovación Educativa de JCCM que tiene como objetivo iniciar al alumnado en el Pensamiento Computacional desconectado. A través de diversas actividades, introduciremos a nuestro alumnado en el uso de secuencias lógicas, condicionales y resolución de problemas.En esta actividad trabajaremos el dibujo en Pixel Art, un arte con cuadros (píxeles), que se basa en descomponer imágenes en unidades. Desarrolla el Pensamiento Computacional (PC) en edades tempranas al enseñar lúdicamente la descomposición, la abstracción, el reconocimiento de patrones y la creación de algoritmos (instrucciones). Accede a la Guía Didáctica.

Obra publicada con Licencia Creative Commons CC BY-NC-SA InnovaRetosCLM 2025 – Servicio de Innovación Educativa de JCCM

Volver
Entrenamiento 2 :Crea con píxeles

Sesión 1
DESARROLLO

En este entrenamiento debemos ayudar a Lagatha Christie a recomponer unos dibujos que fueron clave para solucionar anteriores misterios. Si conseguimos replicar estos dibujos, la inspectora nos dará más información sobre el caso de la Piedra Rosetta y daremos comienzo al verdadero reto.El trabajo consiste en replicar dibujos en estilo Pixel Art. Para ello podemos utilizar las fichas de trabajo elaboradas para este proyecto. En el documento se incluyen tres dibujos con dos técnicas de dibujo distintas para amoldarnos a los ritmos de aprendizaje de nuestro alumnado:

    Dibujo con cuadrícula: coloreamos cada fila de la tabla según nos indiquen.
    Dibujo por números: coloreamos cada casilla con el color del número asociado.

Este entrenamiento puede llevarse a cabo en una o dos sesiones de trabajo en el aula. Se puede comenzar en gran grupo haciendo algún dibujo Pixel Art en el panel interactivo y después pasar al trabajo en pequeño grupo o individual.

Ampliación

Obra publicada con Licencia Creative Commons CC BY-NC-SA InnovaRetosCLM 2025 – Servicio de Innovación Educativa de JCCM

Volver
Entrenamiento 2 :Crea con píxeles
OBJETIVOS

    Iniciar al alumnado en la creación de algoritmos como secuencias ordenadas de instrucciones para resolver un problema.
    Fomentar la adquisición de estructuras básicas de programación (como las secuencias lógicas y los condicionales) de forma lúdica y manipulativa.
    Desarrollar la capacidad de descomponer un problema complejo en pasos más sencillos y abordables (técnica de descomposición).

Obra publicada con Licencia Creative Commons CC BY-NC-SA InnovaRetosCLM 2025 – Servicio de Innovación Educativa de JCCM

Volver
Entrenamiento 2 :Crea con píxeles
MATERIALES NECESARIOS
DISPOSITIVOS
DESCARGAS
OTROS

Lápices de colores

Panel Digital

Fichas Pixel Art Guía didáctica Pizarra Pixel Art

Obra publicada con Licencia Creative Commons CC BY-NC-SA InnovaRetosCLM 2025 – Servicio de Innovación Educativa de JCCM

Volver
Entrenamiento 2 :Crea con píxeles
VÍDEOS

    Presentación de InnovaRetosCLM 25-26
    Inicio de reto 1 - El misterio de la piedra de Rosetta
    Fin de reto 1 - Captura del culpable

Obra publicada con Licencia Creative Commons CC BY-NC-SA InnovaRetosCLM 2025 – Servicio de Innovación Educativa de JCCM

Volver
Reto final La lupa mágica de Miss Miauple
Entrenamiento 1
Crea la herramienta mágica
Entrenamiento 2
Crea con píxeles
Actividades de ampliación

Como ampliación, podemos animar a nuestros pequeños detectives a crear sus propios dibujos o esconder pistas en tablas utilizando los códigos de coloreado utilizados. Además, podéis utilizar la Pizarra Pixel Art interactiva de Lagatha Christie tanto para practicar como para crear nuevos diseños, accede desde aquí:";En este entrenamiento debemos ayudar a Lagatha Christie a recomponer unos dibujos que fueron clave para solucionar anteriores misterios. Si conseguimos replicar estos dibujos, la inspectora nos dará más información sobre el caso de la Piedra Rosetta y daremos comienzo al verdadero reto.El trabajo…
INNOVARETOS2025;InnovaRetos CLM (Fase I);"Infantil; Primaria";"2º ciclo Infantil; Primer ciclo; EBO";3-16 años;Actividad desconectada;La lupa mágica de Miss Miauple;https://view.genially.com/694509aa6a056f5581431271/interactive-content-reto-desconectado-1-la-lupa-magica-de-miss-miauple;Educación Infantil, Actividad desconectada, Reto, Gamificación / misterio, Robótica educativa, Programación, Pensamiento computacional, Trabajo cooperativo, INNOVARETOS;"RETO 1
CATEGORÍA KID
Actividad desconectada
La lupa mágica de Miss Miauple
Edad recomendada: A partir de 3 años
GUÍA DIDÁCTICA

Descripción

Desarrollo
Temporalización: 3-4 sesiones (50 min.)

Objetivos

Materiales
Área / materia: Crecimiento en armonía Educación Artística Comunicación y representación

Sospechosos

Vídeos

Entregas
Recursos: Cody Feet
La lupa mágica de Miss Miauple
DESCRIPCIÓN

El reto “La lupa mágica de Miss Miauple” es una propuesta del Servicio de Innovación Educativa de JCCM. Ayudados por la herramienta Cody Feet introduciremos a nuestro alumnado en el uso de secuencias lógicas, condicionales y resolución de problemas. Cody Feet es un método de codificación y juego desconectado (o desenchufado) cuyo objetivo principal es iniciar a los niños en el Pensamiento Computacional a través de la actividad física y el juego. Esta actividad se desarrolla sobre un tablero o cuadrícula grande en el suelo por el que los alumnos/as se mueven, actuando como robots que siguen instrucciones. Este reto está pensado para realizarse en gran grupo, aunque posteriormente, algunas partes del mismo se pueden trabajar en pequeños grupos o incluso de forma individual. El desarrollo principal tiene una duración estimada de entre 2 y 3 sesiones de trabajo; sin embargo, queda a voluntad del docente el alargar su duración si así lo cree conveniente. Para obtener una explicación más amplia se recomienda descargar la Guía Didáctica.

Obra publicada con Licencia Creative Commons CC BY-NC-SA InnovaRetosCLM 2025 – Servicio de Innovación Educativa de JCCM

Volver
La lupa mágica de Miss Miauple

Sesión 1

Sesión 4

Sesión 3

Sesión 2
DESARROLLO - SESIÓN 1

El reto comienza con una actividad de motivación inicial, siempre y cuando no se haya hecho el entrenamiento previo. Se lleva a cabo la visualización del vídeo introductorio añadiéndole algo de misterio. Se presentan los personajes Lagatha Christie, Herclaw Poirot y Miss Miauple. Aprovechamos el vídeo para preguntar a los alumnos si conocen a estos animales y si están dispuestos a trabajar con ellos para resolver el misterio propuesto. Terminamos la sesión con la entrega a nuestro alumnado de la lupa mágica de Miss Miauple. Este utensilio tiene el poder de ver más allá de lo que ve el ojo humano, y nos ayudará a encontrar las pistas necesarias para dar con el culpable. Podemos elegir entre darles una lupa con celofán rojo ya terminada (niveles más bajos) o que ellos mismos recorten y preparen una lupa por equipos o de forma individual.

Obra publicada con Licencia Creative Commons CC BY-NC-SA InnovaRetosCLM 2025 – Servicio de Innovación Educativa de JCCM

Siguiente
La lupa mágica de Miss Miauple

Sesión 1

Sesión 4

Sesión 3

Sesión 2
DESARROLLO - SESIÓN 2

El siguiente paso es presentar a los sospechosos que ha encontrado Lagatha Christie. Para ello utilizamos el panel interactivo o pizarra digital para enseñar a los pequeños detectives las fotos de los posibles ladrones. En esta sesión aprovechamos para preguntar a los investigadores sobre los distintos animales que se muestran: características, vestimenta, actitudes... ¿podremos averiguar quién es el culpable a simple vista? Tenemos un total 8 sospechosos, que en infantil podríamos reducir en número para facilitar el reto a los más pequeños. Los únicos que obligatoriamente debemos presentar es Alan Salton y Lina Foxi. Para cada sospechoso contamos con una biografía que podemos escuchar y estudiar para conocerlos mejor en la página siguiente.

Obra publicada con Licencia Creative Commons CC BY-NC-SA InnovaRetosCLM 2025 – Servicio de Innovación Educativa de JCCM

Siguiente

Anterior
La lupa mágica de Miss Miauple
SOSPECHOSOS

Accede a la información que Lagatha Christie ha recabado sobre cada uno de nuestros sospechosos. Haz clic en cada uno de los iconos para escuchar los datos.

Obra publicada con Licencia Creative Commons CC BY-NC-SA InnovaRetosCLM 2025 – Servicio de Innovación Educativa de JCCM

Siguiente

Anterior
La lupa mágica de Miss Miauple

Sesión 1

Sesión 4

Sesión 3

Sesión 2
DESARROLLO - SESIÓN 3

El reto continúa con la llegada del alumnado al aula, sala de psicomotricidad o patio, donde encontrarán en el suelo un tablero de Cody Feet. En algunas de sus casillas hay unos dibujos con huellas de pies de diferentes colores y posiciones. Además, hay una casilla con indicios que podrían conducir a nuestros pequeños investigadores a cazar al culpable del robo. En este momento debemos elegir, dependiendo del nivel de nuestro alumnado, cómo crear las distintas rutas de Cody Feet: crear un camino sencillo para cada pista, construir una ruta sencilla con todas las pistas, etc. Al llegar a la casilla con los indicios, el detective, debe investigar la casilla con la lupa mágica, con ella podrá desvelar la información oculta de cada una de ellas:

    En la primera casilla de indicios se harán visibles unas únicas huellas de todas las mostradas.
    En la segunda casilla de indicios descubrirán que el culpable ha perdido un objeto en el robo.

Obra publicada con Licencia Creative Commons CC BY-NC-SA InnovaRetosCLM 2025 – Servicio de Innovación Educativa de JCCM

Siguiente

Anterior
La lupa mágica de Miss Miauple

Sesión 1

Sesión 4

Sesión 3

Sesión 2
DESARROLLO - SESIÓN 4

En la última sesión preparamos una ruta con pistas donde se debe incluir una casilla con un sobre sellado en el que se encontrará el retrato robot del culpable. Nuevamente podemos elegir como llevar a cabo esta actividad final, ya que disponemos de 5 propuestas con diferentes niveles de dificultad. Seleccionamos el que más se adecúe a nuestro alumnado:

    Puzle de 3 piezas/tiras
    Puzle de 6 piezas/tiras
    Guía de dibujo en cuadrícula
    Dibujo por números
    Dictado de colores

Ampliación

Una vez consigan recomponer el puzle/dibujo, desvelarán quién es el culpable del robo y se dará por concluido el reto. Para verificarlo, debéis acceder a las grabaciones de las cámaras de seguridad del museo desde este enlace: La contraseña es el nombre completo del culpable, en minúsculas y sin espacios ni símbolos. ¡Enhorabuena! ¡Habéis descubierto al culpable! Ahora podéis ver su captura en la sección Vídeos.

Obra publicada con Licencia Creative Commons CC BY-NC-SA InnovaRetosCLM 2025 – Servicio de Innovación Educativa de JCCM

Anterior
La lupa mágica de Miss Miauple
OBJETIVOS

    Iniciar al alumnado en la creación de algoritmos como secuencias ordenadas de instrucciones para resolver un problema.
    Fomentar la adquisición de estructuras básicas de programación (como las secuencias lógicas y los condicionales) de forma lúdica y manipulativa.
    Desarrollar la capacidad de descomponer un problema complejo en pasos más sencillos y abordables (técnica de descomposición).
    Promover el trabajo cooperativo y la asunción de roles (programador ""Cody"" y robot ""Feet"") para interpretar, ejecutar y corregir errores (depuración o debugging).

Obra publicada con Licencia Creative Commons CC BY-NC-SA InnovaRetosCLM 2025 – Servicio de Innovación Educativa de JCCM

Volver
La lupa mágica de Miss Miauple
MATERIALES NECESARIOS
DISPOSITIVOS
DESCARGAS
OTROS

Papel celofánSobre de papel Pizarra Pixel Art

Cody Feet

Tutorial Cody FeetPlantilla de lupaRetrato robot Guía didáctica

Obra publicada con Licencia Creative Commons CC BY-NC-SA InnovaRetosCLM 2025 – Servicio de Innovación Educativa de JCCM

Volver
La lupa mágica de Miss Miauple
VÍDEOS

    Presentación de InnovaRetosCLM 25-26
    Inicio de reto 1 - El misterio de la piedra de Rosetta
    Fin de reto 1 - Captura del culpable

Obra publicada con Licencia Creative Commons CC BY-NC-SA InnovaRetosCLM 2025 – Servicio de Innovación Educativa de JCCM

Volver
La lupa mágica de Miss Miauple
ENTREGAS

En este apartado te indicaremos los pasos a seguir para entregar tu proyecto:

1. Las evidencias necesarias para obtener la insignia correspondiente son las siguientes:

        Fotografías o vídeo del alumnado utilizando el recurso Cody Feet.

2. Proceso de entrega. Incluye toda la información anterior en un fichero denominado ""nombrecentro_curso"". Haz clic en el botón Entregar evidencias, rellena los campos y adjunta el fichero con las evidencias.

Entregar evidencias

Obra publicada con Licencia Creative Commons CC BY-NC-SA InnovaRetosCLM 2025 – Servicio de Innovación Educativa de JCCM

Volver
Reto final La lupa mágica de Miss Miauple
Entrenamiento 1
Crea la herramienta mágica
Entrenamiento 2
Crea con píxeles
Actividades de ampliación

Como ampliación, podemos animar a nuestros pequeños detectives a crear sus propios dibujos o esconder pistas en tablas utilizando los códigos de coloreado utilizados. Además, podéis utilizar la Pizarra Pixel Art interactiva de Lagatha Christie tanto para practicar como para crear nuevos dise";El reto comienza con una actividad de motivación inicial, siempre y cuando no se haya hecho el entrenamiento previo. Se lleva a cabo la visualización del vídeo introductorio añadiéndole algo de misterio. Se presentan los personajes Lagatha Christie, Herclaw Poirot y Miss Miauple.
INNOVARETOS2025;InnovaRetos CLM (Fase I);"Infantil; Primaria";"2º ciclo Infantil; Primer ciclo; EBO";3-16 años;mTiny;Un tour sospechoso;https://view.genially.com/694e50984ddeaf45ef115c7b/interactive-content-entrenamiento-robotica-1-un-tour-sospechoso;Educación Infantil, mTiny, Entrenamiento, Gamificación / misterio, Robótica educativa, Programación, Pensamiento computacional, INNOVARETOS;"Róbotica
CATEGORÍA KID
Entrenamiento 1
Un tour sospechoso

Reto: La caza de Herclaw
Edad recomendada: A partir de 3 años
GUÍA DIDÁCTICA

Descripción

Desarrollo
Temporalización: 2-3 sesiones (50 min.)

Objetivos

Materiales
Área / materia:Crecimiento en armoníaComunicación y representaciónDescubrimiento y exploración del entorno

Vídeos
Recursos: mTiny
Entrenamiento 1: Un tour sospechoso
DESCRIPCIÓN

El entrenamiento “Un tour sospechoso” forma parte del reto “La caza de Herclaw”, una propuesta del Servicio de Innovación Educativa de JCCM que tiene como objetivo iniciar al alumnado en el Pensamiento Computacional. En esta actividad se propone recorrer el tapete de la ciudad incluido con el robot mTiny para inspeccionar las casas de los sospechosos del robo que ha encontrado la comisaria Lagatha Christie. Cada una de las casas nos dará acceso a una información auditiva a través de un código QR. Estos datos nos permitirán conocer mejor a los sospechosos antes de dar con el culpable definitivo. “Un tour sospechoso” está diseñado para introducir a los alumnos en la lógica de la programación y la resolución de problemas de forma lúdica. Al utilizar el robot mTiny para recorrer un tapete y recoger pistas, se trabajan varios pilares fundamentales del pensamiento computacional. Para obtener una explicación más amplia se recomienda descargar la Guía Didáctica completa.

Obra publicada con Licencia Creative Commons CC BY-NC-SA InnovaRetosCLM 2025 – Servicio de Innovación Educativa de JCCM

Volver
Entrenamiento 1: Un tour sospechoso

Sesión 1

Sesión 2
DESARROLLO - SESIÓN 1

El entrenamiento comienza con una actividad de motivación inicial. Se lleva a cabo la visualización del vídeo introductorio añadiéndole algo de misterio. Se presentan los personajes Lagatha Christie, Herclaw Poirot y Miss Miauple.

Aprovechamos el vídeo para preguntar a los alumnos si conocen a estos animales y si están dispuestos a trabajar con ellos para resolver el misterio propuesto. El siguiente paso es presentar a los sospechosos que la comisaria quiere que investiguemos por todo Londres. En total son 8 personajes, aunque podemos presentar menos si queremos simplificar la actividad.Se recomienda enseñar la imagen en un panel interactivo o pizarra digital y aprovechar para preguntar a la clase si conocen a estos animales, quién podría ser el culpable y porqué. Haz clic para ampliar la imagen.

Obra publicada con Licencia Creative Commons CC BY-NC-SA InnovaRetosCLM 2025 – Servicio de Innovación Educativa de JCCM

Siguiente
Entrenamiento 1: Un tour sospechoso

Sesión 2

Sesión 1
DESARROLLO - SESIÓN 2

Para esta sesión, imprimimos y recortamos las caretas de Herclaw Poirot y Miss Miauple para mTiny. Así mejoramos la inmersión en la narrativa. Podemos optar por utilizar 2 robots, uno con cada careta, o cambiarla de forma alternativa para visitar cada una de las ubicaciones. Además, debemos haber preparado con antelación las casas de los sospechosos en formato impreso. Para ello, imprimimos el documento asociado y recortamos las distintas viviendas con su solapa. Estas viviendas las colocaremos en distintos puntos del tapete del robot, el cual colocaremos por el lado de la ciudad para simular que nos desplazamos por Londres. Cada una de estas casas incluye un código QR con el que podremos acceder a la información que ha recabado Lagatha Christie sobre el sospechoso que vive ahí. Puedes encontrar todos los materiales imprimibles aquí:

Obra publicada con Licencia Creative Commons CC BY-NC-SA InnovaRetosCLM 2025 – Servicio de Innovación Educativa de JCCM

Siguiente

Anterior
Entrenamiento 1: Un tour sospechoso

Sesión 2

Sesión 1
DESARROLLO - SESIÓN 2

El objetivo es desplazar a mTiny por todo “Londres” buscando nuevos datos casa por casa. Podemos elegir entre mover al robot paso a paso, o utilizar secuencias si queremos aumentar la dificultad. Para acceder a ese material auditivo utilizaremos una Tablet o dispositivo móvil con cámara. Tras escuchar cada audio, podemos preguntar a nuestra clase si piensan que el sospechoso es el culpable del robo y justificarlo. Nuevamente, podemos optar por no utilizar todas las casas si queremos reducir el nivel de dificultad o duración de la actividad. Una vez hemos visitado todas las ubicaciones, tendremos toda la información necesaria y estaremos listos/as para comenzar el reto final. Como ningún sospechoso estaba en su casa, tendremos que buscar en otras ubicaciones londinenses para dar con el culpable.

mTiny

Obra publicada con Licencia Creative Commons CC BY-NC-SA InnovaRetosCLM 2025 – Servicio de Innovación Educativa de JCCM

Anterior
Entrenamiento 1: Un tour sospechoso
OBJETIVOS

    Desarrollar la capacidad de crear una secuencia lógica de instrucciones (avanzar, girar a la izquierda, girar a la derecha) para alcanzar una meta específica.
    Aprender a dividir un problema grande en subtareas más pequeñas y manejables (primero ir a la casa A, luego a la casa B, luego procesar la información).
    Identificar, analizar y corregir errores en la secuencia de comandos hasta lograr el objetivo.
    Comprender que las órdenes dadas mediante bloques o tarjetas son un lenguaje de programación que el robot puede interpretar.

Obra publicada con Licencia Creative Commons CC BY-NC-SA InnovaRetosCLM 2025 – Servicio de Innovación Educativa de JCCM

Volver
Entrenamiento 1: Un tour sospechoso
MATERIALES NECESARIOS
DISPOSITIVOS
DESCARGAS

Guía actividades iniciales con mTiny Caretas para mTinyTapete 3D - Casas de los sospechososGuía didáctica completa

mTiny

Obra publicada con Licencia Creative Commons CC BY-NC-SA InnovaRetosCLM 2025 – Servicio de Innovación Educativa de JCCM

Volver
Entrenamiento 1: Un tour sospechoso
VÍDEOS

    Presentación de InnovaRetosCLM 25-26
    Inicio de reto 1 - El misterio de la piedra de Rosetta
    Fin de reto 1 - Captura del culpable

Obra publicada con Licencia Creative Commons CC BY-NC-SA InnovaRetosCLM 2025 – Servicio de Innovación Educativa de JCCM

Volver
Consejo
Sobre mTiny

SI el alumnado NO conoce mTiny ENTONCES… Utiliza la guía actividades iniciales con mTiny para introducir este recurso en tu aula. SI el alumnado SI conoce mTiny ENTONCES… 1. Seguimos con el desarrollo del entrenamiento.

Para evitar las interacciones del robot al desplazarnos paso a paso, podemos tapar el agujero de su parte inferior con alguna pegatina o cinta com";El entrenamiento comienza con una actividad de motivación inicial. Se lleva a cabo la visualización del vídeo introductorio añadiéndole algo de misterio. Se presentan los personajes Lagatha Christie, Herclaw Poirot y Miss Miauple.
INNOVARETOS2025;InnovaRetos CLM (Fase I);"Infantil; Primaria";"2º ciclo Infantil; Primer ciclo; EBO";3-16 años;mTiny;La caza de Herclaw;https://view.genially.com/694a52966ee21e7efa5b2011/interactive-content-reto-robotica-1-la-caza-de-herclaw;Educación Infantil, mTiny, Reto, Gamificación / misterio, Robótica educativa, Programación, Pensamiento computacional, INNOVARETOS;"RETO 1
CATEGORÍA KID
Robótica
La caza de Herclaw
Edad recomendada: A partir de 3 años
GUÍA DIDÁCTICA

Descripción

Desarrollo
Temporalización: 3-4 sesiones (50 min.)

Objetivos

Materiales
Área / materia: Crecimiento en armonía Comunicación y representación

Sospechosos

Vídeos

Entregas
Recursos: Robot mTiny
La caza de Herclaw
DESCRIPCIÓN

El reto “La caza de Herclaw” es una propuesta del Servicio de Innovación Educativa de JCCM diseñada para introducir a los alumnos en la lógica de la programación y la resolución de problemas de forma lúdica. Al utilizar el robot mTiny para recorrer un tapete y recoger pistas, se trabajan varios pilares fundamentales del Pensamiento Computacional. En esta actividad recorremos el tapete de la ciudad incluido con el robot mTiny visitando ubicaciones emblemáticas de Londres en las que se esconden nuestros sospechosos. En cada ubicación escucharemos las distintas coartadas. Finalmente, formaremos parte de una intrépida persecución para dar caza al culpable del robo. Para obtener una explicación más amplia puedes descargar la Guía Didáctica.

Obra publicada con Licencia Creative Commons CC BY-NC-SA InnovaRetosCLM 2025 – Servicio de Innovación Educativa de JCCM

Volver
La caza de Herclaw

Sesión 1

Sesión 3

Sesión 2
DESARROLLO - SESIÓN 1

El reto comienza con una actividad de motivación inicial, siempre y cuando no se haya hecho el entrenamiento previo. Se lleva a cabo la visualización del vídeo introductorio añadiéndole algo de misterio. Se presentan los personajes Lagatha Christie, Herclaw Poirot y Miss Miauple. Aprovechamos el vídeo para preguntar al alumnado si conoce a estos animales y si está dispuestos a trabajar con ellos para resolver el misterio propuesto. En esta primera sesión, se recomienda presentar a los posibles culpables antes de continuar. Para ello, podemos utilizar la página de esta presentación llamada Sospechosos.

Obra publicada con Licencia Creative Commons CC BY-NC-SA InnovaRetosCLM 2025 – Servicio de Innovación Educativa de JCCM

Siguiente
La caza de Herclaw

Sesión 1

Sesión 3

Sesión 2
DESARROLLO - SESIÓN 2

En este reto utilizaremos el robot mTiny junto con su tapete de ciudad para visitar lugares emblemáticos de Londres en los que se esconden los sospechosos que conocimos en el entrenamiento. Si el alumnado no conoce el dispositivo mTiny haz en clic en

+ Info mTiny

Para esta sesión, imprimimos y recortamos:

    Caretas de Herclaw Poirot y Miss Miauple
    Documento con monumentos de Londres.
    Dado con los monumentos.

Ahora llega el turno de preparar el tapete de la ciudad incluido con mTiny para simular que nos desplazamos por Londres. Colocamos los monumentos repartidos por el tapete, no hace falta colocar todos al mismo tiempo.

Obra publicada con Licencia Creative Commons CC BY-NC-SA InnovaRetosCLM 2025 – Servicio de Innovación Educativa de JCCM

Siguiente

Anterior
La caza de Herclaw

Sesión 1

Sesión 3

Sesión 2
DESARROLLO - SESIÓN 2

Para elegir el destino de cada ruta que haga el robot, utilizaremos un dado incluido en el material del reto. Cada alumno/a lanzará este dado y llevará a mTiny hasta la casilla donde se encuentre el monumento. Cuando el alumno/a alcance el monumento utilizaremos una Tablet o dispositivo móvil con cámara para leer el QR, así podremos acceder a un interrogatorio que Herclaw hace a cada sospechoso. El objetivo es desplazar a mTiny por todo “Londres” descubriendo quién se esconde en cada ubicación. Podemos elegir entre mover al robot paso a paso, o utilizar secuencias si queremos aumentar la dificultad.

Una vez hemos visitado todos los lugares, tendremos toda la información necesaria para conocer quién es el culpable. Para verificarlo, debéis acceder a las grabaciones de las cámaras de seguridad del museo británico desde este enlace: La contraseña es el nombre completo del culpable, en minúsculas y sin espacios ni símbolos. ¡Enhorabuena! ¡Habéis descubierto al culpable!

Obra publicada con Licencia Creative Commons CC BY-NC-SA InnovaRetosCLM 2025 – Servicio de Innovación Educativa de JCCM

Siguiente

Anterior
La caza de Herclaw
SOSPECHOSOS

Accede a la información que Lagatha Christie ha recabado sobre cada uno de nuestros sospechosos. Haz clic en cada uno de los iconos para escuchar los datos.

Volver

Obra publicada con Licencia Creative Commons CC BY-NC-SA InnovaRetosCLM 2025 – Servicio de Innovación Educativa de JCCM
La caza de Herclaw

Sesión 1

Sesión 3

Sesión 2
DESARROLLO - SESIÓN 3

En esta última sesión comenzamos la persecución del culpable. A estas alturas del reto, ya sabremos que el animal detrás del robo es Alan Salton. Para iniciar la persecución necesitaremos un dado y 2 robots mTiny, uno con la careta de uno de nuestros inspectores y otro con la careta del conejo ladrón. Si no disponemos de un segundo robot, podemos imprimir la ficha del culpable (disponible en Materiales) y moverla por el tablero como si fuera un mTiny.

Antes de comenzar debemos preparar el mapa de la ciudad incluido con mTiny, pero debemos tener en cuenta que es obligatorio crear un mapa circular, que no tenga principio ni fin, de este modo, el robot inspector podrá perseguir al conejo hasta darle caza.

Ejemplos de mapas

Obra publicada con Licencia Creative Commons CC BY-NC-SA InnovaRetosCLM 2025 – Servicio de Innovación Educativa de JCCM

Siguiente

Anterior
La caza de Herclaw

Sesión 1

Sesión 3

Sesión 2
DESARROLLO - SESIÓN 3

¡Iniciamos la persecución! Colocamos al robot inspector/a en una casilla del mapa y después, situamos al conejo (robot o ficha impresa) a una distancia de 2 o 3 casillas. Ahora, por turnos, los alumnos/as moverán primero al conejo y después al inspector:

    Lanzamos el dado.
    Movemos el robot tantos movimientos como indique el número obtenido.
    Repetimos los turnos hasta que el inspector alcance al conejo. 

Esta persecución se puede repetir las veces que queramos, podemos modificar el mapa entre una persecución y la siguiente, utilizar un segundo dado para añadir más movimientos, etc. Cuando capturemos a Alan Salton, daremos el reto por conseguido. Ahora llega el turno de visualizar el vídeo de final del reto para averiguar qué ha ocurrido tras atrapar al responsable del robo. ¿Habremos resuelto el misterio?

Obra publicada con Licencia Creative Commons CC BY-NC-SA InnovaRetosCLM 2025 – Servicio de Innovación Educativa de JCCM

Anterior
La caza de Herclaw
OBJETIVOS

    Desarrollar la capacidad de crear una secuencia lógica de instrucciones (avanzar, girar a la izquierda, girar a la derecha) para alcanzar una meta específica.
    Aprender a dividir un problema grande en subtareas más pequeñas y manejables (primero ir a la casa A, luego a la casa B, luego procesar la información).
    Identificar, analizar y corregir errores en la secuencia de comandos hasta lograr el objetivo.
    Comprender que las órdenes dadas mediante bloques o tarjetas son un lenguaje de programación que el robot puede interpretar.

Obra publicada con Licencia Creative Commons CC BY-NC-SA InnovaRetosCLM 2025 – Servicio de Innovación Educativa de JCCM

Volver
La caza de Herclaw
MATERIALES NECESARIOS
DISPOSITIVOS
DESCARGAS
OTROS

Dados

mTiny

Tutorial mTinyTapete 3D - LondresDados - Monumentos de Londres Caretas mTiny Guía didáctica

Obra publicada con Licencia Creative Commons CC BY-NC-SA InnovaRetosCLM 2025 – Servicio de Innovación Educativa de JCCM

Volver
La caza de Herclaw
VÍDEOS

    Presentación de InnovaRetosCLM 25-26
    Inicio de reto 1 - El misterio de la piedra de Rosetta
    Fin de reto 1 - Captura del culpable

Obra publicada con Licencia Creative Commons CC BY-NC-SA InnovaRetosCLM 2025 – Servicio de Innovación Educativa de JCCM

Volver
La caza de Herclaw
ENTREGAS

En este apartado te indicaremos los pasos a seguir para entregar tu proyecto:

1. Las evidencias necesarias para obtener la insignia correspondiente son las siguientes:

        Fotografías o vídeo del alumnado utilizando mTiny mientras visita los monumentos.
        Fotografías o vídeo de la persecución del culpable.

2. Proceso de entrega. Incluye toda la información anterior en un fichero denominado ""nombrecentro_curso"". Ve al formulario de entregas para la Categoría KID, rellena los campos y adjunta el fichero con las evidencias.

Entregar evidencias

Obra publicada con Licencia Creative Commons CC BY-NC-SA InnovaRetosCLM 2025 – Servicio de Innovación Educativa de JCCM

Volver
Ejemplos de mapas circulares
¿No conoces mTiny?

    SI el alumnado NO conoce mTiny ENTONCES…
        Utiliza la guía actividades iniciales con mTiny para introducir este recurso en tu aula. Disponible en sección Materiales.
    SI el alumnado SI conoce mTiny ENTONCES…
        Seguimos con el desarrollo del reto. ";El reto comienza con una actividad de motivación inicial, siempre y cuando no se haya hecho el entrenamiento previo. Se lleva a cabo la visualización del vídeo introductorio añadiéndole algo de misterio. Se presentan los personajes Lagatha Christie, Herclaw Poirot y Miss Miauple.
INNOVARETOS2025;InnovaRetos CLM (Fase I);"Infantil; Primaria";"2º ciclo Infantil; Primer ciclo; EBO";3-16 años;Bluebot;Código a Código;https://view.genially.com/6941575fee7c2bf7e69ebf26/interactive-content-entrenamiento-bluebotcodigo-a-codigo;Educación Infantil, Bluebot, Entrenamiento, Gamificación / misterio, Robótica educativa, Programación, INNOVARETOS;"CATEGORÍA KID
Robótica Educativa
Entrenamiento
BlueBot: Código a Código.
Edad recomendada: A partir de 3 años
GUÍA DIDÁCTICA

Descripción

Desarrollo
Temporalización: 2 sesiones (50 min.)

Objetivos

Materiales
Materia: Proyectos de Robótica Crecimiento en Armonía Educación Artísitca Comunicacción y Representación

Vídeos
Recursos: BlueBot
BlueBot:Código a Código.
DESCRIPCIÓN

Nuestro robot educativo BlueBot es un pequeño robot de suelo diseñado para enseñar los conceptos básicos de la programación por bloques (algoritmos) de una manera divertida y táctil. Blue Bot es un robot de los denominados de suelo, que se llaman así porque se desplazan por el suelo sobre cuadrículas, tapetes o alfombrillas didácticas que pueden versar sobre diferentes temáticas (animales, alimentos, prendas de vestir, letras, números, mapas,...). En torno a estos tapetes se genera una narrativa en la que el alumnado pone en juego no solo conocimientos curriculares, sino también conceptos básicos de programación secuencial, al crear una secuencia de órdenes o instrucciones y programar al robot (con la botonera que incorpora o por medio de las fichas de programación) para resolver un reto o desafío. El robot ejecuta la secuencia de órdenes programada una tras otra, desplazándose por el tapete para solucionar el reto.

Obra publicada con Licencia Creative Commons CC BY-NC-SA InnovaRetosCLM 2025 – Servicio de Innovación Educativa de JCCM
BlueBot: Código a Código.
OBJETIVOS

    Lograr que los alumnos y alumnas comprendan la importancia del orden en una serie de comandos.
    Desarrollar la habilidad de crear un conjunto finito y ordenado de pasos.
    Comprender cómo se gestiona la memoria del robot.
    Fomentar la colaboración en la planificación de la ruta.
    Aplicar el conocimiento de las tarjetas para superar desafíos.
    Elegir el mejor comando en cada punto del camino.

Obra publicada con Licencia Creative Commons CC BY-NC-SA InnovaRetosCLM 2025 – Servicio de Innovación Educativa de JCCM
BlueBot. Código a Código.
ACCIONES DEL BLUEBOT.

    Adelante,""Avanza una unidad de medida (generalmente 15 cm, la longitud de un paso).
    Giro I / Giro D,Gira 90 grados a la izquierda o a la derecha.

    Pausa,Detiene el movimiento brevemente (alrededor de 1 segundo).
    Atrás,Retrocede una unidad de medida.

Volver

Siguiente

Obra publicada con Licencia Creative Commons CC BY-NC-SA InnovaRetosCLM 2025 – Servicio de Innovación Educativa de JCCM
BlueBot. Código a Código.
ACCIONES DEL BLUEBOT.

Al presionar el botón GO (Ejecutar), el robot reproduce la secuencia completa de comandos que fue programada. Este comando vacía la memoria del BlueBot. Si no se usa, el robot ejecutará la secuencia anterior más la nueva secuencia que se programe, lo que llevaría a un error en la misión.

Volver

Siguiente

Obra publicada con Licencia Creative Commons CC BY-NC-SA InnovaRetosCLM 2025 – Servicio de Innovación Educativa de JCCM
BlueBot: Código a Código.
ENTRENAMINETO 1

EJEMPLO

?? 1. Entrenamiento de Movimiento Básico (Individual)Este nivel se centra en entender cómo responde el Bluebot a cada comando de forma aislada. Paso a Paso: Programar desplazamientos sencillos de uno en uno (ej: solo avanzar una casilla y borrar memoria). Marcha Atrás: Practicar el comando de retroceso para entender que el robot no gira, sino que se desplaza hacia atrás manteniendo su orientación. Giro Preciso: Realizar giros de 90 grados a izquierda y derecha sin avanzar, para que los alumnos comprendan que el giro no implica cambio de casilla

Siguiente

Obra publicada con Licencia Creative Commons CC BY-NC-SA InnovaRetosCLM 2025 – Servicio de Innovación Educativa de JCCM

Volver
BlueBot: Código a Código.
ENTRENAMIENTO 2

EJEMPLO

?? 2. Entrenamiento de Navegación por ObjetivosUna vez dominados los botones, los alumnos deben practicar cómo llegar a un punto específico del tapete. Visita al Personaje: Elegir un personaje (como el Lagarto Conservador) y programar la secuencia necesaria para llegar hasta él desde una casilla cercana. Evitando Obstáculos: Colocar ""obstáculos"" (objetos físicos o casillas prohibidas) en el camino hacia un testigo para obligar a los alumnos a planificar rutas alternativas. Orientación Final: El reto no es solo llegar, sino quedar orientado hacia el personaje. Entrenar el giro final para quedar ""cara a cara"" con el testigo.

Obra publicada con Licencia Creative Commons CC BY-NC-SA InnovaRetosCLM 2025 – Servicio de Innovación Educativa de JCCM

Siguiente

Volver
BlueBot: Código a Código.
ENTRENAMIENTO 3

EJEMPLO

??Entrenamiento de Secuencias Largas y MemoriaEste es el entrenamiento crítico antes del ""Desafío Final"". Programación en Bloque: En lugar de ir paso a paso, los alumnos deben escribir en un papel (o pizarra) una secuencia de 4 o 5 comandos antes de pulsarlos en el robot. Rutas de Escape: Simular una ""huida"" por el museo donde el Bluebot deba realizar un recorrido largo y complejo por el pasillo o el jardín sin detenerse.

Siguiente

Obra publicada con Licencia Creative Commons CC BY-NC-SA InnovaRetosCLM 2025 – Servicio de Innovación Educativa de JCCM

Volver
BlueBot: Código a Código.
ENTRENAMIENTO 4

EJEMPLO

Entrenamiento de ""Depuración""¿Qué falló? Podemos realizar un programa o una secuencia errónea a propósito que no llega al objetivo. Los alumnos deben observar el movimiento, identificar en qué comando se equivocó el ""detective"" y corregir la secuencia.

Obra publicada con Licencia Creative Commons CC BY-NC-SA InnovaRetosCLM 2025 – Servicio de Innovación Educativa de JCCM

Volver

Siguiente
BlueBot: Código a Código.
ENTRENAMIENTO 5

EJEMPLO

?? Entrenamiento Físico (El Robot Humano)Una excelente forma de interiorizar los comandos es que los propios alumnos actúen como el Bluebot. Simulación: Un alumno hace de programador y otro de robot. El ""robot"" solo puede moverse si escucha los comandos exactos (adelante, atrás, giro derecha/izquierda), ayudando a visualizar la rotación antes de tocar el dispositivo real. También lo podemos si además de las instrucciones verbales, le adjuntamos las tarjetas de movimiento.

Siguiente

Obra publicada con Licencia Creative Commons CC BY-NC-SA InnovaRetosCLM 2025 – Servicio de Innovación Educativa de JCCM

Volver
BlueBot: Código a Código.
MATERIALES NECESARIOS
DISPOSITIVOS
OTROS
DESCARGAS

BlueBot

Tapete British Museum

Piezas Tapete

Fichas direcciones

Tapete British Museum Arassac

Piezas Tapete Arasaac

Obra publicada con Licencia Creative Commons CC BY-NC-SA InnovaRetosCLM 2025 – Servicio de Innovación Educativa de JCCM
BlueBot: Código a Código.
VÍDEOS Y AUDIOS

    Presentación de InnovaRetosCLM 25-26
    Inicio de reto 1 - El misterio de la piedra Rosetta
    Presentación de sospechosos

Obra publicada con Licencia Creative Commons CC BY-NC-SA InnovaRetosCLM 2025 – Servicio de Innovación Educativa de JCCM

""Detective, pulsa Avanzar 2 veces y luego Borrar (X). Después, pulsa Retroceder 1 vez"".

""Lleva al Bluebot hasta el Lagarto. ¡Cuidado! Para que te dé la pista, el robot debe terminar mirando directamente al personaje"".

""1??Avanza hacia el pasillo.2??Gira para esquivar el obstáculo.3??Avanza por el lateral. 4??Gira para volver a la ruta. 5??Llega a la casilla del Zorro.

""Detective, Este código tiene un error y el Bluebot se ha chocado. ¿Podéis encontrar qué flecha está mal y corregirla para llegar...?

""Un compañero será el programador y otro el robot. El robot solo se mueve si escucha: 'Paso adelante', 'Giro derecha', 'Paso atrás'""";Nuestro robot educativo BlueBot es un pequeño robot de suelo diseñado para enseñar los conceptos básicos de la programación por bloques (algoritmos) de una manera divertida y táctil. Blue Bot es un robot de los denominados de suelo, que se llaman así porque se desplazan por el suelo sobre…
INNOVARETOS2025;InnovaRetos CLM (Fase I);"Infantil; Primaria";"2º ciclo Infantil; Primer ciclo; EBO";3-16 años;Bluebot;Código Misterio;https://view.genially.com/692d6c87beb3264d32cc2773/interactive-content-bluebotcodigo-misterio;Educación Infantil, Bluebot, Reto, Gamificación / misterio, Robótica educativa, Programación, INNOVARETOS;"CATEGORÍA KID
Robótica Educativa
Reto
BlueBot:Código Misterio
Edad recomendada: A partir de 5 años.
GUÍA DIDÁCTICA

Descripción

Desarrollo
Temporalización: 2 sesiones (50 min.)

Objetivos

Materiales
Materia: Proyectos de Robótica Crecimiento en Armonía Educación Artísitca Comunicacción y Representación

Vídeos

Entregas
Recursos: BlueBot
BlueBot:Código Misterio
DESCRIPCIÓN

Nuestro robot educativo BlueBot representa al equipo detectives. Se ha producido un robo en el Museo de Londres y se ha desplegado todo el dispositivo policial para acordonar la zona. El setup del reto es un tapete de dimensiones 6x4 con las diferentes estancias del British Museum de Londres. La Piedra Rosetta ha desaparecido del museo. Los detectives del Equipo Blue (vuestros alumnos) deben recorrer el museo con la ayuda del robot Bluebot para recopilar pistas de los testigos, analizar objetos encontrados y llegar hasta el sospechoso. ¡Detectives, listos para programar! Recordad: para resolver el caso, deben visitar a los 6 personajes clave.

Obra publicada con Licencia Creative Commons CC BY-NC-SA InnovaRetosCLM 2025 – Servicio de Innovación Educativa de JCCM
BlueBot: Código Misterio
OBJETIVOS

""Resolver el misterio del robo de la Piedra Rosetta programando al Bluebot para visitar a los 6 testigos, recopilar todas las pistas y ejecutar la secuencia final para recuperar el objeto robado en la Casilla (6,1).""

Aprender a planificar y ordenar una serie de instrucciones (comandos de programación) de manera lógica para llevar el robot Bluebot de un punto A a un punto B.

Fomentar la colaboración activa entre los ""Detectives del Equipo Blue"" para discutir las secuencias de comandos y las estrategias de navegación.

Practicar la comunicación clara y precisa al dictar o escribir los comandos de programación al Bluebot.

Obra publicada con Licencia Creative Commons CC BY-NC-SA InnovaRetosCLM 2025 – Servicio de Innovación Educativa de JCCM
BlueBot. Código Misterio
DESARROLLO 1

Ubicación actual de Bluebot: (1,1) - Inicio del Misterio. Narrador: ¡Detectives, listos para programar! Recordad: para resolver el caso, debéis visitar a los 6 personajes clave. ¿Cuál es la secuencia de programación que enviamos para visitar al Lagarto Conservador en la Casilla (2,1)? (ej: Adelante 1, Derecha, etc.) ¡De acuerdo! Si ya lo habéis hecho, programamos al Bluebot para ir directamente a su primera pista.

Volver

Siguiente

Obra publicada con Licencia Creative Commons CC BY-NC-SA InnovaRetosCLM 2025 – Servicio de Innovación Educativa de JCCM
BlueBot: Código Misterio
DESARROLLO 2

?? Segunda Parada: La Agente Secreta Comando asumido: Girar a la derecha, Avanzar 1 (para ir de 2,1 a 2,2). Bluebot se mueve a (2,2) - Jardín/Exterior. La Zorro Agente Secreto (Imagen 4 en la primera respuesta del hilo) los espera con el monóculo ajustado, mirando el horizonte. Pista 2 (Zorro Agente Secreto): ""Vi a una figura sospechosa. Llevaba una gabardina color verde oscuro y unas gafas de sol muy grandes. Iba a pie, pero se dirigía hacia el muelle (5,4), como si tuviera prisa por escapar del país."" Narrador: ¡Qué valiosa información! Ahora sabemos cómo luce el ladrón. Pero un animal con gabardina en el muelle no es prueba suficiente... Ubicación actual de Bluebot: (2,2). ¿Cuál es la secuencia de programación para visitar a nuestro tercer testigo, el Bulldog Sospechoso, que estaba merodeando cerca de las escaleras en la Casilla (4,3)? ¡Adelante, detectives! Programemos al Bluebot para encontrar al testigo clave.

Siguiente

Obra publicada con Licencia Creative Commons CC BY-NC-SA InnovaRetosCLM 2025 – Servicio de Innovación Educativa de JCCM

Volver
BlueBot: Código Misterio
DESARROLLO 4

?? Tercera Parada: El Sospechoso Gruñón Comando asumido: Girar a la izquierda, Avanzar 2, Girar a la derecha, Avanzar 1 (para ir de 2,2 a 4,3). Bluebot se mueve a (4,3) - Ascensor/Escaleras. El Bulldog Sospechoso (Imagen 8, gabardina azul) los recibe con un gruñido y su monóculo un poco inclinado. Pista 3 (Bulldog Sospechoso): ""¡Yo no fui! Estaba aquí esperando el ascensor. Pero vi al Profesor Gato (5,3), en su taller, revisando unos cables y un plano muy grande que parecía un mapa... estaba murmurando algo de una ruta de escape. ¡Parecía nervioso!"" Narrador: ¡Interesante! El Profesor Gato, en la Casilla (5,3), tiene un plano que podría revelar los movimientos del ladrón. ¡Esa es nuestra próxima parada! Ubicación actual de Bluebot: (4,3). ¿Cuál es la secuencia de programación para ir al Taller del Inventor en la Casilla (5,3)? ¡Excelente! El Bluebot se dirige hacia la valiosa información del inventor.

Obra publicada con Licencia Creative Commons CC BY-NC-SA InnovaRetosCLM 2025 – Servicio de Innovación Educativa de JCCM

Siguiente

Volver
BlueBot: Código Misterio
DESARROLLO 5

?? Cuarta Parada: El Profesor/Inventor Comando asumido: Girar a la izquierda, Avanzar 1 (para ir de 4,3 a 5,3). Bluebot se mueve a (5,3) - El Taller del Inventor. El Gato Profesor/Inventor (vestido de marrón con sombrero, Imagen 7) está junto a su impresora 3D, claramente preocupado. Pista 4 (Profesor Inventor): ""¡El ladrón estuvo aquí! Encontré esto cerca de mi mesa de trabajo. Es la ruta de escape que planeó, codificada en movimientos de un robot. ¡Pongan mucha atención, esta es crucial! Anoten: Avanzar 1, Derecha, Avanzar 2, Derecha, Avanzar 1."" Narrador: ¡Una ruta de programación! Esta podría ser la clave para saber dónde estuvo el ladrón. Pero un animal muy rápido, que se fue por una puerta lateral... ¿quién podría ser? Debemos visitar al testigo que estaba escondido en el Pasillo Lateral (3,2). Ubicación actual de Bluebot: (5,3). ¿Cuál es la secuencia de programación para ir al Conejo Testigo Oculto en la Casilla (3,2)? ¡Continuamos con la persecución! Esta es una secuencia de programación más larga y complicada.

Siguiente

Obra publicada con Licencia Creative Commons CC BY-NC-SA InnovaRetosCLM 2025 – Servicio de Innovación Educativa de JCCM

Volver
BlueBot: Código Misterio
DESARROLLO 6

Quinta Parada: El Testigo Oculto Comando asumido: Girar a la izquierda, Avanzar 2, Girar a la izquierda, Avanzar 1, Girar a la derecha, Avanzar 1 (para ir de 5,3 a 3,2). Bluebot se mueve a (3,2) - Pasillo Lateral. El Conejo Testigo Oculto (Imagen 9 en la primera respuesta del hilo) está temblando, pero listo para hablar. ¡Este es el verdadero ladrón! Pista 5 (Conejo Testigo Oculto - Alan Salton): ""¡Vi todo! El ladrón... ejem... digo, un ladrón... después de cruzar el jardín, se dio cuenta de que el muelle (5,4) era demasiado arriesgado. Se asustó y escondió el objeto ¡en la Casilla 6,1! Y luego fue a la Sala de Pruebas (6,3) para tratar de eliminar su rastro."" Narrador: ¡Eureka! Ya tenemos la ubicación final: la Casilla (6,1). Y una pista más, nos dijo que fuera a la Sala de Pruebas. Ubicación actual de Bluebot: (3,2). Solo nos falta una pista, para confirmar al ladrón y la ubicación. ¿Cuál es la secuencia de programación para ir a la Gata Agente de Enlace en la Casilla (6,3)? ¡Ya casi lo tenemos, detectives!

Obra publicada con Licencia Creative Commons CC BY-NC-SA InnovaRetosCLM 2025 – Servicio de Innovación Educativa de JCCM

Volver

Siguiente
BlueBot: Código Misterio
DESARROLLO 7

?? Sexta y Última Parada: La Agente de Enlace Comando asumido: Girar a la derecha, Avanzar 3, Girar a la izquierda, Avanzar 1 (para ir de 3,2 a 6,3). Bluebot se mueve a (6,3) - Sala de Pruebas. La Gata Agente de Enlace (con el traje lila y sombrero, Imagen 5) está revisando unos archivos policiales. Pista 6 (Gata Agente de Enlace): ""¡Lo hemos confirmado! El ladrón usó una identificación falsa, pero sus huellas dactilares no mienten. El culpable es... Alan Salton, el conejo (el mismo que está en el pasillo, ¡el testigo!). Pero, más importante aún, hemos verificado su confesión: el objeto está escondido en la Casilla 6,1. ¡Es hora de recuperarlo!"" ________________________________________

Siguiente

Obra publicada con Licencia Creative Commons CC BY-NC-SA InnovaRetosCLM 2025 – Servicio de Innovación Educativa de JCCM

Volver
BlueBot: Código Misterio
DESARROLLO 8

?? ¡Caso Cerrado! Desafío Final Narrador: ¡Magnífico trabajo, Detectives! Han visitado a todos los testigos y agentes clave. • Identidad del Ladrón: Alan Salton (el conejo). • Ubicación de la Piedra: Casilla (6,1). El Desafío Final: Su última programación debe llevar al Bluebot, en una sola secuencia de comandos, desde su ubicación actual (6,3) hasta la Piedra Rosetta en la Casilla (6,1). ¿Cuál es la secuencia final para recuperar la Piedra Rosetta? ¡Es hora de la programación final! ?? Recuperando la Piedra Rosetta Comando asumido: Girar a la izquierda, Avanzar 2 (para ir de 6,3 a 6,1). Bluebot se mueve a (6,1) - FIN: La Piedra Rosetta ha sido recuperada. Narrador: ¡CASO CERRADO! ¡LO HAN LOGRADO! El Bluebot ha llegado exactamente a la Casilla (6,1). La Piedra Rosetta está asegurada y el ladrón, Alan Salton, ha sido identificado. ________________________________________

Siguiente

Obra publicada con Licencia Creative Commons CC BY-NC-SA InnovaRetosCLM 2025 – Servicio de Innovación Educativa de JCCM

Volver
BlueBot: Código Misterio
MATERIALES NECESARIOS
DISPOSITIVOS
OTROS
DESCARGAS

BlueBot

Tapete British Museum

Piezas Tapete

Fichas direcciones

Tapete British Museum Arassac

Piezas Tapete Arasaac

Obra publicada con Licencia Creative Commons CC BY-NC-SA InnovaRetosCLM 2025 – Servicio de Innovación Educativa de JCCM
BlueBot: Código Misterio
VÍDEOS Y AUDIOS

    Presentación de InnovaRetosCLM 25-26
    Inicio de reto 1 - El misterio de la piedra Rosetta
    Presentación de sospechosos
    Localización del culpable
    Resolución del caso.

Obra publicada con Licencia Creative Commons CC BY-NC-SA InnovaRetosCLM 2025 – Servicio de Innovación Educativa de JCCM
BlueBot. Código Misterio
ENTREGAS

En este apartado te indicaremos los pasos a seguir para entregar tu proyecto: 1. Las evidencias necesarias para obtener la insignia correspondiente son las siguientes: Fotografías o vídeo del alumnado utilizando el recurso BlueBot. 2. Proceso de entrega. Incluye toda la información anterior en un fichero denominado ""nombrecentro_curso"". Haz clic en el botón Entregar evidencias, rellena los campos y adjunta el fichero con las evidencias.

Volver

Siguiente

Obra publicada con Licencia Creative Commons CC BY-NC-SA InnovaRetosCLM 2025 – Servicio de Innovación Educativa de JCCM";Nuestro robot educativo BlueBot representa al equipo detectives. Se ha producido un robo en el Museo de Londres y se ha desplegado todo el dispositivo policial para acordonar la zona. El setup del reto es un tapete de dimensiones 6x4 con las diferentes estancias del British Museum de Londres.
INNOVARETOS2025;InnovaRetos CLM (Fase I);"Infantil; Primaria";"2º ciclo Infantil; Primer ciclo; EBO";3-16 años;Scratch Jr;El arte de ocultar pistas;https://view.genially.com/694a50b06ee21e7efa5a8381/interactive-content-entrenamiento-1-caso-abierto-desaparicion-de-la-piedra-de-rosetta;Educación Infantil, Scratch Jr, Entrenamiento, Gamificación / misterio, Programación, INNOVARETOS;"CATEGORÍA KID
ENTRENAMIENTO 1
El arte de ocultar pistas
RETO 1. CASO ABIERTO: La desaparición de la Piedra de Rosetta.
Edad recomendada: A partir de 4 años
GUÍA DIDÁCTICA
Temporalización: 2/3 sesiones (50 min.)

Desarrollo

Descripción
Área / materia: Comunicación y representación de la realidad.

Objetivos

Materiales

RETO 1

Vídeos
Recursos: Panel digital/tablet Schatch Junior
ENTRENAMIENTO 1: El arte de ocultar pistas
DESCRIPCIÓN

Londres está shock: ¡la Piedra de Rosetta ha sido robada del Museo Británico! El equipo liderado por la comisaria Lagatha Christie pide nuestra ayuda urgente para resolver el caso. Para lograrlo, deberéis convertiros en detectives expertos. Tendréis acceso a un archivo de sospechosos y a un documento secreto en ScratchJr preparado por la comisaria. Siguiendo las pistas, descubriréis quién es el culpable. Cuando resolváis el misterio, vuestra misión consistirá en enviar un mensaje secreto al equipo de Lagatha Christie usando también la app ScratchJr, comunicando vuestra conclusión. Para ello recibiréis dos entrenamientos especiales. En este primer entrenamiento, aprenderéis a manejar la aplicación para ocultar y mostrar objetos, así como a aumentar y disminuir su tamaño. Mucho ánimo, detectives. Os necesitamos para resolver el caso.

Obra publicada con Licencia Creative Commons CC BY-NC-SA InnovaRetosCLM 2025 – Servicio de Innovación Educativa de JCCM
ENTRENAMIENTO 1: El arte de ocultar pistas
OBJETIVOS

    Desarrollar la competencia en comunicación lingüística a través de guiones y diálogos grabados en ScratchJr.
    Fomentar la competencia digital familiarizándose con entornos digitales, interfaces, bloques de programación, pasos y secuencias.
    Estimular el pensamiento lógico-matemático y la resolución de problemas programando secuencias simples.
    Promover la socialización, la colaboración y las habilidades sociales a la hora de trabajar en gran grupo, pequeño grupo y por parejas para idear historias, programar y compartir ideas.

Obra publicada con Licencia Creative Commons CC BY-NC-SA InnovaRetosCLM 2025 – Servicio de Innovación Educativa de JCCM
ENTRENAMIENTO 1: El arte de ocultar pistas
DESARROLLO

Se proponen tres sesiones para la resolución del caso, cuya duración y desarrollo dependerán del número y edad del alumnado, de los dispositivos disponibles, de los conocimientos previos sobre la app ScratchJr, etc. SESIÓN 1: Presentación del caso Proyectaremos el video motivacional inicial para recordar el caso y realizaremos una exploración libre de la app. SESIÓN 2: Ocultamos pistas Jugaremos con los bloques de programación para ocultar y mostrar objetos. SESIÓN 3: Transformamos pistas Trabajaremos con los bloques para hacer crecer y disminuir objetos de modo que podamos esconder unos detrás de otros.
INDICE

SESIÓN 1

SESIÓN 2

SESIÓN 3

Obra publicada con Licencia Creative Commons CC BY-NC-SA InnovaRetosCLM 2025 – Servicio de Innovación Educativa de JCCM
SESIÓN 1: Presentamos el caso

Lagatha Christie nos envía un vídeo solicitando nuestra ayuda. Es la hora de ponernos ""patas a la obra"" y conocer la app Scratch Junior para resolver nuestro reto. Para ello, abrid la app y exploradla libremente.

VÍDEO 1

Scratch Jr
Zonas del escenario de Scratch Jr INTEF. Licencia (CC By 4.0)

Obra publicada con Licencia Creative Commons CC BY-NC-SA InnovaRetosCLM 2025 – Servicio de Innovación Educativa de JCCM

Volver
SESIÓN 2: Ocultamos pistas

Para ocultar pistas vamos a utilizar estos bloques de programación:

Prueba 2

Prueba 1

Obra publicada con Licencia Creative Commons CC BY-NC-SA InnovaRetosCLM 2025 – Servicio de Innovación Educativa de JCCM

Volver
SESIÓN 3: Transformamos pistas

Para ocultar pistas vamos a utilizar estos bloques de programación:

Prueba 2

Prueba 1

Obra publicada con Licencia Creative Commons CC BY-NC-SA InnovaRetosCLM 2025 – Servicio de Innovación Educativa de JCCM
ENTRENAMIENTO 1: El arte de ocultar pistas
MATERIALES NECESARIOS
RECURSOS
DESCARGAS
OTROS

Panel Digital/tablet Descarga App Scratch Jr Web Scratch Junior

Guía didáctica reto 1 G.D. entrenamiento 1

Vídeo Motivacional Tutorial Scratch Junior

Obra publicada con Licencia Creative Commons CC BY-NC-SA InnovaRetosCLM 2025 – Servicio de Innovación Educativa de JCCM
ENTRENAMIENTO 1: El arte de ocultar pistas
VÍDEOS

    Presentación de InnovaRetosCLM 25-26
    Inicio de reto 1 - El misterio de la piedra Rosetta

Obra publicada con Licencia Creative Commons CC BY-NC-SA InnovaRetosCLM 2025 – Servicio de Innovación Educativa de JCCM

PRUEBA 2

1. Qué sucedería si cambiamos la bandera verde por el botón de “al tocar”? 2. Realizamos la comprobación. 3. Ahora vamos a realizar otro truco de magia digital. Haremos que nuestro personaje dé una vuelta, desaparezca, suba 6 pasos y aparezca. ¡¡Enhorabuena, has conseguido hacer que los personajes desaparezcan y parezcan, al tocarlos, en otro lugar!!
Scratch Junior

Para el profesorado que no tenga experiencia con la aplicación, es muy recomendable explorarla previamente. En la página de Scratch Jr contamos con tutoriales sencillos y prácticos. Y, además, este documento publicado por el INTEF nos ayudará a familiarizarnos con su uso.
enlace WEB
PRUEBA 1

1. Elige un escenario de la Naturaleza (parque, granja, verano…).2. Selecciona al personaje del hada. 3. De los bloques amarillos, elige la bandera verde. 4. Con los bloques de movimiento haz que el hada dé una vuelta completa. 5. De los bloques morados de apariencia escoge el de “ocultar”. ¿Qué sucederá? Ejecuta la programación presionando la bandera verde. ¡Te has convertido en un/a detective digital!
Scratch Jr

Si nunca se ha utilizado Scratch Jr presentaremos la interfaz:

    Personajes: añadiremos, eliminaremos y los cambiaremos de lugar.
    Fondo: elegiremos un fondo para nuestra historia.
    Bloques de programación:
        Movimiento (azul): para avanzar, retroceder, subir, bajar, saltar o girar.
        Eventos (amarillo): inicio con bandera verde. 

Propondremos diversos retos para la exploración libre. Pueden elegir un fondo, un personaje y que hagan que se mueva por el escenario al pinchar en la bandera verde.

PRUEBA 2

Es el momento de continuar explorando libremente:

    Incorpora más personajes
    Escóndelos
    Haz que aparezcan y desaparezcan
    Prográmalos para que se muevan, aumenten de tamaño, aparezcan en otro lugar… 

Es importante que practiques para conseguir superar el reto 1.

¡Entrenamiento 1 superado! Lagatha Christie necesita profesionales tan creativos y creativas como tú!
Scratch Junior

Para el profesorado que no tenga experiencia con la aplicación, es muy recomendable explorarla previamente. En la página de Scratch Jr contamos con tutoriales sencillos y prácticos. Y, además, este documento publicado por el INTEF nos ayudará a familiarizarnos con su uso.
PRUEBA 1

1. Escogemos el personaje de la tarta. 2. Lo hacemos más pequeño seleccionando el bloque morado de disminuir y llevándolo a la zona de programación. Pulsaremos sobre este botón las veces necesarias para que la tarta quepa detrás de nuestra hada. 3. Seleccionamos el hada y la colocamos sobre la tarta de modo que ésta no se vea. Podemos aumentar el tamaño del hada seleccionando y arrastrando hasta la zona de programación el bloque morado de aumentar. Pulsaremos sobre este botón las veces necesarias para que nuestra hada tape la tarta. 4. Programaremos a nuestra hada para que al tocarla desaparezca.";Se proponen tres sesiones para la resolución del caso, cuya duración y desarrollo dependerán del número y edad del alumnado, de los dispositivos disponibles, de los conocimientos previos sobre la app ScratchJr, etc.
INNOVARETOS2025;InnovaRetos CLM (Fase I);"Infantil; Primaria";"2º ciclo Infantil; Primer ciclo; EBO";3-16 años;Scratch Jr;El arte de crear mensajes;https://view.genially.com/69580d0fa2f01c4a8bf1fd81/interactive-content-entrenamiento-2-caso-abierto-desaparicion-de-la-piedra-de-rosetta;Educación Infantil, Scratch Jr, Entrenamiento, Gamificación / misterio, Programación, INNOVARETOS;"CATEGORÍA KID
ENTRENAMIENTO 2
El arte de crear mensajes

RETO 1. CASO ABIERTO: La desaparición de la Piedra de Rosetta.
Edad recomendada: A partir de 4 años
GUÍA DIDÁCTICA
Temporalización: 2/3 sesiones (50 min.)

Desarrollo

Descripción
Área / materia: Comunicación y representación de la realidad.

Objetivos

Materiales

Vídeos

RETO 1
Recursos: Panel digital/tablet Schatch Junior
ENTRENAMIENTO 2: El arte de crear mensajes
DESCRIPCIÓN

Londres está shock: ¡la Piedra de Rosetta ha sido robada del Museo Británico! El equipo liderado por la comisaria Lagatha Christie pide nuestra ayuda urgente para resolver el caso. Continuamos nuestra misión como ayudantes de Lagatha Christie con este segundo entrenamiento, en el que aprenderemos principalmente a programar mensajes orales y escritos. Estas habilidades serán clave para descubrir y enviar mensajes ocultos en el reto final. Para ello, utilizaremos los bloques ya trabajados en el primer entrenamiento —eventos, comenzar al presionar bandera verde y comenzar al pulsar; apariencia, crecer, disminuir, ocultar y mostrar— y añadiremos nuevos bloques: decir (apariencia) y grabar audio (sonido). Además, trabajaremos los títulos y el editor de dibujo para escribir mensajes. Mucho ánimo, detectives. Os necesitamos para resolver el caso.

Obra publicada con Licencia Creative Commons CC BY-NC-SA InnovaRetosCLM 2025 – Servicio de Innovación Educativa de JCCM
ENTRENAMIENTO 2: El arte de crear mensajes
OBJETIVOS

    Desarrollar la competencia en comunicación lingüística a través de guiones y diálogos grabados en ScratchJr.
    Fomentar la competencia digital familiarizándose con entornos digitales, interfaces, bloques de programación, pasos y secuencias.
    Estimular el pensamiento lógico-matemático y la resolución de problemas programando secuencias simples.
    Promover la socialización, la colaboración y las habilidades sociales a la hora de trabajar en gran grupo, pequeño grupo y por parejas para idear historias, programar y compartir ideas.

Obra publicada con Licencia Creative Commons CC BY-NC-SA InnovaRetosCLM 2025 – Servicio de Innovación Educativa de JCCM
ENTRENAMIENTO 2: El arte de crear mensajes
DESARROLLO

Se proponen tres sesiones para la resolución del caso, cuya duración y desarrollo dependerán del número y edad del alumnado, de los dispositivos disponibles, de los conocimientos previos sobre la app ScratchJr, etc. SESIÓN 1: Presentación del caso. Proyectaremos el vídeo motivacional inicial para recordar el caso y realizaremos una exploración libre de la app. SESIÓN 2: Mensajes que se leen y se escuchan. Jugaremos con los bloques de programación para ocultar y mostrar objetos. SESIÓN 3: Mensajes que se dibujan. Trabajaremos con los bloques para hacer crecer y disminuir objetos de modo que podamos esconder unos detrás de otros.
INDICE

SESIÓN 1

SESIÓN 2

SESIÓN 3

Obra publicada con Licencia Creative Commons CC BY-NC-SA InnovaRetosCLM 2025 – Servicio de Innovación Educativa de JCCM
SESIÓN 1: Presentamos el caso

Lagatha Christie nos envía un vídeo solicitando nuestra ayuda. Es la hora de ponernos ""patas a la obra"" y conocer la app Scratch Junior para resolver nuestro reto. Para ello, abrid la app y exploradla libremente.

VÍDEO 1

Scratch Jr
Zonas del escenario de Scratch Jr INTEF. Licencia (CC By 4.0)

Obra publicada con Licencia Creative Commons CC BY-NC-SA InnovaRetosCLM 2025 – Servicio de Innovación Educativa de JCCM

Volver
SESIÓN 2: Mensajes que se leen y se escuchan

Para crear mensajes vamos a utilizar estos bloques de programación:

Prueba 2

Prueba 1

Obra publicada con Licencia Creative Commons CC BY-NC-SA InnovaRetosCLM 2025 – Servicio de Innovación Educativa de JCCM

Volver
SESIÓN 3: Mensajes que se dibujan

Para dibujar mensajes y poner título a nuestras presentaciones vamos a utilizar estos botones:

Prueba 2

Prueba 1

Obra publicada con Licencia Creative Commons CC BY-NC-SA InnovaRetosCLM 2025 – Servicio de Innovación Educativa de JCCM

Volver
ENTRENAMIENTO 2: El arte de crear mensajes
MATERIALES NECESARIOS
RECURSOS
DESCARGAS
OTROS

Panel Digital/tablet Descarga App Scratch Jr Web Scratch Junior

Guía didáctica reto 1 G.D. entrenamiento 2

Vídeo Motivacional Tutorial Scratch Junior

Obra publicada con Licencia Creative Commons CC BY-NC-SA InnovaRetosCLM 2025 – Servicio de Innovación Educativa de JCCM
ENTRENAMIENTO 2: El arte de crear mensajes
VÍDEOS

    Presentación de InnovaRetosCLM 25-26
    Inicio de reto 1 - El misterio de la piedra Rosetta

Obra publicada con Licencia Creative Commons CC BY-NC-SA InnovaRetosCLM 2025 – Servicio de Innovación Educativa de JCCM

PRUEBA 2

1. Programaremos mensajes grabados seleccionando los bloques de sonido 2. Pincha en se abrirá esta ventana en la que al hacer clic en el círculo rojo comenzará a grabar. Puedes decir: “Hola, soy Ta”. 3. Tu grabación se ha convertido en un bloque verde de sonido que puedes utilizar como los demás. ¡Prueba! 4. Si quieres que tu personaje hable y muestre un mensaje escrito al mismo tiempo, puedes mantener las dos programaciones que has creado. A esto lo llamamos “programación en paralelo”.
Scratch Junior

Para el profesorado que no tenga experiencia con la aplicación, es muy recomendable explorarla previamente. En la página de Scratch Jr contamos con tutoriales sencillos y prácticos. Y, además, este documento publicado por el INTEF nos ayudará a familiarizarnos con su uso.
enlace WEB
PRUEBA 1

    Elige el escenario llamado“Luna”.
    Escoge un extraterrestre, por ejemplo “Te”.
    De los bloques amarillos, selecciona la bandera verde.
    Ahora, lo programaremos para que hable. Seleccionaremos el bloque “decir” y escribiremos con el teclado, por ejemplo: “HOLA, SOY TE” .

¿Qué ocurrirá cuando presionemos la bandera verde? ¡Has aprendido a programar mensajes escritos! ¡Has aprendido a escribir mensajes!
Scratch Jr

Si nunca se ha utilizado Scratch Jr presentaremos la interfaz:

    Personajes: añadiremos, eliminaremos y los cambiaremos de lugar.
    Fondo: elegiremos un fondo para nuestra historia.
    Bloques de programación:
        Movimiento (azul): para avanzar, retroceder, subir, bajar, saltar o girar.
        Eventos (amarillo): inicio con bandera verde. 

Propondremos diversos retos para la exploración libre. Pueden elegir un fondo, un personaje y que hagan que se mueva por el escenario al pinchar en la bandera verde.

PRUEBA 2

Finalizaremos el entrenamiento aprendiendo a escribir títulos. 1. En esta ventana podrás escribir con el techado el texto, cambiar el tamaño y elegir el color. 2. Prueba a escribir el nombre de nuestro marciano con el tamaño más grande y color blanco. Una vez escrito pincha fuera de la pantalla para que se guarde. Debe quedarte algo así:
¡Entrenamiento 2 superado! Has conseguido aprender a crear mensajes.
Scratch Junior

Para el profesorado que no tenga experiencia con la aplicación, es muy recomendable explorarla previamente. En la página de Scratch Jr contamos con tutoriales sencillos y prácticos. Y, además, este documento publicado por el INTEF nos ayudará a familiarizarnos con su uso.
PRUEBA 1

¡Vamos a crear un mensaje con el editor de dibujo!1. Añade un personaje, pero selecciona el documento en blanco. 3. Para acceder al editor de dibujo pincharemos en el pincel. 4. Se abrirá el editor de dibujo. Elige trazo, grosor y color para dibujar. 5. Además explora los distintos botones que aparecen en la imagen para crear un mensaje más bonito. 6. Cuando lo hayas creado haz clic en el OK .Tu dibujo se habrá convertido en un personaje que podrás programar con los bloques que ya conoces. ¡Cuánta creatividad digital!";Se proponen tres sesiones para la resolución del caso, cuya duración y desarrollo dependerán del número y edad del alumnado, de los dispositivos disponibles, de los conocimientos previos sobre la app ScratchJr, etc. SESIÓN 1: Presentación del caso.
INNOVARETOS2025;InnovaRetos CLM (Fase I);"Infantil; Primaria";"2º ciclo Infantil; Primer ciclo; EBO";3-16 años;Scratch Jr;Caso Abierto: Desaparición de la Piedra de Rosetta;https://view.genially.com/6943e2351a5fa8f682ca4b63/interactive-content-reto-caso-abierto-desaparicion-de-la-piedra-de-rosetta;Educación Infantil, Scratch Jr, Reto, Gamificación / misterio, Programación, INNOVARETOS;"RETO 1
CATEGORÍA KID
Scratch Junior
CASO ABIERTO: Desaparición de la Piedra de Rosetta
Edad recomendada: A partir de 4 años
GUÍA DIDÁCTICA

Desarrollo

Descripción
Temporalización: 2/3 sesiones (50 min.)

Objetivos

Materiales
Área / materia: Comunicación y representación de la realidad.

Vídeos

Entregas
Recursos: Panel digital/tablet Schatch Junior
Caso Abierto: Desaparición de la Piedra de Rosetta.
DESCRIPCIÓN

Londres está shock: ¡la Piedra de Rosetta ha sido robada del Museo Británico! El equipo liderado por la comisaria Lagatha Christie pide nuestra ayuda urgente para resolver el caso. Para lograrlo, deberéis convertiros en detectives expertos. Tendréis acceso a un archivo de sospechosos y a un documento secreto en ScratchJr preparado por la comisaria. Siguiendo las pistas, descubriréis quién es el culpable. Cuando resolváis el misterio, vuestra misión consistirá en enviar un mensaje secreto al equipo de Lagatha Christie usando también la app ScratchJr, comunicando vuestra conclusión. Para ello recibiréis dos entrenamientos especiales: Combinando ambos entrenamientos, dominaréis el arte de los mensajes ocultos.

Entrenamiento 1 - El arte de ocultar pistas

Entrenamiento 2 - El arte de crear mensajes

Obra publicada con Licencia Creative Commons CC BY-NC-SA InnovaRetosCLM 2025 – Servicio de Innovación Educativa de JCCM
Caso Abierto: Desaparición de la Piedra de Rosetta.
OBJETIVOS

    Desarrollar la competencia en comunicación lingüística a través de guiones y diálogos grabados en ScratchJr.
    Fomentar la competencia digital familiarizándose con entornos digitales, interfaces, bloques de programación, pasos y secuencias.
    Estimular el pensamiento lógico-matemático y la resolución de problemas programando secuencias simples.
    Promover la socialización, la colaboración y las habilidades sociales a la hora de trabajar en gran grupo, pequeño grupo y por parejas para idear historias, programar y compartir ideas.

Obra publicada con Licencia Creative Commons CC BY-NC-SA InnovaRetosCLM 2025 – Servicio de Innovación Educativa de JCCM
Caso Abierto: Desaparición de la Piedra de Rosetta.
DESARROLLO

Se proponen tres sesiones para la resolución del caso, cuya duración y desarrollo dependerán del número y edad del alumnado, de los dispositivos disponibles, de los conocimientos previos sobre la app ScratchJr, etc. SESIÓN 1: Vídeo motivacional y análisis de sospechosos. En esta primera sesión proyectaremos el vídeo motivacional inicial, solo en el caso en el que no se haya proyectado en los entrenamientos, y conoceremos a los sospechosos (si son demasiados podemos obviar a algunos excepto a Alan Salton y Lina Foxi). SESIÓN 2: Mensaje encriptado. Seguiremos el documento en Scratch Junior que nos envía la comisaria para averiguar quién robó la Piedra de Rosetta. SESIÓN 3: Misión cumplida. Finalmente, se elaborará una presentación en Scratch Junior en la que con un mensaje oculto se informe de las conclusiones a las que se han llegado.
INDICE

SESIÓN 1

SESIÓN 2

SESIÓN 3

Obra publicada con Licencia Creative Commons CC BY-NC-SA InnovaRetosCLM 2025 – Servicio de Innovación Educativa de JCCM
SESIÓN 1: Presentación del caso

Lagatha Christie nos envía un vídeo solicitando nuestra ayuda y adjunta la ficha policial de los sospechosos para que empiece la investigación. ¿Quién se habrá llevado la Piedra de Rosetta?

VÍDEO 1

SOSPECHOSOS

Volver

Obra publicada con Licencia Creative Commons CC BY-NC-SA InnovaRetosCLM 2025 – Servicio de Innovación Educativa de JCCM
Caso Abierto: Desaparición de la Piedra de Rosetta.
SOSPECHOSOS

Accede a la información que Lagatha Christie ha recabado sobre cada uno de nuestros sospechosos. Haz clic en cada uno de los iconos para escuchar los datos.

Obra publicada con Licencia Creative Commons CC BY-NC-SA InnovaRetosCLM 2025 – Servicio de Innovación Educativa de JCCM

Volver
SESIÓN 2: Mensaje encriptado

Ahora que conocemos a los sospechosos, Lagatha Christie nos envía un mensaje secreto en el que, a través de pistas, deberemos descubrir al culpable.

Escena 1: leemos y escuchamos el mensaje de la comisaria. Escena 2: tocamos los distintos objetos para encontrar a 5 animales que nos darán pistas para descubrir al culpable. (Pincha en la flecha para pasar de pantalla). Escena 3: de los 4 sospechosos elige al que crees que es el culpable. Escena 4: el culpable se ha escapado debéis pinchar sobre los conejos para averiguar cual de ellos es el auténtico.

Para ver el archivo, descárgalo en tu dispositivo. Abre esta página web ,pincha en la carpeta situada en arriba a la izquierda llamada ""load"" busca el archivo .sjr y ábrelo. Si trabajas desde la app, cuando descargues el archivo se abrirá una pantalla en la que te pregunta si quieres abrirlo con Scratch Jr permítelo y tendrás tu archivo en forma de regalo.

Obra publicada con Licencia Creative Commons CC BY-NC-SA InnovaRetosCLM 2025 – Servicio de Innovación Educativa de JCCM

Volver
SESIÓN 3: Misión cumplida.

Si habéis llegado hasta aquí es porque habéis descubierto al autor de la desaparición de la famosa Piedra de Rosetta. Sabía que podía contar con vosotros y vosotras. Ahora ha llegado el momento de crear un mensaje secreto con la resolución del caso, utilizando ScratchJr. Para superar el reto y cumplir vuestra misión, el mensaje deberá tener, como mínimo:

    Una página
    Un título realizado con el editor de texto con el nombre de vuestro colegio y grupo/clase.
    El mensaje debe estar oculto, por lo que podéis utilizar estos bloques de programación. 

¿GUARDAMOS EL MENSAJE PARA ENVIARLO?

CÁMARA DE SEGURIDAD
Vuestra comunicación secreta es la clave para cerrar el caso. ¡Buen trabajo, detectives!

Obra publicada con Licencia Creative Commons CC BY-NC-SA InnovaRetosCLM 2025 – Servicio de Innovación Educativa de JCCM

Volver
Caso Abierto: Desaparición de la Piedra de Rosetta.
MATERIALES NECESARIOS
RECURSOS
DESCARGAS
VÍDEOS

Panel Digital/tablet App Scratch Junior Web Scratch Junior Tutorial Scratch Junior

Archivo CasoAbierto .sjrGuía didáctica reto 1 G.D. entrenamiento 1 G.D. entrenamiento 2 Anexo I

Motivacional Audios de sospechosos CasoAbierto sjr Cámara de Seguridad Cierre del Caso

Obra publicada con Licencia Creative Commons CC BY-NC-SA InnovaRetosCLM 2025 – Servicio de Innovación Educativa de JCCM
Caso Abierto: Desaparición de la Piedra de Rosetta.
VÍDEOS Y AUDIOS

    Presentación de InnovaRetosCLM 25-26
    Inicio de reto 1 - El misterio de la piedra Rosetta
    Presentación de sospechosos
    Cámara de seguridad
    Resolución del caso.

Obra publicada con Licencia Creative Commons CC BY-NC-SA InnovaRetosCLM 2025 – Servicio de Innovación Educativa de JCCM
Caso Abierto: Desaparición de la Piedra de Rosetta.
ENTREGAS

En este apartado te indicamos los pasos a seguir para entregar tu proyecto:

    Necesitarás las siguientes evidencias:

        Fotos y/o vídeos del alumnado (sin sus caras) realizando las actividades del reto.
        Archivo .sjr o vídeo con grabación de pantalla del mensaje secreto creado por el alumnado.

2. Proceso de entrega.

        Rellena el anexo I.
        Ve al formulario de entregas, rellena los campos y adjunta el anexo I. 

Formularios entrega

Obra publicada con Licencia Creative Commons CC BY-NC-SA InnovaRetosCLM 2025 – Servicio de Innovación Educativa de JCCM
PARA GUARDAR EL PROYECTO

    Si trabajas con la web, descarga el documento haciendo clic en el icono ""save"" 

    Si utilizas la app, pulsa la pestaña naranja de la esquina superior izquierda para guardar y enviar el mensaje (pide ayuda a un adulto).

¡Estamos desando ver vuestros mensajes secretos!";Se proponen tres sesiones para la resolución del caso, cuya duración y desarrollo dependerán del número y edad del alumnado, de los dispositivos disponibles, de los conocimientos previos sobre la app ScratchJr, etc. SESIÓN 1: Vídeo motivacional y análisis de sospechosos.
INNOVARETOS2025;InnovaRetos CLM (Fase I);Primaria;"Segundo ciclo; Tercer ciclo";8-12 años;Actividad desconectada;Conociendo Londres;https://view.genially.com/692586c0ea4383448689e9ac/interactive-content-conociendo-londres;Educación Primaria, Actividad desconectada, Entrenamiento, Gamificación / misterio, Pensamiento computacional, INNOVARETOS;"CATEGORÍA JUNIOR
Actividad desconectada
ENTRENAMIENTO 1
Conociendo Londres...
Edad recomendada: A partir de 8 años
GUÍA DIDÁCTICA

Descripción

Desarrollo
Temporalización: 1 sesión (50 min.)

Objetivos

Materiales
Áreas : Conocimiento del Medio y Matemáticas

Vídeos
Recursos: Papel y colores
Conociendo Londres
DESCRIPCIÓN

La actividad ""es una propuesta del Servicio de Innovación Educativa que tiene como objetivo iniciar al alumnado en el pensamiento computacional a través de ACTIVIDADES DESCONECTADAS que ayudan a la identificación de patrones, secuencias y lógica. El alumnado, trendrá que trabajar 3 entrenamientos, siendo el tercero el más complejo y el que más tiempo les ocupe. La actividad está pensada para realizarse individualmente, pero se podría realizar en parejas.

Obra publicada con Licencia Creative Commons CC BY-NC-SA InnovaRetosCLM 2025 – Servicio de Innovación Educativa de JCCM

Volver
Conociendo Londres
DESARROLLO

Esta actividad consta de tres entrenamientos , que pueden desarrollarse en una sesión aproximadamente. En la época del robo de la Piedra de Rosseta, los habitantes de Londres iban a la moda con sombreros de copa. Como Londres es una ciudad lluviosa necesitarás un paraguas y ya estarás listo para la ruta de mañana y tarde que te ayudará a conocer los lugares más representativos de la ciudad de Londres. Adivina el sombrero: Según el patrón ofrecido, el alumnado deberá averiguar las características del sombrero. Coge tu paraguas: desde una perspectiva superior tienen un modelo de paraguas, que tendrás que reconocer con el paraguas visto desde una perspectiva lateral. ""Rutea"" por Londres: Por último, en esta actividad. a través de un mapa de Londres y para conocer la Ciudad y sus lugares más icónicos, se plantea una ruta turística donde el alumnado tiene que determinar qué distancias recorre, eligiendo las rutas más cortas.

Obra publicada con Licencia Creative Commons CC BY-NC-SA InnovaRetosCLM 2025 – Servicio de Innovación Educativa de JCCM

Volver
Conociendo Londres
OBJETIVOS

    Desarrollar el pensamiento computacional.
    Identificar patrones y secuencias a través de situaciones cotidianas.
    Resolver problemas que requieran del análisis de sus diferentes partes así como del uso de la Competencia Matemática.

Obra publicada con Licencia Creative Commons CC BY-NC-SA InnovaRetosCLM 2025 – Servicio de Innovación Educativa de JCCM

Volver
Conociendo Londres
MATERIALES NECESARIOS
FOLIOS IMPRESOS
DESCARGAS

Ficha imprible SombreroFicha imprimible ParaguasFicha imprimible Ruta de Londres

Obra publicada con Licencia Creative Commons CC BY-NC-SA InnovaRetosCLM 2025 – Servicio de Innovación Educativa de JCCM

Volver
Título de la actividad
VÍDEOS Y AUDIOS

    Presentación de InnovaRetosCLM 25-26
    Inicio de reto 1 - El misterio de la piedra Rosetta
    Presentación de sospechosos
    Localización del culpable
    Resolución del caso.

Obra publicada con Licencia Creative Commons CC BY-NC-SA InnovaRetosCLM 2025 – Servicio de Innovación Educativa de JCCM

Volver";Esta actividad consta de tres entrenamientos , que pueden desarrollarse en una sesión aproximadamente. En la época del robo de la Piedra de Rosseta, los habitantes de Londres iban a la moda con sombreros de copa.
INNOVARETOS2025;InnovaRetos CLM (Fase I);Primaria;"Segundo ciclo; Tercer ciclo";8-12 años;Actividad desconectada;Persiguiendo al ladrón;https://view.genially.com/6942541aa93afece45199bb8/interactive-content-persiguiendo-al-ladron;Educación Primaria, Actividad desconectada, Reto, Gamificación / misterio, Programación, Pensamiento computacional, INNOVARETOS;"CATEGORÍA JUNIOR
Actividad desconectada
RETO 1
Persiguiendo al ladrón
Edad recomendada: A partir de 8 años
GUÍA DIDÁCTICA

Descripción

Desarrollo
Temporalización: 1 sesión (50 min.)

Objetivos

Materiales
Áreas : Conocimiento del Medio y Matemáticas

Vídeos

Código
Recursos: Papel y Lápiz

Entregas
Persiguiendo al ladrón...
DESCRIPCIÓN

La actividad ""es una propuesta del Servicio de Innovación Educativa que tiene como objetivo iniciar al alumnado en el pensamiento computacional a través de ACTIVIDADES DESCONECTADAS que ayudan a la identificación de patrones, secuencias y lógica. El robo de la Piedra de Rosseta en Londres ha causado un gran revuelo. El sospechoso antes de culminar el robo, ha estado merodeando por las diferentes vitrinas que componen el museo. Estuvo mirando varios objetos y según las cámaras del museo pasó por diferentes zonas, disimulando como un mero observador... La actividad está pensada para realizarse individualmente, pero se podría realizar en parejas. Y se trata de adivinar, tras ver varios modelos, las características de la moneda, del tapiz y del diamante. Se sabe que el ladrón ha huído en un tren con muchos vagones. ¿Cual será el código del vagón?
Tapiz egipcio
Diamante
Moneda romana

Volver

Obra publicada con Licencia Creative Commons CC BY-NC-SA InnovaRetosCLM 2025 – Servicio de Innovación Educativa de JCCM
Persiguiendo al ladrón
DESARROLLO

Esta actividad consta de un RETO que tiene 3 acertijos , que te conducen a un CÓDIGO que puede resolverse perfectamente en una sesión. Como vamos siguiendo el rastro de un ladrón, sabemos que ha estado mirando las muchas vitrinas del Museo y en especial se ha detenido en 3 de ellas.

Debemos fijarnos en cada detalle de la moneda correcta, del tapiz y del diamante Son tres actividades de discriminación, patrones y secuencias. Con cada acertijo superado se obtendrá un NÚMERO o LETRA que es la contraseña que nos indica el Código del tren correcto.

NOTA: el acertijo del diamante requiere de impresión en color pero para ahorrar tinta también se puede proyectar y que el alumnado, según los modelos, indique la correcta.
Moneda¿nº?
Tapiz¿nº?
Diamante¿letraº?

Volver

Obra publicada con Licencia Creative Commons CC BY-NC-SA InnovaRetosCLM 2025 – Servicio de Innovación Educativa de JCCM
Persiguiendo al ladrón
OBJETIVOS

    Desarrollar el pensamiento computacional.
    Identificar patrones y secuencias a través de situaciones cotidianas.
    Resolver problemas que requieran del análisis de sus diferentes partes así como del uso de la Competencia Matemática.

Obra publicada con Licencia Creative Commons CC BY-NC-SA InnovaRetosCLM 2025 – Servicio de Innovación Educativa de JCCM

Volver
Persiguiendo al ladrón
MATERIALES NECESARIOS
FOLIOS IMPRESOS
DESCARGAS
Ficha de la Moneda
Ficha del Tapiz
Ficha del Diamante

NOTA: Anota el código en un papel papel y ve al apartado de Código.

Volver

Obra publicada con Licencia Creative Commons CC BY-NC-SA InnovaRetosCLM 2025 – Servicio de Innovación Educativa de JCCM
Título de la actividad
VÍDEOS Y AUDIOS

    Presentación de InnovaRetosCLM 25-26
    Inicio de reto 1 - El misterio de la piedra Rosetta
    Presentación de sospechosos
    Localización del culpable
    Resolución del caso.

Volver

Obra publicada con Licencia Creative Commons CC BY-NC-SA InnovaRetosCLM 2025 – Servicio de Innovación Educativa de JCCM
Persiguiendo al ladrón
¡ ES HORA DE INTRODUCIR TU CÓDIGO !
El código te lleva al vagón correcto donde está el presunto ladrón.

introduce el código

Obra publicada con Licencia Creative Commons CC BY-NC-SA InnovaRetosCLM 2025 – Servicio de Innovación Educativa de JCCM

Esta página necesita contraseña de acceso

Introduce la contraseña
Persiguiendo al ladrón
ENTREGAS

En este apartado te indicaremos los pasos a seguir para entregar tu proyecto: 1. Evidencias necesarias: foto del código y de la pantalla que te sale tras introducir el código correctamente. 2. Proceso de entrega: Incluye las evidencias en un fichero denominado ""nombrecentro_curso"". Ve al formulario de entregas para la Categoría rellena los campos y adjunta el fichero con las evidencias.
Contextualiza tu tema
junior

Volver

Obra publicada con Licencia Creative Commons CC BY-NC-SA InnovaRetosCLM 2025 – Servicio de Innovación Educativa de ";Esta actividad consta de un RETO que tiene 3 acertijos , que te conducen a un CÓDIGO que puede resolverse perfectamente en una sesión. Como vamos siguiendo el rastro de un ladrón, sabemos que ha estado mirando las muchas vitrinas del Museo y en especial se ha detenido en 3 de ellas.
INNOVARETOS2025;InnovaRetos CLM (Fase I);Primaria;"Segundo ciclo; Tercer ciclo";8-12 años;Codey Rocky;Operación Rosseta;https://view.genially.com/693917177ac43868c0102413/interactive-content-entrenamiento-operacion-rosetta;Educación Primaria, Codey Rocky, Entrenamiento, Gamificación / misterio, Robótica educativa, Programación, Pensamiento computacional, Trabajo cooperativo, INNOVARETOS;"CATEGORÍA JUNIOR
Robótica Educativa
ENTRENAMIENTO
Entrenamiento: Operación Rosetta
Edad recomendada: A partir de 8 años
GUÍA DIDÁCTICA

Descripción

Desarrollo
Temporalización: 2 sesiones (45 min.)

Objetivos

Materiales
Materia: Conocimiento del Medio Matemáticas

Vídeos
Recursos: Codey Rocky
Entrenamiento: Operación Rosetta
DESCRIPCIÓN

En Operación Rosetta el alumnado ayudará a la inspectora Lagatha Christie y a sus detectives a resolver un caso muy importante. ¡La piedra Rosetta ha sido robada del museo de Londres! Esta vez contarán con la ayuda de Codey Rocky, un pequeño robot que les facilitará la recogida de pruebas y el análisis de evidencias. Pero antes de ir al museo necesitan practicar con el robot en la oficina para conocer mejor su funcionamiento. ¿Les ayudas?

Volver

Obra publicada con Licencia Creative Commons CC BY-NC-SA InnovaRetosCLM 2025 – Servicio de Innovación Educativa de JCCM
Entrenamiento: Operación Rosetta
DESARROLLO

Antes de empezar el/la docente debe:

    Imprimir las tarjetas de los personajes y la hoja de registro. 

    Dividir la clase en grupos y repartir a cada grupo:
        Dispositivo (Tablet o PC)
        Codey Rocky
        Tarjetas de personaje
        Hoja de registro

En el menú de la derecha encontrarás una guía para conectar Codey Rocky al dispositivo y el paso a paso para poder realizar todas las actividades de entrenamiento. Cada vez que los alumnos completen las actividades de entrenamiento el docente les firmará en su hoja de registro para realizar un seguimiento de las actividades superadas. Una vez que hayan completado el entrenamiento, los alumnos estarán listos para poder resolver el misterio de la Piedra Rosetta.

ÍNDICE

Conexión PC

Conexión Tablet

Interfaz

2. Pantalla

1. Avanzar y girar

4. Sensor de ruido

3. Sensor de luz

5. Sensor de color

6. Temporizador

Hoja de Registro

Tarjetas de personajes

Volver

Obra publicada con Licencia Creative Commons CC BY-NC-SA InnovaRetosCLM 2025 – Servicio de Innovación Educativa de JCCM
CONEXIÓN (TABLET) 1/2

Descargamos la app mBlock de Playstore y seguimos los pasos siguientes:

Volver

Avanza

Obra publicada con Licencia Creative Commons CC BY-NC-SA InnovaRetosCLM 2025 – Servicio de Innovación Educativa de JCCM
CONEXIÓN (TABLET) 2/2

Para realizar la programación arrastramos los bloques y los juntamos como si fueran un puzzle. Si queremos eliminar algún bloque lo arrastramos hacia el menú de la izquierda.

Volver

Entrenamientos

Obra publicada con Licencia Creative Commons CC BY-NC-SA InnovaRetosCLM 2025 – Servicio de Innovación Educativa de JCCM
CONEXIÓN (PC) 1/3

Volver

Obra publicada con Licencia Creative Commons CC BY-NC-SA InnovaRetosCLM 2025 – Servicio de Innovación Educativa de JCCM

Avanza
CONEXIÓN (PC) 2/3

Volver

Avanza

Obra publicada con Licencia Creative Commons CC BY-NC-SA InnovaRetosCLM 2025 – Servicio de Innovación Educativa de JCCM
CONEXIÓN (PC) 3/3

Para realizar la programación arrastramos los bloques y los juntamos como si fueran un puzzle. Si queremos eliminar algún bloque lo arrastramos hacia el menú de la izquierda.

Volver

Entrenamientos

Obra publicada con Licencia Creative Commons CC BY-NC-SA InnovaRetosCLM 2025 – Servicio de Innovación Educativa de JCCM
INTERFAZ

Después de vincular el robot con el dispositivo, debemos seguir los siguientes pasos para programarlo: 1. Seleccionar la categoría de bloques en el menú de la izquierda. En este entrenamiento vamos a usar bloques de estas categorías: 2. Buscar el bloque deseado y arrastrarlo a la parte derecha 3. Unir los bloques de arriba hacia abajo como si fuera un puzle 4. Enviar la programación al dispositivo con este botón
PC
PC
TABLET
TABLET

Volver

Obra publicada con Licencia Creative Commons CC BY-NC-SA InnovaRetosCLM 2025 – Servicio de Innovación Educativa de JCCM

Entrenamiento 1
ENTRENAMIENTO 1: AVANZAR Y GIRAR

Pulsa en ""Siguiente"" para conocer como hacer giros con Codey Rocky

Volver

Siguiente

Obra publicada con Licencia Creative Commons CC BY-NC-SA InnovaRetosCLM 2025 – Servicio de Innovación Educativa de JCCM
ENTRENAMIENTO 1: AVANZAR Y GIRAR

Volver

Avanza

Obra publicada con Licencia Creative Commons CC BY-NC-SA InnovaRetosCLM 2025 – Servicio de Innovación Educativa de JCCM
ENTRENAMIENTO 2: PANTALLA

Volver

Avanza

Obra publicada con Licencia Creative Commons CC BY-NC-SA InnovaRetosCLM 2025 – Servicio de Innovación Educativa de JCCM
ENTRENAMIENTO 3: SENSOR DE LUZ

Volver

Avanza

Obra publicada con Licencia Creative Commons CC BY-NC-SA InnovaRetosCLM 2025 – Servicio de Innovación Educativa de JCCM
ENTRENAMIENTO 4: SENSOR DE RUIDO

Volver

Avanza

Obra publicada con Licencia Creative Commons CC BY-NC-SA InnovaRetosCLM 2025 – Servicio de Innovación Educativa de JCCM
ENTRENAMIENTO 5: SENSOR DE COLOR Y CONDICIONALES

Vídeo

Volver

Avanza

Obra publicada con Licencia Creative Commons CC BY-NC-SA InnovaRetosCLM 2025 – Servicio de Innovación Educativa de JCCM
ENTRENAMIENTO 6: TEMPORIZADOR

Volver

Entrenamientos

Obra publicada con Licencia Creative Commons CC BY-NC-SA InnovaRetosCLM 2025 – Servicio de Innovación Educativa de JCCM
Entrenamiento: Operación Rosetta
OBJETIVOS

    Iniciarse en el uso de Codey Rocky y la aplicación mblock.

    Trabajar el pensamiento computacional mediante la creación de programas sencillos con Codey Rocky, aplicando secuencias y condicionales para resolver retos planteados.

    Fomentar la resolución de problemas y el trabajo cooperativo, planificando, probando y depurando programas de forma colaborativa para mejorar el funcionamiento del robot.

Volver

Obra publicada con Licencia Creative Commons CC BY-NC-SA InnovaRetosCLM 2025 – Servicio de Innovación Educativa de JCCM
Entrenamiento: Operación Rosetta
MATERIALES NECESARIOS
DISPOSITIVOS
OTROS
DESCARGAS

Codey Rocky

Tapete 15x15 cm (similar al usado en Bluebot

Tarjetas de Personajes Hoja de registro

Volver

Obra publicada con Licencia Creative Commons CC BY-NC-SA InnovaRetosCLM 2025 – Servicio de Innovación Educativa de JCCM
Entrenamiento: Operación Rosetta
VÍDEOS Y AUDIOS

    Presentación de InnovaRetosCLM 25-26
    Inicio de reto 1 - El misterio de la piedra Rosetta
    Presentación de sospechosos
    Localización del culpable
    Resolución del caso.

Volver

Obra publicada con Licencia Creative Commons CC BY-NC-SA InnovaRetosCLM 2025 – Servicio de Innovación Educativa de ";Imprimir las tarjetas de los personajes y la hoja de registro. Dividir la clase en grupos y repartir a cada grupo: Dispositivo (Tablet o PC) Codey Rocky Tarjetas de personaje Hoja de registro En el menú de la derecha encontrarás una guía para conectar Codey Rocky al dispositivo y el paso a paso…
INNOVARETOS2025;InnovaRetos CLM (Fase I);Primaria;"Segundo ciclo; Tercer ciclo";8-12 años;Codey Rocky;Operación Rosseta;https://view.genially.com/69299837424d3554a2d9302a/interactive-content-operacion-rosetta;Educación Primaria, Codey Rocky, Reto, Egiptología / narrativa histórica, Gamificación / misterio, Robótica educativa, Programación, Pensamiento computacional, Trabajo cooperativo, INNOVARETOS;"CATEGORÍA JUNIOR
Robótica Educativa
RETO
Operación Rosetta
Edad recomendada: A partir de 8 años
GUÍA DIDÁCTICA

Descripción

Desarrollo
Temporalización: 2 sesiones (45 min.)

Materiales

Objetivos
Materia: Conocimiento del Medio Matemáticas

Vídeos

Entregas
Recursos: Codey Rocky
Operación Rosetta
DESCRIPCIÓN

En Operación Rosetta el alumnado ayudará a la inspectora Lagatha Christie y a sus detectives a resolver un caso muy importante. ¡La piedra Rosetta ha sido robada del museo de Londres! Para avanzar en la investigación, los investigadores se desplazarán hasta el museo y allí tendrán que recopilar datos y analizar pistas utilizando a Codey Rocky como ayuda. Al resolver cada uno de los seis desafíos obtendrán una pista en forma de letra que les ayudará a conocer el lugar donde ha huído el ladrón.

Volver

Obra publicada con Licencia Creative Commons CC BY-NC-SA InnovaRetosCLM 2025 – Servicio de Innovación Educativa de JCCM
Operación Rosetta
DESARROLLO

Antes de empezar el/la docente debe:

    Dividir la clase en grupos y repartir un dispositivo y un Codey Rocky por equipo.

    Imprimir las tarjetas y colocarlas en un tapete de 15x15cm como en la imagen.

    Imprimir el cuaderno de detectives y repartir uno a cada grupo. 

A continuación, cada grupo, con ayuda de Codey Rocky, debe realizar las pruebas que aparecen en el menú de la derecha para anotar las evidencias y recopilar las pistas del robo y anotar los resultados obtenidos en el cuaderno de detectives. Al terminar de realizar todas las pruebas, los alumnos deben intentar averiguar el país al que ha huido el ladrón ordenando las letras que encontrarán en las tarjetas del tapete, sin tener en cuenta las pistas falsas. Una vez que lo averigüen, deben introducirlo en el apartado ¿Dónde está el ladrón? para ver el vídeo final.

ÍNDICE

Instrucciones generales

Tarjetas del tapete

Cuaderno de detectives

2. Recogiendo Pistas

1. Colisión

3. Verificación

4. Iluminación

5. Ruido

6. Tiempo

¿Dónde está el ladrón?

Volver

Obra publicada con Licencia Creative Commons CC BY-NC-SA InnovaRetosCLM 2025 – Servicio de Innovación Educativa de JCCM
¿DÓNDE HA HUÍDO EL LADRÓN?

Ahora que ya habéis recogido todas las evidencias, podréis ver que en cada una de las tarjetas había una letra. Para encontrar el nombre del país al que ha huído el ladrón debéis descartar las pistas falsas, y ordenar correctamente las seis letras del resto de tarjetas. Una vez que lo adivinéis debéis introducir el nombre de ese país con letras mayúsculas en el siguiente enlace.

¿Dónde está el ladrón?

Volver

Obra publicada con Licencia Creative Commons CC BY-NC-SA InnovaRetosCLM 2025 – Servicio de Innovación Educativa de JCCM

Escribe en mayúsculas el país donde ha huido el ladrón

Introduce la contraseña
Instrucciones generales

    La potenciatiene que ser siempre del 30% 

    Cada segundo equivale a una casilla de avance

    Para que gire correctamente usaremos giros de 90 grados

Volver

Avanza

Obra publicada con Licencia Creative Commons CC BY-NC-SA InnovaRetosCLM 2025 – Servicio de Innovación Educativa de JCCM
EVIDENCIA 1: COLISIÓN

El ladrón ha huido haciendo un agujero en la pared. Necesitamos saber si es posible realizar algo así con facilidad desde dentro del museo. ??Objetivo: Colocar una pirámide de vasos en la casilla indicada y comprobar si es posible derribarla con Codey Rocky, saliendo desde la casilla de inicio. ¿Qué tipos de bloques necesito?
(Recuerda que puedes modificar la potencia y los segundos)

Vídeo

Obra publicada con Licencia Creative Commons CC BY-NC-SA InnovaRetosCLM 2025 – Servicio de Innovación Educativa de JCCM

Volver

Siguiente
EVIDENCIA 2: RECOPILANDO PISTAS

A lo largo de la sala han aparecido varias pistas que pueden ser útiles, debemos recogerlas y traerlas al punto de partida. ?? Objetivo: Realizar un recorrido con el robot pasando por todas las casillas que contengan pistas, volviendo a la casilla de salida. ¿Qué tipos de bloques necesito?
(Recuerda ajustar la potencia, segundos y grados. Algunos bloques los usarás varias veces)

Vídeo

Volver

Siguiente

Obra publicada con Licencia Creative Commons CC BY-NC-SA InnovaRetosCLM 2025 – Servicio de Innovación Educativa de JCCM
EVIDENCIA 3: ANALIZANDO PISTAS

Ahora que hemos recogido las pistas, debemos analizarlas para identificar cuáles son pistas verdaderas y cuáles son falsas. ??Objetivo: Programar el sensor de color Codey Rocky para que nos indique si las pistas recogidas son falsas (rojas) o verdaderas (verdes). Cada vez que le mostremos una pista al sensor, el robot reaccionará y mostrará en pantalla PISTA CORRECTA / PISTA FALSA. ¿Qué tipos de bloques necesito?

Vídeo

Volver

Siguiente

Obra publicada con Licencia Creative Commons CC BY-NC-SA InnovaRetosCLM 2025 – Servicio de Innovación Educativa de JCCM
EVIDENCIA 4: NIVEL DE LUZ

Tenemos que saber el nivel de luz que había en la sala para intentar averiguar la hora del día en la que sucedió el robo. ?? Objetivo: Programar a Codey Rocky para ir desde la casilla de inicio a la casilla indicada en el tapete y medir la intensidad de luz. ¿Qué tipos de bloques necesito?
(Recuerda ajustar la potencia, segundos y grados).

Vídeo

Volver

Siguiente

Obra publicada con Licencia Creative Commons CC BY-NC-SA InnovaRetosCLM 2025 – Servicio de Innovación Educativa de JCCM
EVIDENCIA 5: NIVEL DE RUIDO

El guardia asegura que no oyó nada raro, debemos comprobar el nivel de ruido habitual que hay en la sala para ver si esto pudo influir. ?? Objetivo: Programar a Codey Rocky para ir desde la casilla de inicio a la casilla indicada en el tapete y medir la intensidad del sonido. ¿Qué tipos de bloques necesito?
(Recuerda ajustar la potencia, segundos y grados)

Vídeo

Volver

Siguiente

Obra publicada con Licencia Creative Commons CC BY-NC-SA InnovaRetosCLM 2025 – Servicio de Innovación Educativa de JCCM
EVIDENCIA 6: TEMPORIZADOR

Para intentar conocer la ruta que siguió el ladrón antes de huir, debemos medir el tiempo que se tarda desde una punta de la sala hasta la otra. ?? Objetivo: Llevar a Codey Rocky desde la casilla de inicio hasta la casilla indicada y medir el tiempo que se tarda usando el temporizador. ¿Qué tipos de bloques necesito?
(Recuerda ajustar la potencia, segundos y grados)

Vídeo

Volver

Obra publicada con Licencia Creative Commons CC BY-NC-SA InnovaRetosCLM 2025 – Servicio de Innovación Educativa de JCCM
Operación Rosetta
OBJETIVOS

    Afianzar el uso de aplicaciones de programación tipo Scratch (mblock), así como la utilización de robots de suelo (Codey Rocky). 

    Trabajar el pensamiento computacional mediante la creación de programas sencillos con mBlock aplicando secuencias y condicionales para resolver retos planteados.

    Fomentar la resolución de problemas y el trabajo cooperativo, planificando, probando y depurando programas de forma colaborativa para mejorar el funcionamiento del robot.

Volver

Obra publicada con Licencia Creative Commons CC BY-NC-SA InnovaRetosCLM 2025 – Servicio de Innovación Educativa de JCCM
Operación Rosetta
MATERIALES NECESARIOS
DISPOSITIVOS
OTROS
DESCARGAS

Codey Rocky

Tapete de casillas 15x15 cm (igual que el usado con Bluebot) Vasos de plástico

Tarjetas Tapete Cuaderno de Detectives

Volver

Obra publicada con Licencia Creative Commons CC BY-NC-SA InnovaRetosCLM 2025 – Servicio de Innovación Educativa de JCCM
Operación Rosetta
VÍDEOS Y AUDIOS

    Presentación de InnovaRetosCLM 25-26
    Inicio de reto 1 - El misterio de la piedra Rosetta
    Presentación de sospechosos
    Localización del culpable
    Resolución del caso.

Volver

Obra publicada con Licencia Creative Commons CC BY-NC-SA InnovaRetosCLM 2025 – Servicio de Innovación Educativa de JCCM
Operación Rosetta
ENTREGAS

En este apartado te indicaremos los pasos a seguir para entregar tu proyecto: 1. Evidencias necesarias:

    Fotografías o vídeo del alumnado (sin que se le vea la cara) utilizando Codey Rocky mientras realiza alguno de los retos.
    Fotografía del cuaderno de detectives con los registros del alumnado. 

2. Proceso de entrega: Incluye toda la información anterior en un fichero denominado ""nombrecentro_curso"". Ve al formulario de entregas para la Categoría JUNIOR, rellena los campos y adjunta el fichero con las evidencias.

Volver

Obra publicada con Licencia Creative Commons CC BY-NC-SA InnovaRetosCLM 2025 – Servicio de Innovación Educativa de JCCM";Dividir la clase en grupos y repartir un dispositivo y un Codey Rocky por equipo. Imprimir las tarjetas y colocarlas en un tapete de 15x15cm como en la imagen. Imprimir el cuaderno de detectives y repartir uno a cada grupo.
INNOVARETOS2025;InnovaRetos CLM (Fase I);Primaria;"Segundo ciclo; Tercer ciclo";8-12 años;Scratch 3.0.0;Visitamos el British Museum;https://view.genially.com/6928137035b01a2b99f2c8c5/interactive-content-visitamos-el-british-museum;Educación Primaria, Scratch 3.0, Entrenamiento, Gamificación / misterio, Programación, Pensamiento computacional, INNOVARETOS;"CATEGORÍA JUNIOR
Actividad de programación
ENTRENAMIENTO 1
Visitamos el British Museum
Edad recomendada: A partir de 8 años
GUÍA DIDÁCTICA

Descripción

Desarrollo
Temporalización: 3 sesiones (45 min.)

Objetivos

Materiales
Área / materia: Conocimiento del Medio

Vídeos
Recursos: Ordenador o tablet
Visitamos el British Museum
DESCRIPCIÓN

En la actividad “Visitamos el British Museum”, el alumnado de Educación Primaria se iniciará en el lenguaje de programación por bloques utilizando Scratch 3.0, de una forma lúdica y motivadora. A través de esta propuesta, los alumnos y alumnas aprenderán a crear una presentación interactiva que simula una visita virtual al British Museum. Durante el desarrollo de la actividad, el alumnado diseñará y programará escenas en las que aparecerán distintas salas del museo y sus piezas más importantes. Aquellos que comiencen por primera vez a trabajar con Scratch 3.0 realizarán una presentación sencilla en la que se muestre una única sala y la Piedra Rosetta. Por su parte, el alumnado con mayor experiencia podrá ampliar el proyecto, incorporando más salas, más objetos y una mayor interacción, enriqueciendo así la visita virtual.

Obra publicada con Licencia Creative Commons CC BY-NC-SA InnovaRetosCLM 2025 – Servicio de Innovación Educativa de JCCM

Volver
Visitamos el British Museum
DESARROLLO

Esta actividad está planteada para realizarla individualmente o por parejas. Se pretende que el alumnado se inicie la programación visual con bloques. Programación: Mediante los botones que aparecen a la derecha, podrás aprender a realizar una presentación que te permita realizar la visita paso a paso, intoduciendo los diferentes elementos necesarios y dando interactividad a los mismos. Presentación: Por último, se podría realizar una presentación de los trabajos elaborados al resto de compañeros.
INDICE

Cargar Proyectos

Interacciones

Insertar Fondos

Grabar audios

Insertar Objetos

De texto a voz

Primeros pasos con Scratch 3.0

Insertar Disfraces

Movimiento

Ampliación

Obra publicada con Licencia Creative Commons CC BY-NC-SA InnovaRetosCLM 2025 – Servicio de Innovación Educativa de JCCM

Volver
Visitamos el British Museum
OBJETIVOS

    Iniciar al alumnado en el trabajo de la programación visual por bloques.
    Desarrollar el pensamiento computacional a través de la programación por bloques.
    Potenciar la planificación y organización a través de la creación de secuencias lógicas
    Desarrollar la creatividad y la resolución de problemas. 

Obra publicada con Licencia Creative Commons CC BY-NC-SA InnovaRetosCLM 2025 – Servicio de Innovación Educativa de JCCM

Volver
Visitamos el British Museum
MATERIALES NECESARIOS
DISPOSITIVOS
DESCARGAS

Ordenadores Tablets

Imágenes de fondosImágenes de personajesArchivos .sb3

Obra publicada con Licencia Creative Commons CC BY-NC-SA InnovaRetosCLM 2025 – Servicio de Innovación Educativa de JCCM

Volver
Visitamos el British Museum
VÍDEOS Y AUDIOS

    Presentación de InnovaRetosCLM 25-26
    Inicio de reto 1 - El misterio de la piedra Rosetta

    Fin de reto 1 - Captura del culpable

Obra publicada con Licencia Creative Commons CC BY-NC-SA InnovaRetosCLM 2025 – Servicio de Innovación Educativa de JCCM

Volver
Cargamos Proyectos

Para cargar un proyecto previamente elaborado en Scratch 3.0, debes seguir los siguientes pasos: Descarga el archivo en el dispositivo que vas a utilizar. Estos archivos tienen extensión .sb3 Abre el navegador de tu ordenador, accede a la página de Scratch 3.0. (https://scratch.mit.edu) y haz clic en ""Crear"". Una vez dentro, en la parte superior, busca ""Archivo"". Al hacer clic aparecerá un desplegable, después, localiza ""Cargar desde tu ordenador"" y haz clic.

Obra publicada con Licencia Creative Commons CC BY-NC-SA InnovaRetosCLM 2025 – Servicio de Innovación Educativa de JCCM

Anterior

Siguiente
Cargamos Proyectos

Una vez hecho lo anterior, se abrirá una nueva ventana. Debes buscar la carpeta en la que habías guardado el archivo con extensión .sb3 Al hacer doble clic en ese archivo, se cargará automáticamente en Scratch para que continúes editándolo o lo puedas ejecutar.

Obra publicada con Licencia Creative Commons CC BY-NC-SA InnovaRetosCLM 2025 – Servicio de Innovación Educativa de JCCM

Anterior

Siguiente
Insertar Fondos

Sitúa el cursor encima del icono que sirve para elegir un fondo.Después haz clic en el botón que sirve para cargar un fondo desde tu ordenador.

Obra publicada con Licencia Creative Commons CC BY-NC-SA InnovaRetosCLM 2025 – Servicio de Innovación Educativa de JCCM

Anterior

Siguiente
Insertar Fondos

Una vez hecho esto, debes buscar la carpeta donde tengas guardada la imagen que quieres utilizar como fondo, seleccionarla y hacer clic en “Abrir”.

Obra publicada con Licencia Creative Commons CC BY-NC-SA InnovaRetosCLM 2025 – Servicio de Innovación Educativa de JCCM

Anterior

Siguiente
Insertar Fondos

Si nos hemos equivocado, y queremos eliminar el fondo, tenemos que ir a fondos, seleccionar el que queremos eliminar y hacer clic en la papelera.

Obra publicada con Licencia Creative Commons CC BY-NC-SA InnovaRetosCLM 2025 – Servicio de Innovación Educativa de JCCM

Anterior

Siguiente
Insertar Objetos

En primer lugar, vamos a eliminar al gato, ya que no lo necesitamos para nuestra historia. Para ello, lo seleccionamos, y hacemos clic en la papelera.

Nos preguntará si lo queremos eliminar. Haremos clic en “Yes”.

Obra publicada con Licencia Creative Commons CC BY-NC-SA InnovaRetosCLM 2025 – Servicio de Innovación Educativa de JCCM

Anterior

Siguiente
Insertar Objetos

Ahora, tenemos que subir a nuestros personajes de la historia. Para ello, situamos el cursor encima del icono que sirve para elegir un objeto y hacemos clic en el botón que nos permite cargar un objeto desde el ordenador.

Obra publicada con Licencia Creative Commons CC BY-NC-SA InnovaRetosCLM 2025 – Servicio de Innovación Educativa de JCCM

Anterior

Siguiente
Insertar Objetos

Una vez hecho esto, debes buscar la carpeta donde tengas guardada la imagen que quieres utilizar como objeto, seleccionarla y hacer clic en “Abrir”.

Obra publicada con Licencia Creative Commons CC BY-NC-SA InnovaRetosCLM 2025 – Servicio de Innovación Educativa de JCCM

Anterior

Siguiente
Insertar Objetos

Como puedes observar, el tamaño del objeto, es demasiado grande para nuestra presentación. Lo que tenemos que hacer es modificar su tamaño, para que se adapte a nuestro fondo. Para ello, seleccionamos nuestro objeto, nos vamos hasta el apartado de tamaño y modificamos su valor hasta que este tenga las proporciones que consideremos adecuadas.

Obra publicada con Licencia Creative Commons CC BY-NC-SA InnovaRetosCLM 2025 – Servicio de Innovación Educativa de JCCM

Anterior

Siguiente
Insertar Objetos

Si dejamos el valor en 40, la piedra cabe dentro de la vitrina.

El último paso, es situar el objeto en la posición en la que queremos que aparezca. Para ello, pinchamos encima y lo arrastramos.

Obra publicada con Licencia Creative Commons CC BY-NC-SA InnovaRetosCLM 2025 – Servicio de Innovación Educativa de JCCM

Anterior

Siguiente
Insertar Objetos

Si queremos introducir algún otro personaje, seguiremos los mismos pasos. Para ello, subimos al personaje que queremos introducir, ajustamos su tamaño y la posición en la que queremos que aparezca. No debemos olvidar tener seleccionado el personaje con el que queremos trabajar.

Obra publicada con Licencia Creative Commons CC BY-NC-SA InnovaRetosCLM 2025 – Servicio de Innovación Educativa de JCCM

Anterior

Siguiente
Insertar Disfraces

Una vez hemos introducido el personaje, vamos a insertar un segundo disfraz para posteriormente darle movilidad. Para introducir ese segundo disfraz de un objeto, seleccionaremos “Disfraces” en la parte superior, situaremos el cursor sobre el icono que nos permite añadir un nuevo disfraz y después haremos clic en el icono que nos permite subir una imagen desde nuestro ordenador.

Obra publicada con Licencia Creative Commons CC BY-NC-SA InnovaRetosCLM 2025 – Servicio de Innovación Educativa de JCCM

Anterior

Siguiente
Insertar Disfraces

Buscamos la carpeta donde hemos guardado la segunda imagen de nuestro personaje, la seleccionamos y hacemos clic en “abrir”.

Una vez hecho esto, podremos observar como nuestro objeto tiene dos disfraces.

Obra publicada con Licencia Creative Commons CC BY-NC-SA InnovaRetosCLM 2025 – Servicio de Innovación Educativa de JCCM

Anterior

Siguiente
Dar Movimiento a Objetos

Ahora que hemos añadido un segundo disfraz, podemos hacer que nuestro personaje se mueva. Para ello, vamos a seleccionar en la parte superior la sección “Código”. Debemos recordar que hay que tener seleccionado el objeto que queremos que se mueva.

Obra publicada con Licencia Creative Commons CC BY-NC-SA InnovaRetosCLM 2025 – Servicio de Innovación Educativa de JCCM

Anterior

Siguiente
Dar Movimiento a Objetos

Para dar movimiento a un objeto, necesitamos arrastrar las piezas que queremos utilizar hasta la zona de programación.

En primer lugar, iremos a eventos y arrastraremos “Al hacer clic en bandera verde”.

Después, iremos hasta “Control”, y haremos lo mismo con “Repetir 10 veces”

Obra publicada con Licencia Creative Commons CC BY-NC-SA InnovaRetosCLM 2025 – Servicio de Innovación Educativa de JCCM

Anterior

Siguiente
Dar Movimiento a Objetos

Para dar movimiento a un objeto, necesitamos arrastrar las piezas que queremos utilizar hasta la zona de programación.

Ahora nos vamos hasta “Movimiento” y arrastramos “Mover 10 pasos” hasta el interior de la pieza anterior,

Hacemos lo mismo en “Apariencia” con la pieza “Siguiente disfraz” y en “Control” con “Esperar 1 segundo”.

Obra publicada con Licencia Creative Commons CC BY-NC-SA InnovaRetosCLM 2025 – Servicio de Innovación Educativa de JCCM

Anterior

Siguiente
Dar Movimiento a Objetos

Si haces clic en la bandera verde superior, verás que el personaje se mueve, aunque muy despacio, ya que hemos puesto que entre un cambio de disfraz y otro pase 1 segundo.

Para solucionarlo, clicaremos dentro de la pieza “Esperar 1 segundo”, y cambiaremos el número 1 por 0.3, comprobarás que ahora nuestro personaje se mueve más rápido.

Obra publicada con Licencia Creative Commons CC BY-NC-SA InnovaRetosCLM 2025 – Servicio de Innovación Educativa de JCCM

Anterior

Siguiente
Dar Movimiento a Objetos

Si tu personaje no llega a tocar la piedra de Rosetta, haz clic en el número 10 de la pieza ""Repetir 10"", y cambia el número 10 por un 15.

Obra publicada con Licencia Creative Commons CC BY-NC-SA InnovaRetosCLM 2025 – Servicio de Innovación Educativa de JCCM

Anterior

Siguiente
Dar Movimiento a Objetos

Por último, si quieres que tu personaje vuelva a la posición inicial cada vez que ejecutas el programa, debes poner al final la pieza ""ir a X:__ Y:__.

Los números que deben aparecer en esa pieza se corresponden con la posición inicial del personaje. Para comprobar esos valores, puedes mirar en el espacio remarcado. Recuerda que debes tener seleccionado el personaje con el que estamos trabajando.

Obra publicada con Licencia Creative Commons CC BY-NC-SA InnovaRetosCLM 2025 – Servicio de Innovación Educativa de JCCM

Anterior

Siguiente
Interacciones entre Objetos

Ahora vamos a hacer que unos objetos interactúen con otros. Cuando nuestro personaje Tija Lagard, entre en contacto con la Piedra de Rosetta, se escuchará un audio que nos explique la historia de este objeto. Para ello, seguiremos los siguientes pasos: Iremos a la sección ""Control"", buscaremos la pieza ""Si .... entonces"", y la arrastraremos hasta la zona de programación.

Obra publicada con Licencia Creative Commons CC BY-NC-SA InnovaRetosCLM 2025 – Servicio de Innovación Educativa de JCCM

Anterior

Siguiente
Interacciones entre Objetos

Una vez hecho esto, buscaremos la sección sensores. Dentro de la misma, localizaremos ""¿tocando puntero del ratón?"", haremos clic en la flecha para que aparezca el desplegable, y selccionaremos ""Piedra Rosetta"".

Observaremos como el texto de la pieza ha cambiado. Ahora arrastraremos esta pieza hasta el hueco vacío de la pieza ""Si ... entonces"".

Obra publicada con Licencia Creative Commons CC BY-NC-SA InnovaRetosCLM 2025 – Servicio de Innovación Educativa de JCCM

Anterior

Siguiente
Interacciones entre Objetos

Para el siguiente paso, tenemos que ir hasta la sección ""Eventos"" y vamos a utilizar la pieza ""Enviar mensaje 1"", y la vamos a arrastrar hasta el interior de la pieza que utilizamos anteriormente. Este mensaje lo vamos a enviar al otro objeto que tenemos en nuestro proyecto, la Piedra de Rosetta

Obra publicada con Licencia Creative Commons CC BY-NC-SA InnovaRetosCLM 2025 – Servicio de Innovación Educativa de JCCM

Anterior

Siguiente
Interacciones entre Objetos

Ahora nos toca realizar la programación de la Piedra de Rosetta. Para ello, el primer paso es seleccionar este objeto en la parte inferior. Un objeto está seleccionado cuando aparece remarcado de color morado, y cualquier pieza de programación que arrastremos, actuará sobre este.

Como anteriormente hemos utilizado la pieza de ""Enviar mensaje 1"" y queremos que lo reciba nuestra Piedra, ahora comenzaremos la programación utilizando la pieza ""Al recibir mensaje 1"", que se encuentra en la sección ""Eventos"".

Obra publicada con Licencia Creative Commons CC BY-NC-SA InnovaRetosCLM 2025 – Servicio de Innovación Educativa de JCCM

Anterior

Siguiente
Grabar audios

A continuación, queremos introducir audios con información sobre la Piedra de Rosetta, para ello tenemos una doble opción: Grabar un sonido. Buscamos la sección ""Sonidos"", en esta la pieza ""tocar sonido... hasta que termine"", hacemos clic en la flecha que aparece dentro de la pieza y cuando aparezca el desplegable, clicamos en ""grabar"". Al realizar esta acción, nos aparecerá una nueva ventana con un círculo rojo y el mensaje ""Grabar"". Al hacer clic en dicho círculo podrás grabar la información sobre la Piedra.

Obra publicada con Licencia Creative Commons CC BY-NC-SA InnovaRetosCLM 2025 – Servicio de Innovación Educativa de JCCM

Anterior

Siguiente
Grabar audios

Mientras estás grabando el audio, aparecerá un cuadrado de color rojo que sirve para detener la grabación. Pulsa el mismo cuando creas que has acabado. En ese momento te aparecerá una nueva ventana con tres opciones ""reproducir"" (puedes escuchar la grabación), ""volver a grabar"" (si no te gusta puedes repetir la grabación) o ""guardar (si te gusta el resultado final)

Si haces clic en guardar, aparece una nueva ventana. En la parte superior, debes cambiar el texto haciendo clic dentro del espacio señalado y escribir ""Rosetta"". Además, aparecen diversas opciones para editar ese audio.

Obra publicada con Licencia Creative Commons CC BY-NC-SA InnovaRetosCLM 2025 – Servicio de Innovación Educativa de JCCM

Anterior

Siguiente
Grabar audios

Para volver a la ventana principal de programación, haz clic en ""Código"", en la parte superior. Después, arrastra la pieza de programación, y por último haz clic en la flecha que nos sirve para abrir el desplegable y selecciona el audio que hemos grabado, ""Rosetta"".

Obra publicada con Licencia Creative Commons CC BY-NC-SA InnovaRetosCLM 2025 – Servicio de Innovación Educativa de JCCM

Anterior

Siguiente
De texto a voz

La segunda opción para introducir un audio es utilizar las piezas con nos convierten el texto en voz. Para ello, necesitamos hacer clic en añadir una extensión

A continuación, buscamos ""Texto a voz"", clicamos y vamos atrás. Podremos observar como nos aparece un nuevo tipo de piezas de programación que no teníamos antes. La primera nos sirve para introducir el texto que queremos que pase a voz, la segunda para asignar el tono, y la tercera para fijar el idioma.

Obra publicada con Licencia Creative Commons CC BY-NC-SA InnovaRetosCLM 2025 – Servicio de Innovación Educativa de JCCM

Anterior

Siguiente
De texto a voz

Para pasar de texto a voz tenemos que realizar los siguientes pasos:1. Asigna el tono que quieres utilizar arrastrando la pieza ""asignar voz a contralto"". Si haces clic en desplegable, podrás selccionar entre las opciones diponibles. 2. Arrastra la pieza ""decir hola"". 3. Escribe el texto explicativo de la Piedra de Rosetta (también puedes copiar y pegar). 4. Si lo consideras necesario, puedes dividir el texto en varias piezas de programación arrastrando varias veces la pieza ""decir hola"", y modificando el texto.

Obra publicada con Licencia Creative Commons CC BY-NC-SA InnovaRetosCLM 2025 – Servicio de Innovación Educativa de JCCM

Anterior

Siguiente
Primeros pasos con Scratch 3.0

Si no habéis trabajado nunca con Scrath 3.0, lo ideal es que comencéis con estas diapositivas, en las que os adjuntamos aspectos básicos a tener en cuenta cuando se comienza a trabajar con Scratch.

Interfaz Scratch. INTEF. Licencia (CC BY 4.0)

Obra publicada con Licencia Creative Commons CC BY-NC-SA InnovaRetosCLM 2025 – Servicio de Innovación Educativa de JCCM

Anterior

Siguiente
Primeros pasos con Scratch 3.0

Tutorial creado por Paco Soria bajo licencia Creative Commons CC BY www.youtube.com/@pacosoriaprofe

Obra publicada con Licencia Creative Commons CC BY-NC-SA InnovaRetosCLM 2025 – Servicio de Innovación Educativa de JCCM

Anterior

Siguiente
Primeros pasos con Scratch 3.0

Elaborado para el Servicio de Innovación Educativa de la JCCM. Adaptación de la obra original de Francisco José Martínez Urda para INTEF (Ministerio de Educación y Formación Profesional).

Tutorial creado por Ramon Formoso bajo licencia Creative Commons CC BY NC SA @ramon_formoso

Obra publicada con Licencia Creative Commons CC BY-NC-SA InnovaRetosCLM 2025 – Servicio de Innovación Educativa de JCCM

Anterior

Siguiente";Esta actividad está planteada para realizarla individualmente o por parejas. Se pretende que el alumnado se inicie la programación visual con bloques. Programación: Mediante los botones que aparecen a la derecha, podrás aprender a realizar una presentación que te permita realizar la visita paso a…
INNOVARETOS2025;InnovaRetos CLM (Fase I);Primaria;"Segundo ciclo; Tercer ciclo";8-12 años;Scratch 3.0.0;El robo de la Piedra de Rosseta;https://view.genially.com/693fe3ba07a544876804b8ce/interactive-content-el-robo-de-la-piedra-de-rosetta;Educación Primaria, Scratch 3.0, Reto, Gamificación / misterio, Programación, Pensamiento computacional, INNOVARETOS;"CATEGORÍA JUNIOR
Actividad de programación
RETO 1
El robo de la Piedra de Rosetta
Edad recomendada: A partir de 8 años
GUÍA DIDÁCTICA

Descripción

Desarrollo
Temporalización: 2 sesiones (45 min.)

Objetivos

Materiales
Área / materia: Conocimiento del Medio

Entregas

Vídeos
Recursos: Ordenador o tablet
El robo de la Piedra de Rosetta
DESCRIPCIÓN

En esta actividad nos adentraremos en una emocionante aventura usando Scratch 3.0, donde la programación y el misterio se unen. El famoso detective Herclaw Poirot necesita vuestra ayuda para resolver un caso muy especial: el robo de la legendaria Piedra de Rosetta del Museo Británico de Londres. A lo largo de la misión, necesitaréis crear y programar personajes, escenarios y diálogos en Scratch mientras buscáis pistas y analizáis sospechosos. Cada bloque de código será una pista más para acercarnos a la verdad. ¿Seréis capaces de usar vuestra lógica, creatividad y habilidades de programación para descubrir quién es el misterioso ladrón y devolver la Piedra de Rosetta a su lugar? ¡Manos al teclado y que comience la investigación!

Obra publicada con Licencia Creative Commons CC BY-NC-SA InnovaRetosCLM 2025 – Servicio de Innovación Educativa de JCCM

Volver
El robo de la Piedra de Rosetta
DESARROLLO

1. Carga el proyecto: Cargad en la página de Scratch 3.0 el archivo que se adjunta, para utilizarlo como base de vuestro trabajo. Tenéis que seguir los mismos pasos que en el entrenamiento. 2. Programación del personaje: Tendréis que hacer que nuestro detective se mueva por la sala hasta encontrar alguna pista escondida que le lleve a descubrir quién es el sospechoso. Si queréis, podéis crear el proyecto desde el inicio insertando los fondos y personajes que se adjuntan. 3. Descubre al ladrón: Una vez descubierta la pista escondida en la sala del museo, ve a la ficha donde aparecen todos los sospechosos, e intenta descubrir quién es el ladrón. ¿Serás capaz? 4. Resuelve el caso: Ve a la pestaña en la que puedes resolver el caso, y haz clic sobre el sospechoso que tú crees que ha robado la Piedra de Rosetta.

Archivo para cargar

Ejemplo carga proyectos

Fondos y personajes

Fichas de sospechosos

Resuelve el caso

Obra publicada con Licencia Creative Commons CC BY-NC-SA InnovaRetosCLM 2025 – Servicio de Innovación Educativa de JCCM

Volver
El robo de la Piedra de Rosetta
OBJETIVOS

    Iniciar al alumnado en el trabajo de la programación visual por bloques.
    Desarrollar el pensamiento computacional a través de la programación por bloques.
    Potenciar la planificación y organización a través de la creación de secuencias lógicas
    Desarrollar la creatividad y la resolución de problemas. 

Obra publicada con Licencia Creative Commons CC BY-NC-SA InnovaRetosCLM 2025 – Servicio de Innovación Educativa de JCCM

Volver
El robo de la Piedra de Rosetta
MATERIALES NECESARIOS
DISPOSITIVOS
DESCARGAS

Ordenadores Tablets

Imágenes de fondosImágenes de personajesArchivos .sb3

Obra publicada con Licencia Creative Commons CC BY-NC-SA InnovaRetosCLM 2025 – Servicio de Innovación Educativa de JCCM

Volver
El robo de la Piedra de Rosetta
VÍDEOS Y AUDIOS

    Presentación de InnovaRetosCLM 25-26
    Inicio de reto 1 - El misterio de la piedra Rosetta
    Fin de reto 1 - Captura del culpable

Obra publicada con Licencia Creative Commons CC BY-NC-SA InnovaRetosCLM 2025 – Servicio de Innovación Educativa de JCCM

Volver
El robo de la Piedra de Rosetta

Para cargar un proyecto previamente elaborado en Scratch 3.0, debes seguir los siguientes pasos: Descarga el archivo en el dispositivo que vas a utilizar. Estos archivos tienen extensión .sb3 Abre el navegador de tu ordenador, accede a la página de Scratch 3.0. (https://scratch.mit.edu) y haz clic en ""Crear"". Una vez dentro, en la parte superior, busca ""Archivo"". Al hacer clic aparecerá un desplegable, después, localiza ""Cargar desde tu ordenador"" y haz clic.

Obra publicada con Licencia Creative Commons CC BY-NC-SA InnovaRetosCLM 2025 – Servicio de Innovación Educativa de JCCM

Siguiente
El robo de la Piedra de Rosetta

Una vez hecho lo anterior, se abrirá una nueva ventana. Debes buscar la carpeta en la que habías guardado el archivo con extensión .sb3 Al hacer doble clic en ese archivo, se cargará automáticamente en Scratch para que continúes editándolo o lo puedas ejecutar.

Obra publicada con Licencia Creative Commons CC BY-NC-SA InnovaRetosCLM 2025 – Servicio de Innovación Educativa de JCCM

Volver
El robo de la Piedra de Rosetta

Haz clic sobre el personaje que crees que ha sido el autor del robo de la Piedra de Rosetta

Obra publicada con Licencia Creative Commons CC BY-NC-SA InnovaRetosCLM 2025 – Servicio de Innovación Educativa de JCCM

Volver
El robo de la Piedra de Rosetta
ENTREGAS

En este apartado te indicaremos los pasos a seguir para entregar tu proyecto:

1. Necesitarás las siguientes evidencias:

        Documento pdf con fotografías del grupo realizando la tarea en las que aparezcan los dispositivos y el alumnado trabajando con Scratch 3.0.
        Enlace a un vídeo del alumnado programando en Scratch 3.0 con su dispositivo digital (evitando capturar sus rostros) y que se enfoque al programa diseñado para ver su funcionamiento. Puedes subir ese vídeo a tu OneDrive y enviarnos el enlace

2. Proceso de entrega. Incluye la información anterior en un documento denominado ""RETOScrtach_CEIP_Nombre_Centro(Localidad)"". Ve al formulario de entregas para la Categoría Junior, rellena los campos y adjunta el documento con las evidencias.

Formulario de entrega

Obra publicada con Licencia Creative Commons CC BY-NC-SA InnovaRetosCLM 2025 – Servicio de Innovación Educativa de JCCM

Escribe sin espacio el nombre y apellido del autor del robo.

Escribe con mayúsculas y sin espacio";1. Carga el proyecto: Cargad en la página de Scratch 3.0 el archivo que se adjunta, para utilizarlo como base de vuestro trabajo. Tenéis que seguir los mismos pasos que en el entrenamiento. 2. Programación del personaje: Tendréis que hacer que nuestro detective se mueva por la sala hasta encontrar…
INNOVARETOS2025;InnovaRetos CLM (Fase I);Secundaria;"1º ESO; 2º ESO; 3º ESO";12-15 años;Actividad desconectada;El subsuelo del British Museum I;https://view.genially.com/692d59e9c7ca853a633f9a79/interactive-content-el-subsuelo-del-british-museum-e1;Educación Secundaria, Actividad desconectada, Entrenamiento, Fomento de la lectura, Egiptología / narrativa histórica, Gamificación / misterio, Programación, Trabajo cooperativo, INNOVARETOS;"CATEGORÍA GENIUS
Desconectadas
ENTRENAMIENTO 1
El subsuelo del British Museum
Edad recomendada: A partir de 12 años
GUÍA DIDÁCTICA

Descripción

Desarrollo
Temporalización: 1 sesión (55 min.)

Objetivos

Materiales
Materia: Matemáticas Tecnología y Digitalización

Vídeos
Recursos: Material imprimible
El subsuelo del British Museum
DESCRIPCIÓN

El Entrenamiento 1 es una versión reducida y progresiva del reto final. Su objetivo es que el alumnado se familiarice con el mapa, los tipos de pruebas y la dinámica del juego antes de enfrentarse al reto. Al completarlo, los equipos obtienen la Llave del Guardián, necesaria para desbloquear el Entrenamiento 2. Aunque no es obligatorio realizar los entrenamientos para participar en el reto final, sí es altamente recomendable. El prestigioso detective HarClaw Poirot ha descubierto un pasadizo oculto justo en el lugar donde se ha robado la Piedra Rosetta. Todas las pistas apuntan a que el ladrón ha escapado por el subsuelo. El alumnado ayuda a Poirot guiándole por el subsuelo. Para comenzar se solo necesitan los imprimibles del tablero y las tarjetas desafío y un móvil o tableta con lector de códigos QR. Estos códigos permiten verificar las soluciones sin necesitar conexión a internet.

Obra publicada con Licencia Creative Commons CC BY-NC-SA InnovaRetosCLM 2025 – Servicio de Innovación Educativa de JCCM

Volver
Dinámica del entrenamiento
DESARROLLO

El Entrenamiento 1 se realiza en equipos de cuatro estudiantes y cuenta con un máster que asume un rol clave y plenamente inclusivo: leer las soluciones de los códigos QR, confirmar las respuestas y mover la ficha del tablero. Este rol no requiere conocimientos matemáticos avanzados, pero sí responsabilidad y atención. En este entrenamiento, los grupos deberán avanzar por el subsuelo del Museo Británico, siguiendo el camino dorado y resolviendo retos breves hasta conseguir la Llave del Guardián. No se trata aún del reto final, sino de una fase preparatoria que permite entender las mecánicas del juego.
INDICE

Gestión tiempo

Roles

Uso QR

Tablero

Entrenamiento 2

Tipología de los retos

Obra publicada con Licencia Creative Commons CC BY-NC-SA InnovaRetosCLM 2025 – Servicio de Innovación Educativa de JCCM

Volver
Dinámica de roles
CÓMO NOS RELACIONAMOS

Cada equipo está formado por 4 jugadores y un máster. Los jugadores resuelven los retos, discuten estrategias y deciden el camino que seguirá la ficha en el tablero. Su misión es pensar, probar ideas y colaborar: nadie avanza solo. El máster es la figura que da fluidez al juego. Lee las soluciones que aparecen al escanear los códigos QR, confirma si la respuesta es correcta y mueve la ficha según las decisiones del equipo. No resuelve retos: gestiona el proceso. Este rol es ideal para alumnado con más dificultades, porque les otorga una función clave, visible y sin presión académica.

Obra publicada con Licencia Creative Commons CC BY-NC-SA InnovaRetosCLM 2025 – Servicio de Innovación Educativa de JCCM

Fin Sección
Avance por el tablero
NOS MOVEMOS POR EL TABLERO

El camino en el Entrenamiento 1 es lineal, aunque luego en el reto no lo sea. Cada equipo sigue la ruta propuesta en dorado por el subsuelo del Museo Británico. El máster moverá la ficha personaje a la casilla que le indican los jugadores, les dará la tarjeta-reto y ellos la resolverán. Después el máster deberá escanear el código QR y verificar la respuesta. Si es correcta se queda en la casilla, si no lo es el máster mueve la ficha a la casilla anterior. Cada cruce implica una decisión estratégica, ya que cada código de color corresponde a un tipo de reto diferente.

Obra publicada con Licencia Creative Commons CC BY-NC-SA InnovaRetosCLM 2025 – Servicio de Innovación Educativa de JCCM

Fin Sección
Tipología de los retos
DIFERENTES RETOS

Cada sala del subsuelo plantea un desafío distinto. Resolverlos permite avanzar, pero también descubrir pistas clave del misterio: ? Sala de Estatuas: retos numéricos o lógicos breves. Requieren observar, identificar patrones y aplicar razonamiento matemático. ? Pasadizo del Guardián: introducción a la criptografía: códigos sencillos, sustituciones y mensajes ocultos. Aquí se entrena la precisión y la lectura atenta. ? Galería de Relojes: desafíos de optimización y secuencias. No basta con acertar: hay que encontrar la mejor solución posible. ? Archivo Jeroglífico: actividad de descodificación: interpretar símbolos, reorganizar información y reconstruir el mensaje correcto.

Entrenamiento 1

Entrenamiento 2

Obra publicada con Licencia Creative Commons CC BY-NC-SA InnovaRetosCLM 2025 – Servicio de Innovación Educativa de JCCM

Fin Sección
Gestión del tiempo
DURACIÓN DEL ENTRENAMIENTO

Este entrenamiento está pensado para completarse en una única sesión. La duración orientativa es de 45 minutos, aunque puede adaptarse según el ritmo del grupo. No es necesario resolver todas las salas del mapa: cada equipo avanza hasta encontrar la Llave del Guardián siguiendo el camino dorado, y el docente decide cuándo cerrar la actividad. En las orientaciones docentes se propone la figura del Ayudante, que dinamiza las partidas cuando el grupo en el que se hace el entrenamiento es muy numeroso.

Obra publicada con Licencia Creative Commons CC BY-NC-SA InnovaRetosCLM 2025 – Servicio de Innovación Educativa de JCCM

Fin Sección
Uso de los QR
LEER LA RESPUESTA (O NO)

Cada reto incluye un código QR que permite comprobar la solución sin intervención del docente. Cuando el equipo crea haber resuelto la prueba, el máster escanea el QR con un móvil o tableta y aparece un mensaje con la respuesta correcta. No da pistas ni explica el proceso: solo confirma si han llegado al resultado adecuado. Este sistema convierte el entrenamiento en autocorregible. No obstante, si no se quiere utilizar tabletas/móviles las soluciones estarán disponibles para el profesorado, que podrá ir validando a los grupos con ayuda del Ayudante.

Obra publicada con Licencia Creative Commons CC BY-NC-SA InnovaRetosCLM 2025 – Servicio de Innovación Educativa de JCCM

Fin Sección
Paso al entrenamiento 2
LA LLAVE DEL GUARDIÁN

El objetivo final de este entrenamiento es conseguir la Llave del Guardián. Cada elección de camino y cada reto superado acerca al equipo a esta recompensa. Una vez el equipo esté en la sala donde se esconde la llave y verificada su obtención, el entrenamiento termina. La llave no solo simboliza el progreso en la investigación, sino que desbloquea el acceso al Entrenamiento 2, aunque se podría pasar directamente al reto final si se observa que ya han adquirido las dinámicas del entrenamiento.

Volver

Obra publicada con Licencia Creative Commons CC BY-NC-SA InnovaRetosCLM 2025 – Servicio de Innovación Educativa de JCCM

Fin Sección
El subsuelo del British Museum
OBJETIVOS

    Resolver retos matemáticos breves aplicando estrategias de razonamiento lógico y descomposición de problemas.
    Colaborar en la toma de decisiones dentro del equipo, comunicando ideas, comparando estrategias y consensuando.

Obra publicada con Licencia Creative Commons CC BY-NC-SA InnovaRetosCLM 2025 – Servicio de Innovación Educativa de JCCM

Volver
El subsuelo del British Museum
MATERIALES NECESARIOS
TABLERO
CARTAS-RETO
ORIENTACIONES

Descarga el tablero-reto

1ºESO / 2ºESO 3ºESO/Diver/CFGB

Disco César

Resto de documentos

Descarga el tablero del entrenamiento 1

Obra publicada con Licencia Creative Commons CC BY-NC-SA InnovaRetosCLM 2025 – Servicio de Innovación Educativa de JCCM

Volver
El subsuelo del British Museum
VÍDEOS Y AUDIOS

    Presentación de InnovaRetosCLM 25-26
    Inicio de reto 1 - El misterio de la piedra Rosetta
    Presentación de sospechosos
    Localización del culpable
    Resolución del caso.

Obra publicada con Licencia Creative Commons CC BY-NC-SA InnovaRetosCLM 2025 – Servicio de Innovación Educativa de JCCM";El Entrenamiento 1 se realiza en equipos de cuatro estudiantes y cuenta con un máster que asume un rol clave y plenamente inclusivo: leer las soluciones de los códigos QR, confirmar las respuestas y mover la ficha del tablero.
INNOVARETOS2025;InnovaRetos CLM (Fase I);Secundaria;"1º ESO; 2º ESO; 3º ESO";12-15 años;Actividad desconectada;El subsuelo del British Museum II;https://view.genially.com/69380aa87aa03d3d55c79541/interactive-content-el-subsuelo-del-british-museum-e2;Educación Secundaria, Actividad desconectada, Entrenamiento, Fomento de la lectura, Egiptología / narrativa histórica, Gamificación / misterio, Programación, Trabajo cooperativo, INNOVARETOS;"CATEGORÍA GENIUS
Desconectadas
ENTRENAMIENTO 2
El subsuelo del British Museum
Edad recomendada: A partir de 12 años
GUÍA DIDÁCTICA

Descripción

Desarrollo
Temporalización: 1 sesión (55 min.)

Objetivos

Materiales
Materia: Matemáticas Tecnología y Digitalización

Vídeos
Recursos: Material imprimible
El subsuelo del British Museum
DESCRIPCIÓN

El Entrenamiento 2 profundiza en la experiencia iniciada en el primer entrenamiento y prepara al alumnado para el reto final. Tras obtener la Llave del Guardián, los equipos continúan la investigación avanzando por nuevas zonas del subsuelo del Museo Británico con un objetivo: conseguir la Llave de Ankh, último requisito antes de enfrentarse al desafío completo. En esta fase, el detective HarClaw Poirot sigue el rastro del ladrón a través de estancias más complejas, donde las pruebas exigen mayor atención, planificación y toma de decisiones. Los equipos deberán recorrer el camino señalado en el tablero, enfrentándose a retos de optimización, detección de patrones y descodificación de mensajes. El desarrollo es idéntico al del Entrenamiento 1: trabajo en equipos, resolución cooperativa de desafíos y verificación mediante códigos QR.

Obra publicada con Licencia Creative Commons CC BY-NC-SA InnovaRetosCLM 2025 – Servicio de Innovación Educativa de JCCM

Volver
Dinámica del entrenamiento
DESARROLLO

El Entrenamiento 2 se desarrolla en equipos de cuatro alumnos, con un máster de juego encargado de mover la ficha por el tablero y verificar las soluciones mediante los códigos QR. Este rol está especialmente indicado para alumnado con dificultades de aprendizaje (ACNEAE), ya que favorece su participación activa. Los equipos avanzan por el camino señalado desde el punto indicado en el tablero hasta alcanzar la Llave de Ankh, enfrentándose a un número reducido y seleccionado de retos. A diferencia del primer entrenamiento, las pruebas requieren mayor planificación y precisión, pero mantienen la misma mecánica de juego.
INDICE

Gestión tiempo

Roles

Uso QR

Tablero

Entrenamiento 2

Tipología de los retos

Obra publicada con Licencia Creative Commons CC BY-NC-SA InnovaRetosCLM 2025 – Servicio de Innovación Educativa de JCCM

Volver
Dinámica de roles
CÓMO NOS RELACIONAMOS

Cada equipo está formado por 4 jugadores y un máster. Los jugadores resuelven los retos, discuten estrategias y deciden el camino que seguirá la ficha en el tablero. Su misión es pensar, probar ideas y colaborar: nadie avanza solo. El máster es la figura que da fluidez al juego. Lee las soluciones que aparecen al escanear los códigos QR, confirma si la respuesta es correcta y mueve la ficha según las decisiones del equipo. No resuelve retos: gestiona el proceso. Este rol es ideal para alumnado con más dificultades, porque les otorga una función clave, visible y sin presión académica.

Obra publicada con Licencia Creative Commons CC BY-NC-SA InnovaRetosCLM 2025 – Servicio de Innovación Educativa de JCCM

Fin Sección
Avance por el tablero
NOS MOVEMOS POR EL TABLERO

En el Entrenamiento 2, el recorrido vuelve a ser guiado y no ramificado, pero introduce una mayor exigencia en la elección y resolución de los retos. Cada equipo avanza por el camino señalado en dorado desde el punto indicado hasta alcanzar la Llave de Ankh. El máster continúa siendo el encargado de mover la ficha, entregar la tarjeta correspondiente y comprobar la solución mediante el código QR. A diferencia del primer entrenamiento, las pruebas requieren más planificación y precisión, aunque la dinámica se mantiene: si la respuesta es correcta, el equipo permanece en la casilla; si no lo es, retrocede a la anterior.

Obra publicada con Licencia Creative Commons CC BY-NC-SA InnovaRetosCLM 2025 – Servicio de Innovación Educativa de JCCM

Fin Sección
Tipología de los retos
DIFERENTES RETOS

Cada sala del subsuelo plantea un desafío distinto. Resolverlos permite avanzar, pero también descubrir pistas clave del misterio: ? Sala de Estatuas: retos numéricos o lógicos breves. Requieren observar, identificar patrones y aplicar razonamiento matemático. ? Pasadizo del Guardián: introducción a la criptografía: códigos sencillos, sustituciones y mensajes ocultos. Aquí se entrena la precisión y la lectura atenta. ? Galería de Relojes: desafíos de optimización y secuencias. No basta con acertar: hay que encontrar la mejor solución posible. ? Archivo Jeroglífico: actividad de descodificación: interpretar símbolos, reorganizar información y reconstruir el mensaje correcto.

Entrenamiento 1

Entrenamiento 2

Obra publicada con Licencia Creative Commons CC BY-NC-SA InnovaRetosCLM 2025 – Servicio de Innovación Educativa de JCCM

Fin Sección
Gestión del tiempo
DURACIÓN DEL ENTRENAMIENTO

Este entrenamiento está pensado para completarse en una única sesión. La duración orientativa es de 45 minutos, aunque puede adaptarse según el ritmo del grupo. No es necesario resolver todas las salas del mapa: cada equipo avanza hasta encontrar la Llave del Ankh siguiendo el camino dorado, y el docente decide cuándo cerrar la actividad. En las orientaciones docentes se propone la figura del Ayudante, que dinamiza las partidas cuando el grupo en el que se hace el entrenamiento es muy numeroso.

Obra publicada con Licencia Creative Commons CC BY-NC-SA InnovaRetosCLM 2025 – Servicio de Innovación Educativa de JCCM

Fin Sección
Uso de los QR
LEER LA RESPUESTA (O NO)

Cada reto incluye un código QR que permite comprobar la solución sin intervención del docente. Cuando el equipo crea haber resuelto la prueba, el máster escanea el QR con un móvil o tableta y aparece un mensaje con la respuesta correcta. No da pistas ni explica el proceso: solo confirma si han llegado al resultado adecuado. Este sistema convierte el entrenamiento en autocorregible. No obstante, si no se quiere utilizar tabletas/móviles las soluciones estarán disponibles para el profesorado, que podrá ir validando a los grupos con ayuda del Ayudante.

Obra publicada con Licencia Creative Commons CC BY-NC-SA InnovaRetosCLM 2025 – Servicio de Innovación Educativa de JCCM

Fin Sección
Paso al reto final
LA LLAVE DE ANKH

El objetivo de este segundo entrenamiento es conseguir la Llave de Ankh. Cada decisión tomada y cada reto superado acerca al equipo a este último hito previo al desafío completo. Una vez el equipo alcanza la sala donde se encuentra la llave y se verifica su obtención, el entrenamiento concluye. La Llave de Ankh marca el final de la fase de preparación y da acceso al reto final, en el que el tablero deja de estar guiado. En este punto, el docente puede valorar si el grupo está preparado para afrontar el reto completo o si resulta conveniente reforzar previamente alguna de las dinámicas trabajadas en los entrenamientos.

Volver

Obra publicada con Licencia Creative Commons CC BY-NC-SA InnovaRetosCLM 2025 – Servicio de Innovación Educativa de JCCM

Fin Sección
El subsuelo del British Museum
OBJETIVOS

    Consolidar estrategias de resolución de problemas mediante retos que requieren optimización, detección de patrones y toma de decisiones eficientes.

    Preparar al alumnado para el reto final, reforzando la lectura del tablero, la planificación de rutas y el trabajo cooperativo.

Obra publicada con Licencia Creative Commons CC BY-NC-SA InnovaRetosCLM 2025 – Servicio de Innovación Educativa de JCCM

Volver
El subsuelo del British Museum
MATERIALES NECESARIOS
TABLERO
CARTAS-RETO
ORIENTACIONES

Descárgalo aquí:

1ºESO / 2ºESO 3ºESO/Diver/CFGB

Disco César

Resto de piezas

Descarga el tablero del entrenamiento 1

Obra publicada con Licencia Creative Commons CC BY-NC-SA InnovaRetosCLM 2025 – Servicio de Innovación Educativa de JCCM

Volver
El subsuelo del British Museum
VÍDEOS Y AUDIOS

    Presentación de InnovaRetosCLM 25-26
    Inicio de reto 1 - El misterio de la piedra Rosetta
    Presentación de sospechosos
    Localización del culpable
    Resolución del caso.

Obra publicada con Licencia Creative Commons CC BY-NC-SA InnovaRetosCLM 2025 – Servicio de Innovación Educativa de JCCM

Volver";El Entrenamiento 2 se desarrolla en equipos de cuatro alumnos, con un máster de juego encargado de mover la ficha por el tablero y verificar las soluciones mediante los códigos QR. Este rol está especialmente indicado para alumnado con dificultades de aprendizaje (ACNEAE), ya que favorece su…
INNOVARETOS2025;InnovaRetos CLM (Fase I);Secundaria;"1º ESO; 2º ESO; 3º ESO";12-15 años;Actividad desconectada;El subsuelo del British Museum Reto;https://view.genially.com/693966ce39924faa302cf705/interactive-content-el-subsuelo-del-british-museum-reto;Educación Secundaria, Actividad desconectada, Reto, Fomento de la lectura, Egiptología / narrativa histórica, Gamificación / misterio, Programación, Trabajo cooperativo, INNOVARETOS;"CATEGORÍA GENIUS
Desconectadas
RETO FINAL
El subsuelo del British Museum
Edad recomendada: A partir de 12 años
GUÍA DIDÁCTICA

Descripción

Desarrollo
Temporalización: 1 sesión (55 min.)

Objetivos

Materiales
Materia: Matemáticas Tecnología y Digitalización

Vídeos
Recursos: Material imprimible
El subsuelo del British Museum
DESCRIPCIÓN

El reto final es la experiencia completa: un recorrido libre por el tablero. Los equipos deberán avanzar por las salas del Museo, ayudando al detective HarClaw Poirot a localizar por dónde ha escapado el ladrón. Deberán resolver los retos que bloquean el paso y enfrentarse a salas de dificultad creciente. El objetivo es alcanzar la salida y desvelar la identidad del ladrón. Para avanzar, los equipos deberán resolver correctamente las tarjetas-reto, verificar sus respuestas mediante los códigos QR y decidir cada ruta posible. Una respuesta correcta les permite permanecer en la casilla; una incorrecta obliga a retroceder. Este reto está diseñado para ser autosuficiente: los docentes pueden realizarlo con o sin los entrenamientos previos. La dinámica es sencilla de aplicar y se explica en el propio tablero: avanzar en equipo, escoger camino, resolver la prueba y verificar la solución.

Obra publicada con Licencia Creative Commons CC BY-NC-SA InnovaRetosCLM 2025 – Servicio de Innovación Educativa de JCCM

Volver
Dinámica del entrenamiento
DESARROLLO

El reto final se juega en equipos de cuatro, con un máster que mueve la ficha y verifica las soluciones mediante los códigos QR. Este rol es ideal para alumnado con dificultades, porque les permite participar activamente sin la presión de resolver los retos. A diferencia de los entrenamientos, aquí el recorrido no está guiado: cada cruce ofrece varias rutas y cada color corresponde a un tipo distinto de desafío. Para avanzar, los equipos eligen camino, reciben la tarjeta-reto de esa casilla y confirman su respuesta con el QR. Si aciertan, permanecen; si fallan, retroceden. Las reglas para los alumnos están explicadas en las instrucciones, de modo que el docente solo necesita supervisar el ritmo y facilitar la dinámica general del juego.
INDICE

Gestión tiempo

Roles

Uso QR

Tablero

Entrenamiento 2

Tipología de los retos

Obra publicada con Licencia Creative Commons CC BY-NC-SA InnovaRetosCLM 2025 – Servicio de Innovación Educativa de JCCM

Volver
Dinámica de roles
CÓMO NOS RELACIONAMOS

En el reto final, cada equipo mantiene la estructura de 4 jugadores y un máster, pero con una dinámica más estratégica. Los jugadores deciden el camino a seguir en cada cruce, valorando el tipo de reto, el riesgo de retroceder y las alternativas disponibles. Su función es debatir, anticipar consecuencias y elegir la ruta más eficiente hasta la salida. El máster garantiza el orden del juego: entrega la tarjeta de la casilla elegida, escanea el código QR, confirma el resultado y aplica las normas (avanzar o retroceder). No influye en las decisiones del equipo, pero sí mantiene la coherencia del recorrido y el ritmo de la partida. Este rol sigue siendo ideal para alumnado con dificultades, ya que les sitúa en una función clave sin exigirles resolver los retos.

Obra publicada con Licencia Creative Commons CC BY-NC-SA InnovaRetosCLM 2025 – Servicio de Innovación Educativa de JCCM

Fin Sección
Avance por el tablero
NOS MOVEMOS POR EL TABLERO

Cómo funciona una casilla aleatoria

Cómo empezamos con el reto

Haz clic en la imagen

Haz clic en la imagen

Obra publicada con Licencia Creative Commons CC BY-NC-SA InnovaRetosCLM 2025 – Servicio de Innovación Educativa de JCCM

Fin Sección
Tipología de los retos
DIFERENTES RETOS

Cada sala del subsuelo plantea un desafío distinto. Resolverlos permite avanzar, pero también descubrir pistas clave del misterio: ? Sala de Estatuas: retos numéricos o lógicos breves. Requieren observar, identificar patrones y aplicar razonamiento matemático. ? Pasadizo del Guardián: introducción a la criptografía: códigos sencillos, sustituciones y mensajes ocultos. Aquí se entrena la precisión y la lectura atenta. ? Galería de Relojes: desafíos de optimización y secuencias. No basta con acertar: hay que encontrar la mejor solución posible. ? Archivo Jeroglífico: actividad de descodificación: interpretar símbolos, reorganizar información y reconstruir el mensaje correcto.

Entrenamiento 1

Entrenamiento 2

Obra publicada con Licencia Creative Commons CC BY-NC-SA InnovaRetosCLM 2025 – Servicio de Innovación Educativa de JCCM

Fin Sección
Gestión del tiempo
DURACIÓN DEL ENTRENAMIENTO

Este entrenamiento está pensado para completarse en una única sesión. La duración orientativa es de 45 minutos, aunque puede adaptarse según el ritmo del grupo. No es necesario resolver todas las salas del mapa: cada equipo avanza hasta encontrar la Llave del Ankh siguiendo el camino dorado, y el docente decide cuándo cerrar la actividad. En las orientaciones docentes se propone la figura del Ayudante, que dinamiza las partidas cuando el grupo en el que se hace el entrenamiento es muy numeroso.

Obra publicada con Licencia Creative Commons CC BY-NC-SA InnovaRetosCLM 2025 – Servicio de Innovación Educativa de JCCM

Fin Sección
Uso de los QR
LEER LA RESPUESTA (O NO)

Cada reto incluye un código QR que permite comprobar la solución sin intervención del docente. Cuando el equipo crea haber resuelto la prueba, el máster escanea el QR con un móvil o tableta y aparece un mensaje con la respuesta correcta. No da pistas ni explica el proceso: solo confirma si han llegado al resultado adecuado. Este sistema convierte el entrenamiento en autocorregible. No obstante, si no se quiere utilizar tabletas/móviles las soluciones estarán disponibles para el profesorado, que podrá ir validando a los grupos con ayuda del Ayudante.

Obra publicada con Licencia Creative Commons CC BY-NC-SA InnovaRetosCLM 2025 – Servicio de Innovación Educativa de JCCM

Fin Sección
Paso al reto final
LA LLAVE DE ANKH

El objetivo de este segundo entrenamiento es conseguir la Llave de Ankh. Cada decisión tomada y cada reto superado acerca al equipo a este último hito previo al desafío completo. Una vez el equipo alcanza la sala donde se encuentra la llave y se verifica su obtención, el entrenamiento concluye. La Llave de Ankh marca el final de la fase de preparación y da acceso al reto final, en el que el tablero deja de estar guiado. En este punto, el docente puede valorar si el grupo está preparado para afrontar el reto completo o si resulta conveniente reforzar previamente alguna de las dinámicas trabajadas en los entrenamientos.

Volver

Obra publicada con Licencia Creative Commons CC BY-NC-SA InnovaRetosCLM 2025 – Servicio de Innovación Educativa de JCCM

Fin Sección
El subsuelo del British Museum
OBJETIVOS

    Consolidar estrategias de resolución de problemas mediante retos que requieren optimización, detección de patrones y toma de decisiones eficientes.

    Preparar al alumnado para el reto final, reforzando la lectura del tablero, la planificación de rutas y el trabajo cooperativo.

Obra publicada con Licencia Creative Commons CC BY-NC-SA InnovaRetosCLM 2025 – Servicio de Innovación Educativa de JCCM

Volver
El subsuelo del British Museum
MATERIALES NECESARIOS
TABLERO
CARTAS-RETO
ORIENTACIONES

Descárgalo aquí

1ºESO / 2ºESO 3ºESO/Diver/CFGB

Disco César

Resto de piezas

Obra publicada con Licencia Creative Commons CC BY-NC-SA InnovaRetosCLM 2025 – Servicio de Innovación Educativa de JCCM

Volver
El subsuelo del British Museum
VÍDEOS Y AUDIOS

    Presentación de InnovaRetosCLM 25-26
    Inicio de reto 1 - El misterio de la piedra Rosetta
    Presentación de sospechosos
    Localización del culpable
    Resolución del caso.

Obra publicada con Licencia Creative Commons CC BY-NC-SA InnovaRetosCLM 2025 – Servicio de Innovación Educativa de JCCM

Volver
Un turno aleatorio

1. Elegimos a qué casilla nos conviene más ir ahora. El máster coge una carta verde (Galería de Relojes) y coge una tarjeta.2. El equipo la resuelve y le comunica el resultado al máster. 3. El máster desvela el resultado con el QR y comprueban si han acertado. 4. Si han acertado, vuelven al punto 1, avanzando otra casilla. Si no han acertado retroceden a la casilla anterior y vuelven al punto 1.
Arrastra la pieza a la siguiente casilla
Cómo funciona el primer turno:

1. Partimos de la salida y avanzamos a la siguiente casilla, que es la única a la que podemos avanzar. El máster coge una carta azul (Sala de Estatuas) y coge una tarjeta.2. El equipo la resuelve y le comunica el resultado al máster. 3. El máster desvela el resultado con el QR y comprueban si han acertado. 4. Si han acertado, vuelven al punto 1, avanzando otra casilla. Si no han acertado retroceden a la casilla anterior y vuelven al punto 1.";El reto final se juega en equipos de cuatro, con un máster que mueve la ficha y verifica las soluciones mediante los códigos QR. Este rol es ideal para alumnado con dificultades, porque les permite participar activamente sin la presión de resolver los retos.
INNOVARETOS2025;InnovaRetos CLM (Fase I);Secundaria;"1º ESO; 2º ESO; 3º ESO";12-15 años;Diseño 3D;Diseña en 3D la Comisaria Lagatha Christie;https://view.genially.com/692dde65df0012e097d1cc17/interactive-content-entrenamiento-3d-genius;Educación Secundaria, Diseño 3D, Entrenamiento, Fomento de la lectura, Robótica educativa, Programación, STEAM, INNOVARETOS;"CATEGORÍA GENIUS
Diseño 3D: TinkerCad
ENTRENAMIENTO
Diseña en 3D la Comisaria Lagatha Christie
Edad recomendada: A partir de 12 años
GUÍA DIDÁCTICA
Temporalización: 3 sesiones (55 min.)

Descripción

Desarrollo
Materia: Tecnología y Digitalización Desarrollo Digital Educación Plástica, Visual y Audiovisual.

Objetivos

Materiales
Recursos: Herramienta online TinkerCad
Diseña a la Comisaria Lagatha Christie
DESCRIPCIÓN

Londres está en shock, la Piedra de Rosetta ha sido robada del Museo Británico. Menos mal que al frente de la investigación de este robo se encuentran la Comisaria de Scotland Yard Lagatha Christie, junto a su felino equipo de detectives Herclaw Poirot y Miss Miauple. ¿Te gustaría aprender a dibujar en 3D? Si es así, estás en el sitio adecuado. Te propongo que diseñemos a nuestra comisaria Lagatha Christie con el programa Tinkercad. Si esto te parece difícil, no te preocupes porque vas a poder seguir una guía paso a paso para que puedas realizar sin problema tu diseño. Incluso si tienes impresora 3D en el centro podrás imprimir a tu Comisaria Lagatha Christie. ¿Te atreves? ¡¡¡Vamos a por ello!!!

Obra publicada con Licencia Creative Commons CC BY-NC-SA InnovaRetosCLM 2025 – Servicio de Innovación Educativa de JCCM

Volver
Diseña a la Comisaria Lagatha Christie
Inspectora Jefe Lagatha Christie
DESARROLLO
OBJETIVOS

    Crear objetos complejos a partir de figuras geométricas básicas en 3D.
    Desarrollar la creatividad mediante la combinación de tecnología y expresión artística.
    Explorar las relaciones entre ciencia, tecnología, ingeniería, arte y matemáticas (STEAM) a través de la creación de un diseño 3D en Tinkercad.

La actividad se puede plantear para hacerla en grupos de tres alumnos: Disposición del tapete (opcional): Se recorta y van pegando las piezas del tapete que será por donde circule nuestro investigador HerClaw Poirot (mBot2) Programación del dispositivo: Sigue los pasos marcados en el índice para ir programando el robot. Es recomendable que os turnéis en vuestro equipo para que todos hagáis una parte de la programación. Prueba y depuración del programa: Se recomienda que probéis el funcionamiento de cada apartado, una vez programado, para depurar errores.
INDICE

Conexión

Interfaz

Inicio y Variables

Display+

Avance y obstáculos

otro....

otro....

otro....

Obra publicada con Licencia Creative Commons CC BY-NC-SA InnovaRetosCLM 2025 – Servicio de Innovación Educativa de JCCM

Obra publicada con Licencia Creative Commons CC BY-NC-SA InnovaRetosCLM 2025 – Servicio de Innovación Educativa de JCCM
Diseña a la Comisaria Lagatha Christie
DESARROLLO

Esta actividad consta de tres fases o pasos diferentes. PASO 1: Conocer el entorno de Tinkercad. Identificar las herramientas y objetos que se van a utilizar en el diseño. PASO 2: Diseño de todas las partes. Diseñar todas las piezas básicas. PASO 3: Ensamblar la piezas creadas. Unir todas las piezas y adaptarlas a las dimensiones adecuadas. PASO 4: Imprimir el objeto diseñado (opcional). Exportar el fichero STL para luego crear el fichero GCODE y llevarlo a la impresora 3D
INDICE

PASO 1

PASO 2

PASO 3

PASO 4

Obra publicada con Licencia Creative Commons CC BY-NC-SA InnovaRetosCLM 2025 – Servicio de Innovación Educativa de JCCM

Volver
Entorno Tinkercad

    Lo primero que debes hacer es abrir el entorno de trabajo Tinkercad en tu navegador.
    Si tienes cuenta logueate, y en caso contrario crea una cuenta.

    Una vez dentro haz 

click en y selecciona

    Aparecerá la pantalla como la que ves aquí. Pincha en los círculos para conocer cada parte. 

Obra publicada con Licencia Creative Commons CC BY-NC-SA InnovaRetosCLM 2025 – Servicio de Innovación Educativa de JCCM

Volver
1/9 Diseño de las piezas

Empezamos utilizando la forma básica del cilindro. Para ello sigue la secuencia indicada:1. Selecciona cilindro.2. Cambia el color.3. Modifica las dimensiones.

Crearemos tres cilindros con las siguientes dimensiones (ancho x fondo x alto) y colores:

    Cilindro base: 40 x 40 x 10. Morado
    Cilindro falda: 30 x 30 x 20. Morado
    Cilindro brazos: 6 x 6 x 20. Morado. (Duplicado)
    Cilindro parte sombrero: 20 x 20 x 5. Negro

Obra publicada con Licencia Creative Commons CC BY-NC-SA InnovaRetosCLM 2025 – Servicio de Innovación Educativa de JCCM

Avanza

Volver
2/9 Diseño de las piezas

Continuamos utilizando la forma básica del cono. Para ello seguimos la misma secuencia que hemos usado con el cilindro.

    Para dimensionar el cono truncado, las dimensiones de la base son 35 x 35 y altura 27. Modificamos el radio superior al tamaño de la mitad del radio de la base, de esta forma convertimos nuestro cono en un cono truncado. Con esto hemos conseguido la parte del cuerpo.

    Para las orejas también usamos un cono truncado. Aquí te dejo calcular las medidas aproximadas. Ten en cuenta que estas medidas se pueden cambiar en cualquier momento. (Propuesta 7x7x10).
    El sombrero también es un cono de tamaño 30x30 en la base y altura 7.

Obra publicada con Licencia Creative Commons CC BY-NC-SA InnovaRetosCLM 2025 – Servicio de Innovación Educativa de JCCM

Volver

Avanza
3/9 Diseño de las piezas

Ahora vamos con la cabeza, para ello usamos la esfera. Ponle color blanco y dimensiona a 25x25x25.

La parte de las hombreras y pies lo puedes realizar con forma básica Media Esfera.No te preocupes mucho por las dimensiones en esta ocasión, esto es mejor adaptarlo cuando se unan todas las piezas. De momento te recomiendo como medidas de las hombreras 10x10x7, y los pies 10x7x10. Aunque los pies son dos, igual que las hombreras, es mejor que solo diseñes una de cada, y luego lo dupliques cuando se unan todas las piezas, así lo harás con las dimensiones iguales. Para la parte superior del sombrero media esfera de dimensiones 15x15x7.

Obra publicada con Licencia Creative Commons CC BY-NC-SA InnovaRetosCLM 2025 – Servicio de Innovación Educativa de JCCM

Avanza

Volver
4/9 Diseño de las piezas

Para realizar las piernas usamos la forma básica del cubo. Elige el color blanco y dimensiónalo a tamaño 8x8x20. En la parte del radio dale un valor aproximado de 5 para que los perfiles sean más redondeados. Una vez dimensionada la pieza, duplícala.

Obra publicada con Licencia Creative Commons CC BY-NC-SA InnovaRetosCLM 2025 – Servicio de Innovación Educativa de JCCM

Avanza

Volver
5/9 Diseño de las piezas

Ahora vamos a diseñar las manos. Como es un objeto muy complicado vamos a utilizar una figura prediseñada. Cambia la biblioteca a ""Criaturas y personajes”. Busca una figura similar a una mano de color blanco. Si no aparece pulsa en ""Más formas"" y verás que aparecen más figuras. Selecciona la mano y arrástrala al Plano de trabajo. Dimensiónala a un tamaño adecuado al resto de figuras que ya has creado. Una posible medida sería 10x10x10. Una vez dimensionada una mano, la duplicamos, y pulsamos en simetría, y después en la flecha horizontal que nos aparece.

Obra publicada con Licencia Creative Commons CC BY-NC-SA InnovaRetosCLM 2025 – Servicio de Innovación Educativa de JCCM

Avanza

Volver
6/9 Diseño de las piezas

El diseño de los ojos es complejo, aunque puede usar un modelo dentro de la biblioteca de Criaturas y formas. Es cierto que ninguno se parece a los ojos de nuestra inspectora. Por eso vamos a diseñar uno con varias figuras, usando la forma básica del cilindro, que luego agruparemos.Empezamos con la parte blanca, seleccionamos el cilindro y le damos las dimensiones de 4x7 y alto 1. La parte azul será un cilindro de dimensiones 3x3 y alto 1.5. Por último la pupila negra de dimensiones 1.5x1.5 y altura 2.

Obra publicada con Licencia Creative Commons CC BY-NC-SA InnovaRetosCLM 2025 – Servicio de Innovación Educativa de JCCM

Avanza

Volver
7/9 Diseño de las piezas

Una vez ajustadas las medidas y colocados los cilindros, agrupamos los tres. Para ello seleccionamos los tres y pulsamos la herramienta agrupar Duplicamos el ojo completo y ahora usamos la herramienta simetria Puedes agrupar los dos ojos para que sea más fácil la colocación sobre la espera que hemos creado anteriormente y que va a ser la cabeza de la inspectora.

Obra publicada con Licencia Creative Commons CC BY-NC-SA InnovaRetosCLM 2025 – Servicio de Innovación Educativa de JCCM

Volver

Avanza
8/9 Diseño de las piezas

Ahora vamos a terminar realizando la cola de nuestra inspectora. Para realizarlo vamos a aprender una nueva herramienta que se llama Extruir boceto, que podemos ver dentro de Formas básicas.Dentro de la función Boceto usamos la herramienta ""Crear curva suave"" y vamos pinchando en la zona de trabajo, y le damos la forma que consideramos.

Cuando ya está realizada la forma que queremos pulsamos la tecla ESC, y abajo nos aparecera dos nuevas herramientas, pulsamos la de configuración del trazo, para darle un groso adecuado. Verás que además del ancho puedes elegir el remate. Te recomiendo que le des a extremos redondeados. Una vez finalizado pulsamos en la parte superior derecha ""Finalizar boceto"". La altura que da al boceto es 10, ajústalo a 2 mm.

Obra publicada con Licencia Creative Commons CC BY-NC-SA InnovaRetosCLM 2025 – Servicio de Innovación Educativa de JCCM

Avanza

Volver
9/9 Diseño de las piezas

Ahora vamos a terminar realizando la boca. Aquí ponle imaginación y simplifica al máximo. Te propongo una solución, pero podría valer otra diferente, y a estas alturas seguro que ya puedes realizar tu propio diseño. Para la boca que propongo vamos a usar la figura de media esfera, un techo curvo y dos formas de extrusión, una curva para la parte de sonrisa de la boca y otra recta para la parte que une la boca con la nariz.

Primero ponemos la media esfera con medidas 10x6x4,5. Luego el techo curvo con medidas 4x1,5x5. Inclinamos para adaptarlo a la media esfera. La parte de extrusión que dibujamos la media boca, que luego duplicaremos. Y por último la parte recta que une con la narid. No olvides agrupar el conjunto para moverlo más fácil.

Obra publicada con Licencia Creative Commons CC BY-NC-SA InnovaRetosCLM 2025 – Servicio de Innovación Educativa de JCCM

Volver

Fin seccion
1/7 Unión piezas

Ahora llega el momento de unir todas las partes creadas. Para desplazar los objetos pulsa con el botón izquierdo del ratón y arrastramos. Presionando la rueda del ratón podemos desplazar toda la zona de trabajo. Presionando el botón derecho podemos mover el punto de visión. Empezamos por la base que colocamos en la base de la zona de trabajo. Para colocarlo en la base usamos la herramienta ""Soltar en el plano de trabajo"", para ello pinchamos en el cilindro y luego en Seguimos con las piernas que tenemos que elevar para ello pinchando en el cono superior de la pieza arrastramos hasta dejarlo a la altura deseada.

Obra publicada con Licencia Creative Commons CC BY-NC-SA InnovaRetosCLM 2025 – Servicio de Innovación Educativa de JCCM

Avanza

Volver
2/7 Unión piezas

Colocamos los pies, que previamente debemos girar, y los colocamos junto a las piernas. Colócalos de forma que queden completamente pegados a las piernas y la base, incluso con parte de ellos ocultos tanto en la base como en las piernas. Si fuera necesario, ajusta las medidas.

Obra publicada con Licencia Creative Commons CC BY-NC-SA InnovaRetosCLM 2025 – Servicio de Innovación Educativa de JCCM

Avanza

Volver
3/7 Unión piezas

Continuaremos con la falda y el cuerpo. Lo arrastramos a la parte deseada y, para el ajuste fino, usamos la herramienta Alinear. Pinchando en los puntos centrales, nos alinea ambas piezas como deseamos. Recuerda que siempre puedes ajustar las medidas, si fuera necesario, para que quede mejor nuestra figura. Parte del cilindro queda oculta dentro del cono truncado.

Obra publicada con Licencia Creative Commons CC BY-NC-SA InnovaRetosCLM 2025 – Servicio de Innovación Educativa de JCCM

Volver

Avanza
4/7 Unión piezas

Ahora colocamos la cabeza, y procedemos como en el paso anterior con la falda y el cuerpo.Recuerda usar la herramienta ""Alinear"", te facilitará mucho el trabajo. Una vez colocado, pasamos a colocar el sombrero seleccionando el cono y después la media esfera. Se ha olvidado hacer antes una pequeña cinta alrededor del sombrero, pero podemos crearla ahora. Podemos seleccionar la forma básica Toroide, Tubo o Aro. Te propongo que elijas el aro, y le des las dimensiones 15x15x5 y de color azul. Por último coloca las orejas. Colócalas con la herramienta alinear y gíralas aproximadamente 20º.

Obra publicada con Licencia Creative Commons CC BY-NC-SA InnovaRetosCLM 2025 – Servicio de Innovación Educativa de JCCM

Avanza

Volver
5/7 Unión piezas

De forma similar colocamos los brazos y manos. Te recomiendo que coloques el brazo y mano y los agrupes y, después, los traslades agrupados junto al cuerpo.

Las hombreras ajústalas entre el brazo y el cuerpo de forma que la unión entre ambas quede integrada. La hombrera debes girarla para que dé mejor sensación. Aunque puedes utilizar la otra hombrera que hemos realizado antes, quizás es mejor que la dupliques ahora, y utilices la herramienta simetría (horizontal). Después, lo trasladas al otro brazo. No olvides eliminar la hombrera que ya habías creado anteriormente.

Obra publicada con Licencia Creative Commons CC BY-NC-SA InnovaRetosCLM 2025 – Servicio de Innovación Educativa de JCCM

Volver

Avanza
6/7 Unión piezas

Es el turno de colocar los ojos. Estos ya estaban agrupados, con lo cual solo es girarlos y trasladarlos a la cara. Si no estuvieran agrupados no te olvides de hacerl, después los giraremos y trasladaremos. Una vez colocados desagrúpalos, para que puedas girar de forma individual cada uno de los ojos, y así se adapte mejor a la forma redonda de la cara quedando completamente integrada.

Ahora colocamos la boca, que también está agrupada. Una vez la tienes colocada en la cara, ajusta la inclinación para que quede pegada y ajustada a la espera de la cara. Es posible que tengas que adaptar el tamaño e inclinación de la nariz, si es así desagrúpalo y adaptas el cilindro. Por último colocamos la cola. Ajusta el tamaño según consideres.

Obra publicada con Licencia Creative Commons CC BY-NC-SA InnovaRetosCLM 2025 – Servicio de Innovación Educativa de JCCM

Avanza

Volver
7/7 Unión piezas

Ya tenemos acabada nuestra Comisaria Lagatha Cristhie. Aquí puedes ver diferentes perspectivas.Se puede dar por terminado el proceso, pero aquí puede entrar tu imaginación para añadir cualquier tipo de detalle sobre la figura creada.

Obra publicada con Licencia Creative Commons CC BY-NC-SA InnovaRetosCLM 2025 – Servicio de Innovación Educativa de JCCM

Fin sección

Volver
Impresión 3D (opcional)

En el caso de que tengas una impresora 3D en el centro escolar y que quieras tener en tus manos a la Comisaria Lagatha Christie, podrías construir la figura que has diseñado.Vas a ver que es muy fácil si sigues estos pasos:

    Exportar desde Tinckercad en formato STL.

2. Laminar el archivo STL con Ultimaker Cura y generar el archivo .gcode.

3. Llevar a tu impresora 3D el archivo .gcode e imprimir.

Obra publicada con Licencia Creative Commons CC BY-NC-SA InnovaRetosCLM 2025 – Servicio de Innovación Educativa de JCCM

Volver
Impresión 3D. Exportar formato STL

Para obtener el archivo STL de tu diseño pincha en exportar, y luego en la ventana que se abre en STL. Se abrirá una ventana de descarga de archivos donde puedes modificar la carpeta donde quieres guardarlo.

Obra publicada con Licencia Creative Commons CC BY-NC-SA InnovaRetosCLM 2025 – Servicio de Innovación Educativa de JCCM

Volver
Impresión 3D. Crear archivo .gcode

Abrimos el archivo STL con el programa UltiMaker Cura, aunque podría ser en cualquier otro programa para realizar el laminado del archivo STL. Configuramos el programa con nuestra impresora, y el tipo de material a utilizar, por ejemplo PLA . Ajustamos los parámetros, aunque esta parte es mejor que te guíes por lo que te indique tu profesor/a. Procedemos al laminado con la obtención del archivo gcode. Finalmente este archivo se lleva a la impresora 3D el archivo gcode y se procede a la impresión.

Obra publicada con Licencia Creative Commons CC BY-NC-SA InnovaRetosCLM 2025 – Servicio de Innovación Educativa de JCCM

Volver
Inspectora Jefe Lagatha Christie
MATERIALES NECESARIOS
DISPOSITIVOS
OTROS
OPCIONAL

    Ordenador con conexión a internet.
    Ratón

Cuenta en Tinkercad

Impresora 3D Tener instalado el programa UltiMaker Cura o similar";Crear objetos complejos a partir de figuras geométricas básicas en 3D. Desarrollar la creatividad mediante la combinación de tecnología y expresión artística. Explorar las relaciones entre ciencia, tecnología, ingeniería, arte y matemáticas (STEAM) a través de la creación de un diseño 3D en…
INNOVARETOS2025;InnovaRetos CLM (Fase I);Secundaria;"1º ESO; 2º ESO; 3º ESO";12-15 años;Diseño 3D;Diseña en 3D el equipo de la Comisaria Lagatha Christie;https://view.genially.com/693fbfbcbfa6f8886e86a7ee/interactive-content-reto-3d-genius;Educación Secundaria, Diseño 3D, Reto, Gamificación / misterio, Robótica educativa, Programación, STEAM, INNOVARETOS;"CATEGORÍA GENIUS
Diseño 3D: TinkerCad
Reto
Diseña en 3D el equipo de la Comisaria Lagatha Christie
Edad recomendada: A partir de 12 años
GUÍA DIDÁCTICA
Temporalización: 3 sesiones (55 min.)

Descripción

Reto
Materia: Tecnología y Digitalización Desarrollo Digital Educación Plástica, Visual y Audiovisual.

Objetivos

Materiales

Vídeos

Entrega Reto
Recursos: Herramienta online TinkerCad
Diseña en 3D el equipo de la Comisaria Lagatha Christie
DESCRIPCIÓN

Londres está en shock, la Piedra de Rosetta ha sido robada del Museo Británico. Menos mal que al frente de la investigación de este robo se encuentran la Comisaria de Scotland Yard, Lagatha Christie, junto a su felino equipo de detectives Herclaw Poirot y Miss Miauple. En el entrenamiento has diseñado a la Comisaria Lagatha Christie. ¿Te animas ahora a completar su equipo? Te propongo diseñar a uno de sus felinos detectives, Herclaw Poirot o Miss Miauple. Si es así, ánimo solo es seguir alguno de los pasos que has visto en el entrenamiento, y por supuesto ponerle mucha imaginación.

Obra publicada con Licencia Creative Commons CC BY-NC-SA InnovaRetosCLM 2025 – Servicio de Innovación Educativa de JCCM

Volver
Diseña en 3D el equipo de la Comisaria Lagatha Christie
Inspectora Jefe Lagatha Christie
DESARROLLO
OBJETIVOS

    Crear objetos complejos a partir de figuras geométricas básicas en 3D.
    Desarrollar la creatividad mediante la combinación de tecnología y expresión artística.
    Explorar las relaciones entre ciencia, tecnología, ingeniería, arte y matemáticas (STEAM) a través de la creación de un diseño 3D en Tinkercad.

La actividad se puede plantear para hacerla en grupos de tres alumnos: Disposición del tapete (opcional): Se recorta y van pegando las piezas del tapete que será por donde circule nuestro investigador HerClaw Poirot (mBot2) Programación del dispositivo: Sigue los pasos marcados en el índice para ir programando el robot. Es recomendable que os turnéis en vuestro equipo para que todos hagáis una parte de la programación. Prueba y depuración del programa: Se recomienda que probéis el funcionamiento de cada apartado, una vez programado, para depurar errores.
INDICE

Conexión

Interfaz

Inicio y Variables

Display+

Avance y obstáculos

otro....

otro....

otro....

Obra publicada con Licencia Creative Commons CC BY-NC-SA InnovaRetosCLM 2025 – Servicio de Innovación Educativa de JCCM

Obra publicada con Licencia Creative Commons CC BY-NC-SA InnovaRetosCLM 2025 – Servicio de Innovación Educativa de JCCM
Diseña en 3D el equipo de la Comisaria Lagatha Christie
RETO

Puedes elegir entre el detective Herclaw Poirot y la detective Miss Miauple.

Haz click en el o la detective que quieres diseñar y te llevará a un ejemplo de diseño en 3D. Es muy importante que hagáis vuestro propio diseño, no tiene por qué ser una copia del que aquí se os propone. ¡Dadle rienda suelta a vuestra creatividad!

Herclaw Poirot

Miss Miauple

Obra publicada con Licencia Creative Commons CC BY-NC-SA InnovaRetosCLM 2025 – Servicio de Innovación Educativa de JCCM
Diseña en 3D al detective Herclaw Poirot

Obra publicada con Licencia Creative Commons CC BY-NC-SA InnovaRetosCLM 2025 – Servicio de Innovación Educativa de JCCM

Volver al reto
Diseña en 3D a la detective Miss Miauple

Obra publicada con Licencia Creative Commons CC BY-NC-SA InnovaRetosCLM 2025 – Servicio de Innovación Educativa de JCCM

Volver al reto
Equipo de la Comisaria Lagatha Christie
VÍDEOS Y AUDIOS

    Presentación de InnovaRetosCLM 25-26
    Inicio de reto 1 - El misterio de la piedra Rosetta
    Presentación de sospechosos
    Localización del culpable
    Resolución del caso.

Obra publicada con Licencia Creative Commons CC BY-NC-SA InnovaRetosCLM 2025 – Servicio de Innovación Educativa de JCCM

Volver
Entrega del reto

Una vez realizado el diseño 3D del detective que has elegido crea un documento word donde incluirás las siguientes evidencias:

    Realiza capturas de pantalla, desde el entorno de Tinkercad, de la figura 3D creada desde diferentes perspectivas (al menos dos vistas del diseño 3D). En este mismo documento incluye el enlace al diseño creado en Tinkercad.
    OPCIONAL. Solo en el caso de que hayáis imprimido en 3D la figura creada, haz una foto y pégala en el documento word anterior.
    Convierte a PDF el documento y renómbralo como IES_Nombre_del_Centro_Localidad.pdf

Ahora solo falta entregar este documento a tu profesor/a, para que lo incluya en el formulario de entrega.

Instrucciones para obtener el enlace.

Obra publicada con Licencia Creative Commons CC BY-NC-SA InnovaRetosCLM 2025 – Servicio de Innovación Educativa de JCCM
1/2 Obtener enlace al diseño 3D

Desde tu perfil de Tinkercad entra en ""Diseños"" y sobre tu proyecto selecciona la rueda dentada. Haz click en ""Propiedades"" y en ""Privacidad"" elige la opción ""Público"" o ""Compartir vínculo"". Guarda los cambios.

Obra publicada con Licencia Creative Commons CC BY-NC-SA InnovaRetosCLM 2025 – Servicio de Innovación Educativa de JCCM

Avanza
2/2 Obtener enlace al diseño 3D

Haz clic en tu diseño (pero no en modificar). Te aparece una ventana como la siguiente y luego pincha en ""Copiar vínculo"". Finalmente pega el enlace en tu documento word.

Obra publicada con Licencia Creative Commons CC BY-NC-SA InnovaRetosCLM 2025 – Servicio de Innovación Educativa de JCCM

Volver a entrega
Inspectora Jefe Lagatha Christie
MATERIALES NECESARIOS
DISPOSITIVOS
OTROS
OPCIONAL

    Ordenador con conexión a internet.
    Ratón.

Cuenta en Tinkercad.

Impresora 3D. Tener instalado el programa UltiMaker Cura o similar.";Crear objetos complejos a partir de figuras geométricas básicas en 3D. Desarrollar la creatividad mediante la combinación de tecnología y expresión artística. Explorar las relaciones entre ciencia, tecnología, ingeniería, arte y matemáticas (STEAM) a través de la creación de un diseño 3D en…
INNOVARETOS2025;InnovaRetos CLM (Fase I);Secundaria;"1º ESO; 2º ESO; 3º ESO";12-15 años;Microbit;El robo de la Piedra de Rosetta;https://view.genially.com/6937e6e22ab5a66de6f8acbf/interactive-content-entrenamiento-el-robo-de-la-piedra-rosetta-m-educable;Educación Secundaria, Microbit, Entrenamiento, Gamificación / misterio, Robótica educativa, Programación, Visión artificial, INNOVARETOS;"CATEGORÍA GENIUS
Robótica
ENTRENAMIENTO 1
El robo de la Piedra de Rosetta
Edad recomendada: A partir de 12 años
GUÍA DIDÁCTICA

Descripción

Desarrollo
Temporalización: 3 sesiones (50 min.)

Objetivos

Materiales
Área / materia: Tecnología y Digitalización Desarrollo Digital

Vídeos
Recursos: Micro:bit Máquina Educable
El robo de la Piedra Rosetta
DESCRIPCIÓN

Londres está shock, la Piedra de Rosetta ha sido robada del Museo Británico. Un astuto ladrón ha hackeado el sistema de seguridad que protege la vitrina. Es un sistema avanzado de doble factor de seguridad: reconocimiento facial y código de acceso. La comisaria de Scotland Yard Lagatha Christie junto a su felino equipo de detectives Herclaw Poirot y Miss Miauple son los encargados de investigar la autoría del robo. Ayúdalos a resolver el robo con este entrenamiento de Robótica donde tendréis que reprogramar el sistema de seguridad de la vitrina como si fueseis el ladrón, programando una máquina educable con la función de reconocimiento de imágenes y la tarjeta microcontroladora micro:bit. Al igual que el ladrón cuando se den las dos condiciones de acceso a la vitrina (el reconocimiento facial y el código de acceso secreto) podréis acceder a la Piedra de Rosetta con el sistema de seguridad desactivado. Para obtener una explicación más amplia se recomienda descargar la Guía Didáctica completa.

Obra publicada con Licencia Creative Commons CC BY-NC-SA InnovaRetosCLM 2025 – Servicio de Innovación Educativa de JCCM

Volver
El robo de la Piedra Rosetta
OBJETIVOS

    Aprender a configurar una máquina educable para el reconocimiento de imágenes.
    Aprender a programar la placa microcontroladora micro:bit para el tratamiento de información procedente del la máquina educable.
    Aprender a programar la placa microcontroladora micro:bit para resolver algoritmos sencillos.

Obra publicada con Licencia Creative Commons CC BY-NC-SA InnovaRetosCLM 2025 – Servicio de Innovación Educativa de JCCM

Volver
El robo de la Piedra Rosetta
DESARROLLO

Esta actividad consta de la secuencia de tres PASOS diferentes que pueden desarrollarse en cuatro sesiones dependiendo de la experiencia previa del alumnado. PASO1: configuración de la máquina educable. Cada grupo aprenderá la configuración básica de la máquina educable para el reconocimiento de imágenes (Proyecto Imágen). PASO2: programación de la tarjeta micro:bit con la máquina educable. En este paso cada grupo aprenderá a programar la tarjeta micro:bit para interpretar la información de reconocimiento imágenes procedente de la máquina educable y las comunicaciones entre la máquina educable y la tarjeta micro:bit. PASO3: programación de la tarjeta micro:bit para código de acceso. Finalmente, cada grupo aprenderá a programar en la tarjeta micro:bit el algoritmo de acceso a la vitrina mediante el código numérico secreto.
INDICE

PASO1

PASO2

PASO3

Obra publicada con Licencia Creative Commons CC BY-NC-SA InnovaRetosCLM 2025 – Servicio de Innovación Educativa de JCCM

Volver
PASO1: configuración de la máquina educable

En este apartado cada grupo aprenderá la configuración de la máquina educable (Google Teachable Machine AI Model) para el reconocimiento de imágenes, la cual entrenaremos para que reconozca a los posibles sospechosos.

¿Qué es una Máquina Educable?

Obra publicada con Licencia Creative Commons CC BY-NC-SA InnovaRetosCLM 2025 – Servicio de Innovación Educativa de JCCM

Fin Sección
PASO1: configuración de la máquina educable

La máquina educable de Google es una herramienta que permite entrenar a una computadora para que reconozca imágenes, sonidos y posturas. Para este entrenamiento utilizaremos el modo de trabajo ""Proyecto de imagen -> Modelo de imagen estándar"" donde seguiremos los siguientes pasos para cada sospechoso.

    Para el primer sospechoso ""FOCUS DEL MAR"" sustituiremos la denominación de la clase de objeto ""Class 1"" por el nombre del sospechoso ""FOCUS DEL MAR"", seguidamente pulsaremos sobre el icono de la Webcam (dando permisos a la cámara del pc) y con la imagen del primer sospechoso delante de la cámara mantendremos pulsado el botón ""Mantén pulsado para grabar"" iniciándose el proceso de captura de imagen. Con 80 muestras será suficiente para este ejemplo.

Obra publicada con Licencia Creative Commons CC BY-NC-SA InnovaRetosCLM 2025 – Servicio de Innovación Educativa de JCCM

Volver

Avanza
PASO1: configuración de la máquina educable

    Haremos lo mismo para el segundo sospechoso ""CAPI JACKSON"". Sustituiremos la denominación de la clase de objeto ""Class 2"" por el nombre del sospechoso ""CAPI JACKSON"". Pincharemos en el icono de la Webcam y seguidamente con la imagen del segundo sospechoso delante de la cámara mantendremos pulsado el botón ""Mantén pulsado para grabar"". Con 80 muestras será suficiente para este ejemplo.
    Añadiremos nuevas clases (una para cada uno de los sospechosos restantes) y procederemos de igual forma que en los casos anteriores.
    Una vez introducidos todos los sospechosos pulsaremos ""Preparar modelo"".
    Al finalizar la preparación del modelo de la máquina educable podremos comprobar su funcionamiento con las imágenes de los sospechosos, obteniendo como resultado un valor alto del porcentaje de reconocimiento en el sospechoso identificado. Si los valores fueran parecidos habría que tomar más capturas de los sospechosos y volver a pulsar ""Preparar modelo"".
    Mantendremos está página web abierta para continuar en el PASO2.

Volver

Obra publicada con Licencia Creative Commons CC BY-NC-SA InnovaRetosCLM 2025 – Servicio de Innovación Educativa de JCCM

Fin Sección
PASO2: programación de la tarjeta micro:bit con la máquina educable

En este paso cada grupo aprenderá a programar la tarjeta micro:bit para interpretar la información de reconocimiento de imágenes procedente de la máquina educable de forma que cada vez que un sospechoso que ha hackeado el sistema de seguridad de reconocimiento facial sea identificado se activará un led amarillo.

    Primero: cablearemos los leds de acuerdo al esquema de cableado del apartado ""Cableado""
    Segundo: desde el entorno de programación de MAKECODE para micro:bit programaremos el código de bloques del apartado ""Programación"".
    Tercero: desde la web Ai Training nos conectaremos con la tarjeta micro:bit para utilizar el modelo entrenado de la máquina educable para reconocimiento de imágenes.

MIcrobit

Cableado

Programación

Ai Training

Obra publicada con Licencia Creative Commons CC BY-NC-SA InnovaRetosCLM 2025 – Servicio de Innovación Educativa de JCCM

Fin Sección
PASO2: programación de la tarjeta micro:bit con la máquina educable

Partiremos desde la página web donde está el modelo de la máquina educable de Google entrenado en el PASO1 para reconocer las imágenes de los sospechosos. Una vez preparado el modelo de la máquina educable (habíamos pulsado el botón ""Preparar modelo"") seguiremos los siguientes pasos:

    Paso1: pulsaremos sobre ""Exportar modelo"" dando lugar a una ventana emergente donde volveremos a pulsar sobre ""Subir mi modelo"".
    Paso2: al finalizar el proceso de subida a la ""nube"" (servidor web) se generará un enlace (link) al modelo de la máquina educable entrenado que precisaremos para la página web AI Training (web que permitirá conectar el modelo de máquina entrenado y con la tarjeta micro:bit).

Exportar modelo

Subir modelo

Link modelo subido a la nube

Obra publicada con Licencia Creative Commons CC BY-NC-SA InnovaRetosCLM 2025 – Servicio de Innovación Educativa de JCCM

Volver

Avanza
PASO2: programación de la tarjeta micro:bit con la máquina educable

    Paso3: en la página web Ai Training (web que permitirá conectar el modelo de máquina entrenado y subido a la ""nube"" con la tarjeta micro:bit) pulsaremos sobre la opción ""3. Connect your micro:bit to your AI!"" permitiéndonos conectarnos a la tarjeta micro:bit conectada al usb del pc.
    Paso4: pegaremos el link generado en el Paso2 en la opción ""Paste your Google Teachable machine model link here:"" y verifica que la webcam elegida es la correcta.
    Paso5: una vez conectada la tarjeta micro:bit al modelo de máquina educable entrenada desde la página AI training podremos probar el funcionamiento del programa de reconocimiento de sospechosos previamente en la micro:bit donde al reconocer a los sospechosos ""FOCUS DEL MAR"" y "" CAPI JACKSON"" se activará el led amarillo y al reconocer al sospechoso ""TIJA LAGARD"" se desactivará el led amarillo.

Volver

Fin Sección

Obra publicada con Licencia Creative Commons CC BY-NC-SA InnovaRetosCLM 2025 – Servicio de Innovación Educativa de JCCM
PASO3: programación de la tarjeta micro:bit para código de acceso

El programa de código de acceso de apertura de la vitrina permitirá introducir un número entre el 0 y el 99. Utilizaremos el botón A de la micro:bit para introducir las decenas y el botón B para introducir las unidades. Al presionar los botones A y B simultáneamente se aceptará el código introducido. En estos pasos se indican las instrucciones de bloques para introducir el código de acceso con los botones.

Obra publicada con Licencia Creative Commons CC BY-NC-SA InnovaRetosCLM 2025 – Servicio de Innovación Educativa de JCCM

Avanza
PASO3: programación de la tarjeta micro:bit para código de acceso

Para que el ladrón pueda acceder a la vitrina y robar la Piedra de Rosetta tiene que ser reconocido por el sistema de reconocimiento facial y además conocer el código de acceso, para ello unificaremos el programa de reconocimiento de imágenes y el programa del código de acceso. Inicialmente el led rojo estará activado, cuando se reconozca la cara de un sospechoso se activará también el led amarillo y finalmente si se introduce el código de acceso secreto ""23"" se desactivará el led rojo y se activará el led verde. Para completar el programa de la página anterior habrá que añadir la siguiente parte del programa con la función de reconocimiento de imágenes y verificación del código.

Programa máquina educable

Volver

Fin Sección

Obra publicada con Licencia Creative Commons CC BY-NC-SA InnovaRetosCLM 2025 – Servicio de Innovación Educativa de JCCM
El robo de la Piedra Rosetta
MATERIALES NECESARIOS
DISPOSITIVOS
OTROS
DESCARGAS

Huskylens y micro:bit

ImágenesLedsCableado

Imágenes imprimibles Guía didáctica

Obra publicada con Licencia Creative Commons CC BY-NC-SA InnovaRetosCLM 2025 – Servicio de Innovación Educativa de JCCM
El robo de la Piedra Rosetta
VÍDEOS Y AUDIOS

    Presentación de InnovaRetosCLM 25-26
    Inicio de reto 1 - El misterio de la piedra Rosetta
    Presentación de sospechosos
    Localización del culpable
    Resolución del caso.

Obra publicada con Licencia Creative Commons CC BY-NC-SA InnovaRetosCLM 2025 – Servicio de Innovación Educativa de JCCM
Programación

En el entorno de MAKECODE crearemos el siguiente programa. El propósito de este código es el de activar el led amarillo conectado al pin P1 cuando se reconozca la imagen de los sospechosos FOCUS DEL MAR y CAPI JACKSON y que no se active cuando reconozca al sospechoso TIJA LAGARD.

PROGRAMA
Conexiones

Conectaremos 3 diodos leds a la tarjeta de expansión Magician:bit en los pines (P0- Green, P1-Yellow, P2-Red) para señalizar la información procedente de la cámara Huskylens.Inicialmente la vitrina de la Piedra Rosetta estará bloqueada (led rojo activado). Si un ladrón ha hackeado el sistema de reconocimiento de imágenes la cámara Huskylens lo identificará y por programación en la micro:bit se activará el led amarillo. Si además conoce el código de acceso de entrada desde los botones A y B de la micro:bit el led rojo se desactivará y el verde se activará.
Microbit

    Micro:bit es una placa programable con multitud de posibilidades. Podéis acceder a la página oficial de Micro:bit para explorar todas sus características.

    Existen distintos entornos de programación. En esta guía utilizaremos el entorno MakeCode de Microsoft, donde programaremos con bloques de código similar al entorno de programación de Scratch.

    El entorno de MakeCode nos permite visualizar en un simulador lo que estamos programando. El resultado de la programación no será visible en nuestra placa hasta que no descarguemos el programa a la propia placa. Por lo tanto, cualquier cambio que hagamos en la programación lo podemos visualizar en el momento en el simulador, pero no en la placa (hasta que no descarguemos de nuevo el programa)..";Esta actividad consta de la secuencia de tres PASOS diferentes que pueden desarrollarse en cuatro sesiones dependiendo de la experiencia previa del alumnado. PASO1: configuración de la máquina educable.
INNOVARETOS2025;InnovaRetos CLM (Fase I);Secundaria;"1º ESO; 2º ESO; 3º ESO";12-15 años;Microbit;Encuentra al ladrón. Máquina Educable;https://view.genially.com/6937e70ad6313e05326f47e8/interactive-content-reto-encuentra-al-ladron-m-educable;Educación Secundaria, Microbit, Reto, Gamificación / misterio, Robótica educativa, Programación, Visión artificial, INNOVARETOS;"CATEGORÍA GENIUS
Robótica
RETO1
Encuentra al ladrón - M. Educable
Edad recomendada: A partir de 12 años
GUÍA DIDÁCTICA

Descripción

Desarrollo
Temporalización: 3 sesiones (50 min.)

Objetivos

Materiales
Área / materia: Tecnología y Digitalización Desarrollo Digital

Entregas

Vídeos
Recursos: Micro:bit Máquina Educable
Encuentra al ladrón - Máquina Educable
DESCRIPCIÓN

Londres está shock, la Piedra de Rosetta ha sido robada del Museo Británico. Un astuto ladrón ha hackeado el sistema de seguridad que protege la vitrina que la custodiaba. El ladrón ha dejado un mensaje cifrado utilizando unos códigos visuales denominados etiquetas April. Necesitamos que ayudéis a la comisaria Lagatha Christie a encontrar al ladrón, para ello tendréis que programar una lupa inteligente con el propósito de descifrar el mensaje que ha dejado el ladrón en la escena del crimen. Como lupa configuraréis la máquina educable de Google con la función de reconocimiento de imágenes (Proyecto de imagen) utilizando la tarjeta microcontroladora micro:bit para la decodificación del mensaje. Pero cuidado, el ladrón es muy astuto y ha cifrado utilizando el Código Cesar 3 el mensaje obtenido con la lupa por lo que tendremos que volver a programar la tarjeta micro:bit para conocer la respuesta final. Para obtener una explicación más amplia se recomienda descargar la Guía Didáctica completa.

Obra publicada con Licencia Creative Commons CC BY-NC-SA InnovaRetosCLM 2025 – Servicio de Innovación Educativa de JCCM

Volver
Encuentra al ladrón - Máquina Educable
OBJETIVOS

    Aprender a configurar una máquina educable para el reconocimiento de imágenes.
    Aprender a programar la placa microcontroladora micro:bit para el tratamiento de información procedente de la máquina educable.
    Aprender a programar la placa microcontroladora micro:bit para resolver algoritmos sencillos.

Obra publicada con Licencia Creative Commons CC BY-NC-SA InnovaRetosCLM 2025 – Servicio de Innovación Educativa de JCCM

Volver
Encuentra al ladrón - Máquina Educable
DESARROLLO

Esta actividad consta de la secuencia de tres PASOS diferentes que pueden desarrollarse en cuatro sesiones dependiendo de la experiencia previa del alumnado. PASO1: configuración de la máquina educable. Cada grupo aprenderá la configuración básica de la máquina educable para el reconocimiento de imágenes (Proyecto Imágen). PASO2: programación de la tarjeta micro:bit con la máquina educable. En este paso cada grupo programará la tarjeta micro:bit para interpretar la información de reconocimiento de las imágenes (etiquetas April) procedente de la máquina educable obteniendo el mensaje cifrado en Código Cesar 3. PASO3: programación de la tarjeta micro:bit para descodificar el mensaje descifrado de las etiquetas. Finalmente cada grupo programará en la tarjeta micro:bit el algoritmo de decodificación cifrado en Código César 3 del mensaje obtenido de las etiquetas.
INDICE

PASO1

PASO2

PASO3

Obra publicada con Licencia Creative Commons CC BY-NC-SA InnovaRetosCLM 2025 – Servicio de Innovación Educativa de JCCM

Volver
PASO1: configuración de la máquina educable

El ladrón ha dejado un mensaje con códigos visuales denominados April tags , tenemos que ayudar a la comisaria Lagatha Christie a resolver el misterio, para ello utilizaremos una lupa de detective (máquina educable de Google). En este apartado cada grupo entrenará la máquina educable para el reconocimiento de imágenes de forma que identificaresmos cada etiqueta April con un ID (Pista 1) siguiendo las indicaciones de la Pista 2.

Pista 1

Pista 2

Obra publicada con Licencia Creative Commons CC BY-NC-SA InnovaRetosCLM 2025 – Servicio de Innovación Educativa de JCCM

Fin Sección
PASO1: configuración de la máquina educable

La máquina educable de Google es una herramienta que permite entrenar a una computadora para que reconozca imágenes, sonidos y posturas. Para este reto utilizaremos el modo de trabajo ""Proyecto de imagen -> Modelo de imagen estándar"" para que reconozca los códigos April de la Pista 1. Seguiremos los siguientes pasos:

    Paso1: para el primer código April sustituiremos la denominación de la clase de objeto ""Class 1"" por el identificador ""ID1"". Pincharemos en el icono de la Webcam (dando permisos a la cámara del pc) y con la imagen del primer código April delante de la cámara mantendremos pulsado el botón ""Mantén pulsado para grabar"". Dado el parecido de las etiquetas April tendremos que hacer sobre 300 muestras para este ejemplo. Haremos este paso con todos los códigos April de la Pista 1.

Código April

Obra publicada con Licencia Creative Commons CC BY-NC-SA InnovaRetosCLM 2025 – Servicio de Innovación Educativa de JCCM

Volver

Avanza
PASO1: configuración de la máquina educable

    Paso 2: Una vez entrenados todos los códigos April pulsaremos ""Preparar modelo"". Al finalizar la preparación del modelo de la máquina educable podremos comprobar su funcionamiento con las etiquetas April, obteniendo como resultado un valor alto del porcentaje de reconocimiento en el código April identificado. Si los valores de los porcentajes de reconocimiento de la imagen fueran parecidos habría que tomar más capturas de los códigos April y volver a pulsar ""Preparar modelo"".
    Paso3: exportaremos y subiremos el modelo de máquina educable entrenada a la ""nube"" generándonos el link para la página web Ai Training que utilizaremos para conectar el modelo de la máquina educable en la nube con la tarjeta micro:bit. 

Volver

Obra publicada con Licencia Creative Commons CC BY-NC-SA InnovaRetosCLM 2025 – Servicio de Innovación Educativa de JCCM

Fin Sección
PASO2: programación de la tarjeta micro:bit con la máquina educable

Ahora que hemos entrenado la máquina educable tenemos que ayudar a la comisaria Lagatha Christie a averiguar que oculta el mensaje del ladrón para lo cual utilizaremos la siguientes pistas: Pista 3 (correlación entre una etiqueta April y una letra del alfabeto español) y Pista 4 (Programa base de micro:bit con la máquina educable). En este paso cada grupo programará la tarjeta micro:bit para interpretar la información de reconocimiento de códigos April procedente de la máquina educable.

Pista 4

Mensaje del ladrón

Pista 3

Micro:bit

Obra publicada con Licencia Creative Commons CC BY-NC-SA InnovaRetosCLM 2025 – Servicio de Innovación Educativa de JCCM

Fin Sección
PASO3: programación de la tarjeta micro:bit para descodificar el mensaje descifrado de las etiquetas

Si habéis llegado hasta aquí teneís un mensaje en el alfabeto español pero que no tiene sentido, nuestro astuto ladrón lo ha codificado en código Cesar 3. En este apartado cada grupo programará de nuevo la micro:bit para poder descubrir el mensaje del ladrón, para ello podrá usar la siguiente Pista 5 como solución base.

Pista 5

Obra publicada con Licencia Creative Commons CC BY-NC-SA InnovaRetosCLM 2025 – Servicio de Innovación Educativa de JCCM

Fin Sección
Encuentra al ladrón - Máquina Educable
MATERIALES NECESARIOS
DISPOSITIVOS
OTROS
DESCARGAS

Huskylens micro:bit

LedsCableado

Imágenes imprimibles Guía didáctica

Obra publicada con Licencia Creative Commons CC BY-NC-SA InnovaRetosCLM 2025 – Servicio de Innovación Educativa de JCCM
Encuentra al ladrón - Máquina Educable
VÍDEOS Y AUDIOS

    Presentación de InnovaRetosCLM 25-26
    Inicio de reto 1 - El misterio de la piedra Rosetta
    Presentación de sospechosos
    Localización del culpable
    Resolución del caso.

Obra publicada con Licencia Creative Commons CC BY-NC-SA InnovaRetosCLM 2025 – Servicio de Innovación Educativa de JCCM
Encuentra al ladrón - Máquina Educable
ENTREGAS

En este apartado te indicaremos los pasos a seguir para entregar tu proyecto:

1. Necesitarás las siguientes evidencias:

        Documento pdf con 2 fotografías del grupo realizando la tarea donde aparezca la cámara Huskylens y la tarjeta micro.bit. Mensaje secreto y nombre del ladrón
        Programa de makecode de la micro:bit para el reconocimiento de las etiquetas April.
        Programa de makecode de la micro:bit para descodificar el Código Cesar.

2. Incluye toda la información anterior en un fichero comprimido denominado ""nombrecentro_curso"" y envíaselo a tu profesor. 3. El profesor del grupo seleccionará el reto a enviar de entre los propuestos y lo adjuntará al formulario de entregas para la Categoría Genius en el genially de InnovaRetosCLM Curso 2025-26.

Obra publicada con Licencia Creative Commons CC BY-NC-SA InnovaRetosCLM 2025 – Servicio de Innovación Educativa de JCCM
Mensaje del ladrón
Pista5

Al pulsar el botón A de la micro:bit el programa muestra por la pantalla de leds el valor decodificado (letra B) de la letra en Código Cesar (letra E). Usamos la variable ""letra"" para cargar un valor numérico que identifique cada etiqueta April (en el ejemplo si recibimos un valor de letra=5 entonces muestra por la pantalla de leds la letra B).
Pista1
Microbit

    Micro:bit es una placa programable con multitud de posibilidades. Podéis acceder a la página oficial de Micro:bit para explorar todas sus características.

    Existen distintos entornos de programación. En esta guía utilizaremos el entorno MakeCode de Microsoft, donde programaremos con bloques de código similar al entorno de programación de Scratch.

    El entorno de MakeCode nos permite visualizar en un simulador lo que estamos programando. El resultado de la programación no será visible en nuestra placa hasta que no descarguemos el programa a la propia placa. Por lo tanto, cualquier cambio que hagamos en la programación lo podemos visualizar en el momento en el simulador, pero no en la placa (hasta que no descarguemos de nuevo el programa)..

Pista3
Código César 3

El código César 3 es un cifrado de sustitución en el que cada letra de un mensaje se reemplaza por la letra que se encuentra tres posiciones más adelante en el alfabeto. Por ejemplo, la 'A' se convierte en 'D', la 'B' en 'E', y así sucesivamente, volviendo al principio del abecedario de forma cíclica. Para descifrarlo, se realiza el proceso inverso: se desplazan las letras tres posiciones hacia atrás. Puedes utilizar el siguiente enlace para entender como funciona el código Cesar 3 (sin la letra ñ).
Pista4

Este programa muestra por pantalla valor de la letra asociada a una una etiqueta April.";Esta actividad consta de la secuencia de tres PASOS diferentes que pueden desarrollarse en cuatro sesiones dependiendo de la experiencia previa del alumnado. PASO1: configuración de la máquina educable.
INNOVARETOS2025;InnovaRetos CLM (Fase I);Secundaria;"1º ESO; 2º ESO; 3º ESO";12-15 años;"Microbit; Huskylens";El robo de la Piedra de Rosetta;https://view.genially.com/6926e3cc6b828e8af28e6d09/interactive-content-entrenamiento-el-robo-de-la-piedra-rosetta-husky;Educación Secundaria, Microbit & Huskylens, Entrenamiento, Fomento de la lectura, Gamificación / misterio, Robótica educativa, Programación, Visión artificial, INNOVARETOS;"CATEGORÍA GENIUS
Robótica
ENTRENAMIENTO 1
El robo de la Piedra de Rosetta
Edad recomendada: A partir de 12 años
GUÍA DIDÁCTICA

Descripción

Desarrollo
Temporalización: 4 sesiones (50 min.)

Objetivos

Materiales
Área / materia: Tecnología y Digitalización Desarrollo Digital

Vídeos
Recursos: Micro:bit Huskylens
El robo de la Piedra de Rosetta
DESCRIPCIÓN

Londres está shock, la Piedra de Rosetta ha sido robada del Museo Británico. Un astuto ladrón ha hackeado el sistema de seguridad que protege la vitrina. Es un sistema avanzado de doble factor de seguridad: reconocimiento facial y código de acceso. La comisaria de Scotland Yard Lagatha Christie junto a su felino equipo de detectives Herclaw Poirot y Miss Miauple son los encargados de investigar la autoría del robo. Ayúdalos a resolver el robo con este entrenamiento de Robótica donde tendréis que reprogramar el sistema de seguridad de la vitrina como si fueseis el ladrón, programando la cámara Huskylens con la función de reconocimiento facial y la tarjeta microcontroladora micro:bit. Al igual que el ladrón cuando se den las dos condiciones de acceso a la vitrina (el reconocimiento facial y el código de acceso secreto) podréis acceder a la Piedra Rosetta con el sistema de seguridad desactivado. Para obtener una explicación más amplia se recomienda descargar la Guía Didáctica completa.

Obra publicada con Licencia Creative Commons CC BY-NC-SA InnovaRetosCLM 2025 – Servicio de Innovación Educativa de JCCM

Volver
El robo de la Piedra de Rosetta
OBJETIVOS

    Aprender a configurar en el sensor Huskylens de visión artificial con IA el reconocimiento de imágenes y sus comunicaciones con placas programables.
    Aprender a programar la placa microcontroladora micro:bit para el tratamiento de información procedente del sensor de visión artificial Huskylens.
    Aprender a programar la placa microcontroladora micro:bit para resolver algoritmos sencillos.

Obra publicada con Licencia Creative Commons CC BY-NC-SA InnovaRetosCLM 2025 – Servicio de Innovación Educativa de JCCM

Volver
El robo de la Piedra de Rosetta
DESARROLLO

Esta actividad consta de la secuencia de tres PASOS diferentes que pueden desarrollarse en cuatro sesiones dependiendo de la experiencia previa del alumnado. PASO1: configuración de la cámara Huskylens. Cada grupo aprenderá la configuración básica de la cámara Huskylens para el reconocimiento facial (Face Recognition) y las comunicaciones con la tarjeta micro:bit. PASO2: programación de la tarjeta micro:bit con la cámara Huskylens. En este paso cada grupo aprenderá a programar la tarjeta micro:bit para interpretar la información de reconocimiento facial procedente de la cámara Huskylens. PASO3: programación de la tarjeta micro:bit para código de acceso. Finalmente, cada grupo aprenderá a programar en la tarjeta micro:bit el algoritmo de acceso a la vitrina mediante el código numérico secreto y lo unificará junto al programa de reconocimiento facial.
INDICE

PASO1

PASO2

PASO3

Obra publicada con Licencia Creative Commons CC BY-NC-SA InnovaRetosCLM 2025 – Servicio de Innovación Educativa de JCCM

Volver
PASO1: configuración de la cámara Huskylens

En este apartado cada grupo aprenderá la configuración básica de la cámara Huskylens para el reconocimiento facial y las comunicaciones con la tarjeta micro:bit. Entrenaremos a la cámara para que reconozca posibles sospechosos.

Ajustes comunicaciones

Modos de funcionamiento

Alimentación y conexiones

¿Qué es Huskylens?

Partes de Huskylens

Obra publicada con Licencia Creative Commons CC BY-NC-SA InnovaRetosCLM 2025 – Servicio de Innovación Educativa de JCCM

Fin Sección
PASO1: Modo ""Face Recognition""

Entrenaremos la cámara Huskylens para que reconozca algunos de los posibles ladrones utilizando el modo de trabajo ""Face Recognition"" (reconocimiento de caras) asignándoles un identificador ID al identificarlos.

SOSPECHOSOS

Face Recognition

Obra publicada con Licencia Creative Commons CC BY-NC-SA InnovaRetosCLM 2025 – Servicio de Innovación Educativa de JCCM

Volver
PASO1: Modo ""Face Recognition""

    En la cámara Huskylens mediante el botón de función elegiremos el modo Face Recognition.
    Para iniciar el aprendizaje, enfocaremos el rostro que queremos identificar y esperaremos a que quede completamente enmarcado sobre la cruz amarilla. Pulsaremos el botón de aprendizaje y aparecerá sobre el marco de la cara reconocida el texto Face ID1.
    A partir de este momento, cada vez que se detecte el rostro aprendido se presentará un marco azul con la etiqueta “Face:ID1”. Si seguidamente quisiéramos aprender otro rostro diferente, la cámara pediría olvidar lo aprendido, para evitar esto en nuestra tarea tendremos que usar el aprendizaje múltiple.

    En nuestra tarea deberemos entrenar la cámara con el aprendizaje múltiple de las caras de los sospechosos para ello seguiremos la siguiente configuración

Aprendizaje múltiple

Obra publicada con Licencia Creative Commons CC BY-NC-SA InnovaRetosCLM 2025 – Servicio de Innovación Educativa de JCCM

Volver

Fin Sección
PASO2: programación de la tarjeta micro:bit con la cámara Huskylens

En este paso cada grupo aprenderá a programar la tarjeta micro:bit para interpretar la información de reconocimiento facial procedente de la cámara Huskylens, para ello partiremos del entrenamiento realizado en el PASO1. Cablearemos los leds de acuerdo al esquema de cableado del apartado ""Cableado"" y después desde el entorno de programación de MAKECODE para micro:bit programaremos el código de bloques del apartado ""Programación"".

Micro:bit

Cableado

Programación

Obra publicada con Licencia Creative Commons CC BY-NC-SA InnovaRetosCLM 2025 – Servicio de Innovación Educativa de JCCM

Fin Sección
PASO3: programación de la tarjeta micro:bit para código de acceso

El programa de código de acceso de la vitrina permitirá introducir un número entre el 0 y el 99. Utilizaremos el botón A de la micro:bit para introducir las decenas y el botón B para introducir las unidades. Al presionar los botones A y B simultáneamente se aceptará el código. En estos pasos se indican las instrucciones de bloques para introducir el código de acceso con los botones.

Obra publicada con Licencia Creative Commons CC BY-NC-SA InnovaRetosCLM 2025 – Servicio de Innovación Educativa de JCCM

Volver

Avanza
PASO3: programación de la tarjeta micro:bit para código de acceso

Para que el ladrón pueda acceder a la vitrina y robar la Piedra de Rosetta tiene que ser reconocido por el sitema de reconocimiento facial y además conocer el código de acceso, para ello unificaremos el programa de reconocimiento de huskylens y el programa del código de acceso. Inicialmente el led rojo estará activado, cuando se reconozca la cara de un sospechoso se activará también el led amarillo y finalmente si se introduce el código de acceso secreto ""23"" se desactivará el led rojo y se activará el led verde. Para completar el programa de la página anterior habrá que añadir la siguiente parte del programa con la función de reconocimiento de la huskylens y de verificación del código de acceso.

Programa huskylens

Obra publicada con Licencia Creative Commons CC BY-NC-SA InnovaRetosCLM 2025 – Servicio de Innovación Educativa de JCCM

Fin Sección
El robo de la Piedra de Rosetta
MATERIALES NECESARIOS
DISPOSITIVOS
OTROS
DESCARGAS

Huskylens y micro:bit

ImágenesLedsCableado

Imágenes imprimiblesModelo 3D HuskylensGuía didáctica

Obra publicada con Licencia Creative Commons CC BY-NC-SA InnovaRetosCLM 2025 – Servicio de Innovación Educativa de JCCM
El robo de la Piedra de Rosetta
VÍDEOS Y AUDIOS

    Presentación de InnovaRetosCLM 25-26
    Inicio de reto 1 - El misterio de la piedra Rosetta
    Presentación de sospechosos
    Localización del culpable
    Resolución del caso.

Obra publicada con Licencia Creative Commons CC BY-NC-SA InnovaRetosCLM 2025 – Servicio de Innovación Educativa de JCCM
Programación

El propósito de este código es el de activar el led amarillo en el pin P1 cuando se reconozca la imagen del sospechoso con el identificador de la Huskylens ID1 y que no se active cuando reconozca al sospechoso de ID2. Para esta actividad haremos 3 sospechosos ID1, ID2 e ID3 que activarán el led amarillo y 3 sospechosos ID4, ID5 e ID6 que no lo activarán.
Huskylens

HuskyLens es una cámara de visión artificial con inteligencia artificial (IA) diseñada para proyectos educativos y maker. Incorpora funciones como reconocimiento facial, seguimiento y reconocimiento de objetos, seguimiento de líneas, reconocimiento de colores y lectura de códigos QR. Se conecta a microcontroladores populares como Arduino, Raspberry Pi y micro:bit, permitiendo a los usuarios crear proyectos interactivos y avanzados sin necesidad de una programación compleja.
Modos de funcionamiento

    Object Tracking (Seguimiento de objetos). La cámara puede devolver datos a una placa programable sobre la posición en pantalla del objeto aprendido.
    Object Recognition (Reconocimiento de objetos). Podemos utilizar los 20 objetos cuyo aprendizaje viene por defecto pregrabado en la cámara: coche, pájaro, monitor, silla, etc.
    Line Tracking (Seguimiento de línea). Nos permite aprender líneas que formen parte de una trayectoria.
    Color Recnognition (Reconocimiento de colores). Detecta colores en pantalla con posibilidad de hacer un aprendizaje de aquellos que vayamos a utilizar en un proyecto.
    Tag Recognition (Reconocimiento de etiquetas). Detecta e identifica una serie de códigos visuales denominados AprilTags.
    Object Classification (Clasificación de objetos). Es posible hacer un aprendizaje por grupos concretos. Por ejemplo, rostro con mascarilla y sin mascarilla.
    Face Recognition (reconocimiento de caras). Este es el modo de reconocimiento de rostros que utilizaremos para entrenar los rostros de los sospechosos.

Alimentación y conexiones

    HuskyLens trabaja con un rango de voltaje de 3.3 V.
    Para conectar la Huskylens a la placa de extensión Magician:bit usamos el conector UART/I2C, el cual dispone de 4 cables como podemos ver en la imagen: rojo, negro, azul y verde.
    Los cables rojo y negro darán alimentación al dispositivo. Los conectamos a los pines + y - respectivamente.
    El cable verde se conecta al pin SDA (datos) y el cable azul al pin SCL (reloj).
    Finalmente introducimos la placa micro:bit en la placa de expansión y lo conectamos al PC.

Conexiones

Conectaremos 3 diodos leds a la tarjeta de expansión Magician:bit en los pines (P0- Green, P1-Yellow, P2-Red) para señalizar la información procedente de la cámara Huskylens. Inicialmente la vitrina de la Piedra Rosetta estará bloqueada (led rojo activado). Si un ladrón ha hackeado el sistema de reconocimiento de imágenes la cámara Huskylens lo identificará y por programación en la micro:bit se activará el led amarillo. Si además conoce el código de acceso de entrada desde los botones A y B de la micro:bit el led rojo se desactivará y el verde se activará.
Aprendizaje múltiple

    Situados en el menú en Face Recognition realizaremos una pulsación larga en el botón de función. Aparecerán varias opciones, entre las que figura Learning multiple. Haremos una pulsación corta para seleccionar y giramos el dial para que la barra en pantalla aparezca en color azul, pulsamos de nuevo en el botón de función para consolidar el ajuste.
    Para terminar, nos dirigimos a Save&Return y guardamos los cambios. Ahora la cámara nos permitirá aprender más de una cara, siguiendo el mismo procedimiento explicado en el primer ejemplo.

    Por cada rostro aprendido se asignarán las ID2, ID3, ID4, y así sucesivamente. Para finalizar el aprendizaje, pulsaremos el botón de función.

Ajustes Generales

Una vez encendida la cámara nos desplazamos a modo dial (botón de función) hasta localizar la opción General Settings.

Para desplazarte por los menús con el botón de función a izquierda-derecha, selecciona con pulsación breve o con el mismo dial dependiendo del parámetro.

Pulsaremos el botón de función para acceder al ajuste de diversos parámetros del dispositivo. La opción Protocol Type nos permite establecer el protocolo de comunicación con otros dispositivos a los que conectemos HuskyLens. Elegiremos I2C.
Características Físicas

El dispositivo cuenta con dos botones:

    Función: para acceder a los modos de funcionamiento y configuraciones de la cámara. Se acciona presionando y también en modo dial (giro izquierda-derecha).
    Aprendizaje: que se acciona presionando.

Microbit

    Micro:bit es una placa programable con multitud de posibilidades. Podéis acceder a la página oficial de Micro:bit para explorar todas sus características.

    Existen distintos entornos de programación. En esta guía utilizaremos el entorno MakeCode de Microsoft, donde programaremos con bloques de código similar al entorno de programación de Scratch.

    El entorno de MakeCode nos permite visualizar en un simulador lo que estamos programando. El resultado de la programación no será visible en nuestra placa hasta que no descarguemos el programa a la propia placa. Por lo tanto, cualquier cambio que hagamos en la programación lo podemos visualizar en el momento en el simulador, pero no en la placa (hasta que no descarguemos de nuevo el programa)..";Esta actividad consta de la secuencia de tres PASOS diferentes que pueden desarrollarse en cuatro sesiones dependiendo de la experiencia previa del alumnado. PASO1: configuración de la cámara Huskylens.
INNOVARETOS2025;InnovaRetos CLM (Fase I);Secundaria;"1º ESO; 2º ESO; 3º ESO";12-15 años;"Microbit; Huskylens";Encuentra al ladrón. Huskylens;https://view.genially.com/692c39e2a312a250eb9d61ae/interactive-content-reto-encuentra-al-ladron-husky;Educación Secundaria, Microbit & Huskylens, Reto, Gamificación / misterio, Robótica educativa, Programación, Visión artificial, INNOVARETOS;"CATEGORÍA GENIUS
Robótica
RETO1
Encuentra al ladrón - Husky lens
Edad recomendada: A partir de 12 años
GUÍA DIDÁCTICA

Descripción

Desarrollo
Temporalización: 3 sesiones (50 min.)

Objetivos

Materiales
Área / materia: Tecnología y Digitalización Desarrollo Digital

Vídeos

Entregas
Recursos: Micro:bit Huskylens
Encuentra al ladrón- Husky lens
DESCRIPCIÓN

Londres está shock, la Piedra de Rosetta ha sido robada del Museo Británico. Un astuto ladrón ha hackeado el sistema de seguridad que protege la vitrina que la custodiaba. El ladrón ha dejado un mensaje cifrado utilizando unos códigos visuales denominados etiquetas April. Necesitamos que ayudéis a la comisaria Lagatha Christie a encontrar al ladrón, para ello tendréis que programar una lupa inteligente con el propósito de descifrar el mensaje que ha dejado el ladrón en la escena del crimen. Como lupa configuraréis la cámara Huskylens con la función de reconocimiento de etiquetas (tags) utilizando la tarjeta microcontroladora micro:bit para la decodificación del mensaje. Pero cuidado, el ladrón es muy astuto y ha cifrado utilizando el Código Cesar 3 el mensaje obtenido con la lupa por lo que tendremos que volver a programar la tarjeta micro:bit para conocer la respuesta final. Para obtener una explicación más amplia se recomienda descargar la Guía Didáctica completa.

Obra publicada con Licencia Creative Commons CC BY-NC-SA InnovaRetosCLM 2025 – Servicio de Innovación Educativa de JCCM

Volver
Encuentra al ladrón - Husky lens
OBJETIVOS

    Aprender a configurar en el sensor Huskylens de visión artificial con IA para el reconocimiento de etiquetas inteligentes (April tags) y sus comunicaciones con placas programables.
    Aprender a programar la placa microcontroladora micro:bit para el tratamiento de información procedente del sensor de visión artificial Huskylens.
    Aprender a programar la placa microcontroladora micro:bit para resolver algoritmos sencillos.

Obra publicada con Licencia Creative Commons CC BY-NC-SA InnovaRetosCLM 2025 – Servicio de Innovación Educativa de JCCM

Volver
Encuentra al ladrón - Husky lens
DESARROLLO

Esta actividad consta de la secuencia de tres PASOS diferentes que pueden desarrollarse en cuatro sesiones dependiendo de la experiencia previa del alumnado. PASO1: configuración de la cámara Huskylens Cada grupo configurará la cámara Huskylens para el reconocimiento de etiquetas (Tags Recognition) y las comunicaciones con la tarjeta micro:bit. PASO2: programación de la tarjeta micro:bit con la cámara Huskylens En este paso cada grupo programará la tarjeta micro:bit para interpretar la información de reconocimiento de etiquetas (tags) procedente de la cámara Huskylens obteniendo el mensaje cifrado en Código Cesar 3. PASO3: programación de la tarjeta micro:bit para descodificar el mensaje descifrado de las etiquetas. Finalmente cada grupo programará en la tarjeta micro:bit el algoritmo de decodificación cifrado en Código César 3 del mensaje obtenido de las etiquetas.
INDICE

PASO1

PASO2

PASO3

Obra publicada con Licencia Creative Commons CC BY-NC-SA InnovaRetosCLM 2025 – Servicio de Innovación Educativa de JCCM

Volver
PASO1: configuración de la cámara Huskylens

El ladrón ha dejado un mensaje con códigos visuales denominados April tags , tenemos que ayudar a la comisaria Lagatha Christie a resolver el misterio, para ello utilizaremos una lupa de detective (cámara Huskylens). En este apartado cada grupo configurará la cámara Huskylens para el modo de reconocimiento de etiquetas (Tag Recognition) de forma que identificáresmos cada etiqueta April con un ID (Pista 1) siguiendo las indicaciones de la Pista 2.

Pista 1

Modelo 3D de lupa

Pista 2

Obra publicada con Licencia Creative Commons CC BY-NC-SA InnovaRetosCLM 2025 – Servicio de Innovación Educativa de JCCM

Fin Sección
PASO2: programación de la tarjeta micro:bit con la cámara Huskylens

Ahora que hemos entrenado la cámara con la función Tag Recognition tenemos que ayudar a la comisaria Lagatha Christie a averiguar que oculta el mensaje del ladrón para lo cual utilizaremos las siguientes pistas: Pista 3 (correlación entre una etiqueta April y una letra del alfabeto español) y Pista 4 (Programa base de micro:bit con Huskylens). En este paso cada grupo programará la tarjeta micro:bit para interpretar la información de reconocimiento de etiquetas (tags) procedente de la cámara Huskylens.

Pista 4

Mensaje del ladrón

Pista 3

Obra publicada con Licencia Creative Commons CC BY-NC-SA InnovaRetosCLM 2025 – Servicio de Innovación Educativa de JCCM

Fin Sección
PASO3: programación de la tarjeta micro:bit para descodificar el mensaje descifrado de las etiquetas

Si habéis llegado hasta aquí tenéis un mensaje en el alfabeto español pero que no tiene sentido, nuestro astuto ladrón lo ha codificado en código Cesar 3. En este apartado cada grupo programará la micro:bit para poder descubrir el mensaje del ladrón, para ello podrá usar la siguiente Pista 5 como solución base.

Pista 5

Obra publicada con Licencia Creative Commons CC BY-NC-SA InnovaRetosCLM 2025 – Servicio de Innovación Educativa de JCCM

Fin Sección
Encuentra al ladrón - Husky lens
MATERIALES NECESARIOS
DISPOSITIVOS
OTROS
DESCARGAS

Huskylens micro:bit

LedsCableado

Imágenes imprimibles Modelo 3D Lupa Guía didáctica

Obra publicada con Licencia Creative Commons CC BY-NC-SA InnovaRetosCLM 2025 – Servicio de Innovación Educativa de JCCM
Encuentra al ladrón - Husky lens
VÍDEOS Y AUDIOS

    Presentación de InnovaRetosCLM 25-26
    Inicio de reto 1 - El misterio de la piedra Rosetta
    Presentación de sospechosos
    Localización del culpable
    Resolución del caso.

Obra publicada con Licencia Creative Commons CC BY-NC-SA InnovaRetosCLM 2025 – Servicio de Innovación Educativa de JCCM
Encuentra al ladrón - Husky lens
ENTREGAS

En este apartado te indicaremos los pasos a seguir para entregar tu proyecto:

1. Necesitarás las siguientes evidencias:

        Documento pdf con 2 fotografías del grupo realizando la tarea donde aparezca la máquina educable y la tarjeta micro.bit. Mensaje secreto y nombre del ladrón
        Programa de makecode de la micro:bit para el reconocimiento de las etiquetas April.
        Programa de makecode de la micro:bit para descodificar el Código Cesar.

2. Incluye toda la información anterior en un fichero comprimido denominado ""nombrecentro_curso"" y envíaselo a tu profesor. 3. El profesor del grupo seleccionará el reto a enviar de entre los propuestos y lo adjuntará al formulario de entregas para la Categoría Genius en el genially de InnovaRetosCLM Curso 2025-26.

Obra publicada con Licencia Creative Commons CC BY-NC-SA InnovaRetosCLM 2025 – Servicio de Innovación Educativa de JCCM
Reconocimiento de etiquetas

Para entrenar la cámara Huskylens en el aprendizaje de las etiquetas April seguiremos los siguientes pasos.

    En la cámara Huskylens mediante el botón de función elegiremos el modo Tag Recognition y de igual modo que hicimos en el entrenamiento para la funcion Face Recognition tendremos que activar el entrenamiento múltiple (Learn Multiple).
    Para iniciar el aprendizaje, enfocaremos la etiqueta April que queremos identificar y esperaremos a que quede completamente enmarcada sobre la cruz amarilla.
    Pulsaremos el botón de aprendizaje y aparecerá sobre el marco de la etiqueta April reconocida el texto Tag ID1. A partir de este momento, cada vez que se detecte la April Tag aprendida se presentará un marco azul con la etiqueta “Tag:ID1”.
    Por cada etiqueta April aprendida se asignarán las ID2, ID3, ID4, y así sucesivamente. Para finalizar el aprendizaje, pulsaremos el botón de función.

Mensaje del ladrón
Pista 5

Al pulsar el botón A de la micro:bit el programa muestra por la pantalla de leds el valor decodificado (letra B) de la letra en Código Cesar (letra E). Usamos la variable ""letra"" para cargar un valor numérico que identifique cada etiqueta April (en el ejemplo si recibimos un valor de letra igual a 5 entonces muestra por la pantalla de leds la letra B).
Pista1
Pista3
Código César 3

El código César 3 es un cifrado de sustitución en el que cada letra de un mensaje se reemplaza por la letra que se encuentra tres posiciones más adelante en el alfabeto. Por ejemplo, la 'A' se convierte en 'D', la 'B' en 'E', y así sucesivamente, volviendo al principio del abecedario de forma cíclica. Para descifrarlo, se realiza el proceso inverso: se desplazan las letras tres posiciones hacia atrás. Puedes utilizar el siguiente enlace para entender cómo funciona el código Cesar 3 (sin la letra ñ).
Pista2

Este programa muestra por pantalla el valor de la letra asociada a una etiqueta April.";Esta actividad consta de la secuencia de tres PASOS diferentes que pueden desarrollarse en cuatro sesiones dependiendo de la experiencia previa del alumnado. PASO1: configuración de la cámara Huskylens Cada grupo configurará la cámara Huskylens para el reconocimiento de etiquetas (Tags Recognition)…
INNOVARETOS2025;InnovaRetos CLM (Fase I);Secundaria;"4º ESO; Bachillerato; Adultos";15+ años;Actividad desconectada;Cuadros de colores;https://view.genially.com/6925878ccf416ddb4855961b/interactive-content-entrenamiento-1-cuadrados-de-colores;Educación Secundaria/Bachillerato, Actividad desconectada, Entrenamiento, Cultura y patrimonio de CLM, Gamificación / misterio, Pensamiento computacional, STEAM, INNOVARETOS;"CATEGORÍA MÁSTER
Actividad desconectada
ENTRENAMIENTO 1
Cuadrado de colores
Edad recomendada: A partir de 15 años
GUÍA DIDÁCTICA

Descripción

Desarrollo
Temporalización: 1 sesión (55 min.)

Objetivos

Materiales
Área / materia: Todas las materias

Vídeos
Recursos: Plantilla de cuadrados de colores
Cuadrado de colores
DESCRIPCIÓN

La actividad ""Cuadrado de colores"" es una propuesta del Servicio de Innovación Educativa de la Consejería de Educación de Castilla La Mancha que tiene como objetivo familiarizar al alumnado con la codificación, el pensamiento computacional y las actividades desconectadas. La policía londinense tiene una lista de 8 sospechosos/as de haber robado la piedra de Rosetta del Museo Británico de Londres que quiere facilitar a sus colaboradores Miss Miauple y Herclaw Poirot. Tienen miedo a que dicha información pueda ser interceptada por los sospechosos/as y por ello han preparado un documento codificado que van a mandar a los investigadores. Cada cuadrado tiene su lados rellenos con colores e identificará el tipo de animal que es cada sospechoso/a. Este primer paso permitirá a Miss Miauple y Herclaw Poirot conocer un poco más las destrezas de cada uno de ellos/as.

Volver

Avanza

Obra publicada con Licencia Creative Commons CC BY-NC-SA InnovaRetosCLM 2025 – Servicio de Innovación Educativa de JCCM
Cuadrado de colores
DESARROLLO

Esta actividad consta de dos apartados distintos pero relacionados entre sí y que conviene seguir en el orden propuesto: 1.- Instrucciones de codificación: Este documento codificado consta de un cuadrado donde sus 4 lados pueden contener colores Fríos (Verde y Azul) y colores Cálidos (Amarillo y Rojo). La alternancia o no de los colores cálidos y fríos en la secuencia de sus lados implica que el cuadrado tenga los 4 colores distintos. La codificación de cada cuadrado nos va a permitir saber qué tipo de animal es cada uno. 2.- Pistas: Utilizando la tabla con las pistas de cada personaje, podremos identificar cada uno de los cuadrados con su correspondiente personaje.

Volver

Avanza

Obra publicada con Licencia Creative Commons CC BY-NC-SA InnovaRetosCLM 2025 – Servicio de Innovación Educativa de JCCM
Cuadrado de colores
PISTAS
CODIFICACIÓN
La lagartija es de sangre fria y prefiere el cuadrado que tiene mayor número de colores cálidos.
Pista

Volver

Comprobar solución

Avanza

Obra publicada con Licencia Creative Commons CC BY-NC-SA InnovaRetosCLM 2025 – Servicio de Innovación Educativa de JCCM
Cuadrado de colores
OBJETIVOS

    Desarrollar la creatividad mediante la combinación de tecnología y expresión artística.
    Explorar las relaciones entre ciencia, tecnología, ingeniería, arte y matemáticas (STEAM) a través del pensamiento computacional y la codificación de la información.

Volver

Avanza

Obra publicada con Licencia Creative Commons CC BY-NC-SA InnovaRetosCLM 2025 – Servicio de Innovación Educativa de JCCM
Cuadrado de colores
MATERIALES NECESARIOS
PISTAS
DESCARGAS

CUADRADO DE COLORES

Cuadrado colores Pistas imprimibles Guía didáctica

Volver

Avanza

Obra publicada con Licencia Creative Commons CC BY-NC-SA InnovaRetosCLM 2025 – Servicio de Innovación Educativa de JCCM
Cuadrado de colores
VÍDEOS Y AUDIOS

    Presentación de InnovaRetosCLM 25-26
    Inicio de reto 1 - El misterio de la piedra de Rosetta
    Presentación de sospechosos
    Localización del culpable
    Resolución del caso.

Volver

Avanza

Obra publicada con Licencia Creative Commons CC BY-NC-SA InnovaRetosCLM 2025 – Servicio de Innovación Educativa de JCCM
Cuadrado de colores
COMPRUEBA LA SOLUCIÓN

Volver a pistas y codificación

Volver

Obra publicada con Licencia Creative Commons CC BY-NC-SA InnovaRetosCLM 2025 – Servicio de Innovación Educativa de JCCM";Esta actividad consta de dos apartados distintos pero relacionados entre sí y que conviene seguir en el orden propuesto: 1.- Instrucciones de codificación: Este documento codificado consta de un cuadrado donde sus 4 lados pueden contener colores Fríos (Verde y Azul) y colores Cálidos (Amarillo y…
INNOVARETOS2025;InnovaRetos CLM (Fase I);Secundaria;"4º ESO; Bachillerato; Adultos";15+ años;Actividad desconectada;Clasificación taxonómica;https://view.genially.com/692578db49fd5d3176305ecc/interactive-content-entrenamiento-2-clasificacion-taxonomica;Educación Secundaria/Bachillerato, Actividad desconectada, Entrenamiento, Gamificación / misterio, Pensamiento computacional, STEAM, INNOVARETOS;"CATEGORÍA MÁSTER
Actividad desconectada
ENTRENAMIENTO 1
Clasificación taxonómica
Edad recomendada: A partir de 5 años
GUÍA DIDÁCTICA

Descripción

Desarrollo
Temporalización: 3 sesiones (50 min.)

Objetivos

Materiales
Área / materia: Biología, Geologia y Ciencias ambientales

Vídeos
Recursos: LUMIO
Clasificación taxonómica
DESCRIPCIÓN

La actividad ""Clasificación Taxonómica"" es una propuesta del Servicio de Innovación Educativa, que tiene como objetivo familiarizar al alumnado con el pensamiento computacional y las actividades desconectadas. Nuestros detectives, Miss Miauple y Herclaw Poirot continúan tras la pista de los sospechosos del robo de la piedra de Rosetta del Museo de Londres. Lo primero que van a hacer es una clasificación científica o taxonomía biológica que les permita obtener alguna pista sobre las destrezas y capacidades que pueden mostrar cada uno de ellos. Debes coger las palabras del cuadro verde que identifican a la Familia y Género de los sospechosos/as y colocarlas en el sitio correcto y posteriormente del recuadro rojo poner a cada personaje en su línea de clasificación científica o taxonomía biológica.

Obra publicada con Licencia Creative Commons CC BY-NC-SA InnovaRetosCLM 2025 – Servicio de Innovación Educativa de JCCM

Volver

Avanza
Clasificación taxonómica
DESARROLLO

Actividad 1: Esta actividad puede enfocarse de la siguiente manera: Una vez que hemos realizado el entrenamiento 1 y ya conocemos el tipo de animal que es cada uno de nuestros sospechosos, ahora vamos a hacer su clasificación taxonómica para que nuestros detectives conozcan un poquito mejor a los mismos. La clasificación taxonómica consta de: Reino, Filo, Clase, Orden, Familia y Género. Las 4 primeras categorías aparecen rellenas y ahora debemos completar las dos últimas categorías de forma correcta para cada uno de los animales/personajes sospechosos. La actividad está desarrollada para realizarse en Lumio. Para ello utilizaremos las palabras del recuadro verde de la actividad de Lumio, y las colocaremos en los huecos que correspondan de las categorías de Familia y Género. ¿Quieres una pista? Finalmente, colocaremos de forma correcta la imagen de cada uno de los sospechosos que tenemos en el recuadro de color rojo, en la clasificación taxonómica. Actividad 2: Esta segunda actividad también está desarrollada en Lumio y permitirá afianzar los saberes estudiados en la anterior. Consiste en unir las huellas con la de su correspondiente animal utilizando unas pistas.

Avanza a la actividad 1

Avanza a la Actividad 2

Volver

Obra publicada con Licencia Creative Commons CC BY-NC-SA InnovaRetosCLM 2025 – Servicio de Innovación Educativa de JCCM
Clasificación taxonómica

Comprueba la solución

Realizar actividad 1 en LUMIO
Pista
Pista

Avanza

Volver

Obra publicada con Licencia Creative Commons CC BY-NC-SA InnovaRetosCLM 2025 – Servicio de Innovación Educativa de JCCM
Clasificación taxonómica

PISTAS - La huella de la lechuza tiene 3 dedos con sus correspondientes uñas.- La huella de la lagartija tiene 4 dedos con sus correspondientes uñas y salen desde un punto común de la base. - La huella del perro y del zorro son muy similares. La del zorro se diferencia porque tiene las almohadillas mas separadas y las uñas más afiladas. -La huella de la foca y del ratón tiene ambos 5 dedos, pero los de la foca son mas gruesos y cortos y los del ratón están formados por varios huesos muy delgados. -La huella de la capibara tiene unas membranas interdigitales que unen sus dedos para permitirle nadar cuando es necesario. -La huella del conejo es peculiar porque apoya parte de la pata trasera formando una huella alargada con 4 pequeñas uñas.
Debes realizar parejas y unir la huella con su corespondiente animal.

Realizar actividad 2 en LUMIO

Volver

Avanza

Obra publicada con Licencia Creative Commons CC BY-NC-SA InnovaRetosCLM 2025 – Servicio de Innovación Educativa de JCCM
Clasificación taxonómica

Volver

Obra publicada con Licencia Creative Commons CC BY-NC-SA InnovaRetosCLM 2025 – Servicio de Innovación Educativa de JCCM

Avanza
Clasificación taxonómica
OBJETIVOS

    Desarrollar la creatividad e interactividad utilizando aplicaciones como LUMIO.
    Explorar las relaciones entre ciencia, tecnología, ingeniería, arte y matemáticas (STEAM) a través de la clasificación taxonómica de distintos animales.

Volver

Obra publicada con Licencia Creative Commons CC BY-NC-SA InnovaRetosCLM 2025 – Servicio de Innovación Educativa de JCCM

Avanza
Clasificación taxonómica
MATERIALES NECESARIOS
DISPOSITIVOS
OTROS
DESCARGAS

Actividad 1 LumioActividad 2 LumioGuía didáctica

Aprende más sobre la clasificación taxonómica

Volver

Obra publicada con Licencia Creative Commons CC BY-NC-SA InnovaRetosCLM 2025 – Servicio de Innovación Educativa de JCCM

Avanza
Clasificación taxonómica
VÍDEOS Y AUDIOS

    Presentación de InnovaRetosCLM 25-26
    Inicio de reto 1 - El misterio de la piedra Rosetta
    Presentación de sospechosos
    Localización del culpable
    Resolución del caso.

Volver

Obra publicada con Licencia Creative Commons CC BY-NC-SA InnovaRetosCLM 2025 – Servicio de Innovación Educativa de JCCM";Actividad 1: Esta actividad puede enfocarse de la siguiente manera: Una vez que hemos realizado el entrenamiento 1 y ya conocemos el tipo de animal que es cada uno de nuestros sospechosos, ahora vamos a hacer su clasificación taxonómica para que nuestros detectives conozcan un poquito mejor a los…
INNOVARETOS2025;InnovaRetos CLM (Fase I);Secundaria;"4º ESO; Bachillerato; Adultos";15+ años;Actividad desconectada;Tarjetas codificadas de hotel;https://view.genially.com/69299dd0c733015781122a5b/interactive-content-reto-desconectada-tarjetas-codificadas-de-hotel;Educación Secundaria/Bachillerato, Actividad desconectada, Reto, Gamificación / misterio, Pensamiento computacional, STEAM, INNOVARETOS;"RETO
Actividad desconectada
CATEGORÍA MÁSTER
Tarjetas codificadas de hotel
Edad recomendada: A partir de 15 años
GUÍA DIDÁCTICA

Descripción

Desarrollo
Temporalización: 2 sesiones (55 min.)

Objetivos

Materiales
Área / materia: Todas las materias

Entregas

Vídeos
Recursos: Instrucciones Tarjetas de habitación
Tarjetas codificadas de hotel
DESCRIPCIÓN

La actividad ""Tarjetas codificadas de hotel"" es una propuesta del Servicio de Innovación Educativa que tiene como objetivo profundizar al alumnado en el pensamiento computacional. El alumnado, tras haber realizado ya los dos entrenamientos previos relacionados con el pensamiento computacional, ahora pueden realizar el reto propuesto. Todos los sospechosos se alojan en el conocido hotel de la ciudad londinense “THE INTERANIMAL HOTEL” y cada uno de ellos en habitaciones diferentes e individuales. Sus tarjetas de acceso a la habitación están codificadas mediante una matriz de circulos blancos y negros de 7 x 7. La tarjeta debe ser simétrica tanto longitudinalmente como transversalmente. La que no cumpla las normas de codificación impedirá la entrada a la habitación. Nuestros detectives Herclaw Poirot y Miss Miauple tras numerosas pesquisas, han conseguido información de quién es el principal sospechoso/a del robo de la piedra de Rosetta. Se han puesto en contacto con la recepción del hotel para manipular la tarjeta de acceso del sospechoso/a en un único agujero y así impedir el acceso a la habitación, momento en el que será detenido/a. ¿Quién será? ¿Nos ayudáis a detener al sospechoso/a?

Volver

Avanza

Obra publicada con Licencia Creative Commons CC BY-NC-SA InnovaRetosCLM 2025 – Servicio de Innovación Educativa de JCCM
Tarjetas codificadas de hotel
DESARROLLO

Una vez que conocemos las caracterísiticas que deben cumplir las tarjetas de acceso a la habitación, nuestros detectives, que son muy cuidadosos, han inventado un sistema de recodificación extra de las tarjetas que consiste en lo siguiente:

    El número de la habitación consta de 3 dígitos:
    El dígito central se identifica con el número de la fila correspondiente a la tarjeta.
    El primer y último dígito, se identifica con sus correspondientes columnas. 

De la primera codificación que tenía la tarjeta de la recepción, ahora tenemos que ayudarles a recodificarlas siguiendo las siguientes instrucciones: 1.- En primer lugar cambiaremos los círculos negros por blancos y los blancos por negros de la fila correspondiente al dígito central del número de habitación. 2.- En segundo lugar, cambiaremos los círculos negros por blancos y los blancos por negros de las columnas correspondientes a los dígitos primero y último de la habitación. La tarjeta ahora obtenida, debe cumplir la condición inicial de ser simétrica tanto longitudinalmente como transversalmente. Tan sólo una tarjeta no cumple la condición y además es un único circulo el que no la cumple. El poseedor/a de dicha tarjeta será el sospechoso/a del robo de la piedra de Rosetta y será detenido/a. La contraseña para comprobar si la solución es correcta será: Nº habitación-nºfila-nº columna. Nº de fila y nº de columna van referidos al único círculo que rompe la simetría de la tarjeta de acceso a la habitación. Aquí tenemos un ejemplo: Ejemplo: 247-F4-C7. (En este caso el sospechoso es de la habitación 247 y 4ª fila y 7ª columna tienen el agujero que rompe la simetría. )

Avanza

Volver

Obra publicada con Licencia Creative Commons CC BY-NC-SA InnovaRetosCLM 2025 – Servicio de Innovación Educativa de JCCM
Tarjetas codificadas de hotel

Avanza

Volver

Obra publicada con Licencia Creative Commons CC BY-NC-SA InnovaRetosCLM 2025 – Servicio de Innovación Educativa de JCCM
Tarjetas codificadas de hotel
Ejemplo para comprender el formato de la solución:
En este caso ficticio, podemos ver que el circulo que rompe con la condición de simetría vertical y horizontal es el está señalado con el cuadrado rojo. La solución que habría que indicar sería la siguiente: nº habitación-fila-columna 247-F4-C7 F4 y C7 van referidos a la fila y columna del círculo que rompe la simetría. No hay que dejar espacios en blanco entre los números y/o letras.
Comprueba la solución pulsando en Avanza

Volver

Avanza

Obra publicada con Licencia Creative Commons CC BY-NC-SA InnovaRetosCLM 2025 – Servicio de Innovación Educativa de JCCM
Tarjetas codificadas de hotel
Por último, Si has acertado con la solución , indícaselo a tu profesor/a para que sea él o ella quién complete el formulario de respuesta enviando la solución para que procedamos a generar tu insignia. Recuerda que este reto es Desconectadas y serie Máster.

Avanza

Volver

Obra publicada con Licencia Creative Commons CC BY-NC-SA InnovaRetosCLM 2025 – Servicio de Innovación Educativa de JCCM
Tarjetas codificadas de hotel
OBJETIVOS

    Desarrollar la creatividad mediante la combinación de tecnología y expresión artística.
    Explorar las relaciones entre ciencia, tecnología, ingeniería, arte y matemáticas (STEAM) 

Avanza

Volver

Obra publicada con Licencia Creative Commons CC BY-NC-SA InnovaRetosCLM 2025 – Servicio de Innovación Educativa de JCCM
Tarjetas codificadas de hotel
MATERIALES NECESARIOS
DISPOSITIVOS
OTROS
DESCARGAS

Tarjetas de habitaciónpara imprimir

Instrucciones Guía didáctica
No son necesarios

Volver

Avanza

Obra publicada con Licencia Creative Commons CC BY-NC-SA InnovaRetosCLM 2025 – Servicio de Innovación Educativa de JCCM
Tarjetas codificadas de hotel
VÍDEOS Y AUDIOS

    Presentación de InnovaRetosCLM 25-26
    Inicio de reto 1 - El misterio de la piedra de Rosetta
    Presentación de sospechosos
    Localización del culpable
    Resolución del caso.

Volver

Avanza

Obra publicada con Licencia Creative Commons CC BY-NC-SA InnovaRetosCLM 2025 – Servicio de Innovación Educativa de JCCM
Tarjetas codificadas de hotel

En este apartado te indicaremos los pasos a seguir para entregar tu reto: Una vez que hayas conseguido averiguar qué tarjeta codificada es la que no cumple la condición de simetría, debes indicar a tu profesor o profesora la solución para que él o ella envíe la solución a través del formulario de envio. NOMBRE DEL SOSPECHOSO/A-Nº HABITACIÓN-nºfila-nº columna EJEMPLO FICTICIO Lina Foxy-132-F4-C2 Recuerda que nº de fila y nº de columna van referidas al único círculo que rompe la simetría de la tarjeta de acceso a la habitación.

Volver

Obra publicada con Licencia Creative Commons CC BY-NC-SA InnovaRetosCLM 2025 – Servicio de Innovación Educativa de JCCM";Una vez que conocemos las caracterísiticas que deben cumplir las tarjetas de acceso a la habitación, nuestros detectives, que son muy cuidadosos, han inventado un sistema de recodificación extra de las tarjetas que consiste en lo siguiente: El número de la habitación consta de 3 dígitos: El dígito…
INNOVARETOS2025;InnovaRetos CLM (Fase I);Secundaria;"4º ESO; Bachillerato; Adultos";15+ años;mBot2;Cuélate en el British Museum;https://view.genially.com/6926bae74baf136835308e7a/interactive-content-cuelate-en-el-british-museum;Educación Secundaria/Bachillerato, mBot2, Entrenamiento, Fomento de la lectura, Gamificación / misterio, Robótica educativa, Programación, STEAM, INNOVARETOS;"CATEGORÍA MÁSTER
Robótica Educativa
ENTRENAMIENTO 1
Cuélate en el British Museum
Edad recomendada: A partir de 15 años
GUÍA DIDÁCTICA

Descripción

Desarrollo
Temporalización: 4 sesiones (50 min.)

Objetivos

Materiales
Materia: Proyectos de RobóticaDesarrollo Digital Tecnología e Ingeniería

Vídeos
Recursos: mBot2
Cuélate en el British Museum
DESCRIPCIÓN

Se ha producido un robo en Londres y se respira un ambiente de inquietud e incertidumbre. Nuestros detectives HerClaw Poirot y MissMiauple salen a las calles de Londres guiados por el robot mBot2 para recabar información. Se encontrarán por el camino a Elmor Disco y les proporcionará unos valiosos soplos de información para llegar al lugar del robo. Al llegar a Elmor Disco el robot se parará y mostrará en la pantalla de la CyberPi un símbolo de ratón a modo de saludo. A continuación, Elmor le indicará el camino a seguir. Al legar a la entrada del British Museum Tomasa Buesa les obstaculizará el paso y les pedirá una contraseña para acceder al museo. La contraseña se ""escribirá"" con el joystick de la CyberPi. Si es incorrecta, tendremos más intentos. Si es correcta, nos indicarán que podemos pasar. El setup del entrenamiento es un tapete (de impresión opcional) con las calles de Londres en época victoriana y el British Museum.

Vídeo

Obra publicada con Licencia Creative Commons CC BY-NC-SA InnovaRetosCLM 2025 – Servicio de Innovación Educativa de JCCM

Volver
Cuélate en el British Museum
DESARROLLO

La actividad se puede plantear para hacerla en grupos de tres alumnos, asignando a cada uno de ellos las siguientes tareas: 1. Construcción de personajes y montaje tapete (opcional): El tapete se construye uniendo las piezas con celofán. Para los obstáculos encontrarás detalles de su construcción en el documento. 2. Programación del dispositivo: Sigue los pasos marcados en el índice para ir programando el robot. Es recomendable que os turnéis en vuestro equipo para que todos hagáis una parte de la programación. 3. Prueba y depuración del programa: Se recomienda que probéis el funcionamiento de cada apartado, una vez programado, para depurar errores.
INDICE

1. Interfaz

2. Conexión

4. Display+

3. Inicio y Variables

Tarjeta Acceso Museo

Obstáculos

Tapete

6. Sensor de color

5. Avance y obstáculos

8. Contraseña: lectura

7. Contraseña: escritura

Obra publicada con Licencia Creative Commons CC BY-NC-SA InnovaRetosCLM 2025 – Servicio de Innovación Educativa de JCCM

Volver
Interfaz mBlock
Utilizaremos como entorno de programación la interfaz de mBlock. Puedes acceder a su versión web: O bien tenerlo instalado en tu equipo accediendo a la página de descarga:
En la imagen puedes explorar las diferentes zonas de mBlock.

(si has trabajado con Scratch previamente, verás que es muy similar).

Obra publicada con Licencia Creative Commons CC BY-NC-SA InnovaRetosCLM 2025 – Servicio de Innovación Educativa de JCCM

Avanza
Interfaz mBlock: añadiendo dispositivo

Por defecto veremos incorporado como dispositivo la CyberPi. Para utilizar los elementos del chasis del robot, es necesario añadir mBot2 como dispositivo. Seleccionamos mBot2 y pulsamos ""Aceptar"".

Una vez añadido, aparecerán los bloques de chasis y de sensores para utilizar todas las funcionalidades del robot.

Obra publicada con Licencia Creative Commons CC BY-NC-SA InnovaRetosCLM 2025 – Servicio de Innovación Educativa de JCCM

Fin Sección

Volver
Conexión

Una vez realices el programa y quieras probarlo en tu dispositivo, tienes dos opciones:1. Cargar: necesitarás cargar tu programa al dispositivo, a través de conexión USB o Bluetooth. Una vez cargado puede funcionar sin necesidad de estar conectado al ordenador. Si realizamos la conexión por USB nos pedirá que seleccionemos el puerto donde tengamos conectado el robot. 2. En vivo: podrás ver cómo funciona el programa en tu dispositivo, lo cual facilita su depuración. En este modo necesitas tener conectado tu dispositivo al ordenador (por cable o por Bluetooth). Si utilizamos la interfaz online, podemos utilizar la conexión por Bluetooth sin necesidad de otro complemento. Nos solicitará emparejar el dispositivo.

Obra publicada con Licencia Creative Commons CC BY-NC-SA InnovaRetosCLM 2025 – Servicio de Innovación Educativa de JCCM

Fin Sección
Mensaje inicial y variables
MENSAJE INICIAL CYBERPI Comenzamos programando la CyberPi de tal manera que nos muestre por pantalla un mensaje de inicio. Basta con que utilices los bloques correspondientes que encontrarás en la sección “Eventos” y en la sección “Pantalla” y escribas el texto que te mostramos en el pantallazo.

CREANDO VARIABLES Para el fin que perseguimos en nuestro programa, vamos a necesitar el uso de variables. A medida que avancemos en la actividad, comprenderás mejor la función que tiene cada una de ellas. Creamos tres variables de nombre: flecha, inicio y personaje respectivamente. También una lista de nombre contraseña.

Obra publicada con Licencia Creative Commons CC BY-NC-SA InnovaRetosCLM 2025 – Servicio de Innovación Educativa de JCCM

Fin Sección
Extensión Display +
Añadimos la extensión Display+ que nos permitirá mostrar en la pantalla de la CyberPi elementos gráficos. Pulsamos el icono de “extensión” y escribimos en el buscador “display”. Pulsando “+ Añadir” aparecerán nuevos bloques de programación en nuestra interfaz: Objetos y Garabatos.

DIBUJANDO OBJETOS Tomamos el siguiente bloque y, pulsando en el dibujo, se nos abrirá una pantalla para dibujar. Os proponemos realizar dos dibujos que utilizaremos en nuestro entrenamiento (puedes ampliar las imágenes).

Obra publicada con Licencia Creative Commons CC BY-NC-SA InnovaRetosCLM 2025 – Servicio de Innovación Educativa de JCCM

Avanza
Extensión Display +
INICIANDO OBJETOS Tenemos que asociar una variable a cada uno de los objetos que hemos creado. También aumentamos su tamaño para que, más adelante, podamos visualizarlo en la pantalla de la CyberPi.

INICIAMOS VARIABLE Y LISTA En toda programación, siempre es un buen punto de partida inicializar todas las variables con las que vayamos a trabajar. En nuestro caso ""inicio"" y ""contraseña"".

(pulsa en la imagen para ampliar)

Volver

Obra publicada con Licencia Creative Commons CC BY-NC-SA InnovaRetosCLM 2025 – Servicio de Innovación Educativa de JCCM

Fin Sección
Avance y obstáculos: Setup
Os proponemos el siguiente recorrido a realizar por nuestro intrépido detective. Recordamos que la impresión del tapete es opcional, aunque es recomendable para tener una experiencia completa en la actividad. Si no ponemos el tapete, basta con hacer un itinerario similar, poniendo obstáculos de tal manera que el recorrido sea parecido. Es importante que el obstáculo tenga la suficiente altura para que lo detecte el sensor del mBot2, y que al final del recorrido se disponga una tarjeta roja antes del obstáculo para que el robot se pare totalmente y tenga la posibilidad de introducir la contraseña.

Obra publicada con Licencia Creative Commons CC BY-NC-SA InnovaRetosCLM 2025 – Servicio de Innovación Educativa de JCCM

Avanza
Avance y obstáculos
Programamos de tal manera que: Al pulsar el botón A cambiamos el valor de la variable ""inicio"". Si NO detectamos un obstáculo, se mostrará en pantalla de la CyberPi el texto ""CUÉNTAME..."" y avanzará a velocidad moderada (20rpm) Si detecta un obstáculo, se parará.

Obra publicada con Licencia Creative Commons CC BY-NC-SA InnovaRetosCLM 2025 – Servicio de Innovación Educativa de JCCM

Volver

Avanza
Avance y obstáculos
Vamos a añadir más bloques para cumplir con los siguientes objetivos: Dibujamos en pantalla al parar: Cuando se para mBot2 (HerClaw Poirot) se dibujará en pantalla el rostro del policía. Por ello es necesario que el objeto ""personaje"" se muestre, ""flecha"" esté oculto y que forcemos que se dibuje en pantalla. Los tiempos son necesarios para que funcione correctamente la extensión Display+. Gira para evitar el obstáculo: Por último haremos que mBot2 gire a la izquierda para que siga su camino por las calles de Londres.
Pasa a la siguiente pantalla para ver dónde incorporamos este bloque.

Obra publicada con Licencia Creative Commons CC BY-NC-SA InnovaRetosCLM 2025 – Servicio de Innovación Educativa de JCCM

Volver

Avanza
Avance y obstáculos
Incorporamos el bloque explicado anteriormente a la programación del robot cuando pulsamos el botón A. Llegados a este punto mBot2 podrá recorrer todas las calles de Londres (tapete opcional) parándose al encontrar un obstáculo (Elmor Disco), dibujándose el icono correspondiente en la pantalla de la CyberPi e indicándole que gire a la izquierda para continuar su camino.
Recomendamos que cargues tu programa y que compruebes que todo funciona correctamente antes de continuar con el siguiente apartado.

(pulsa en la imagen para ampliar)

Obra publicada con Licencia Creative Commons CC BY-NC-SA InnovaRetosCLM 2025 – Servicio de Innovación Educativa de JCCM

Fin Sección

Volver
Sensor de colores
Añadimos al bloque de ""al pulsar el botón A"" el sensor de color para añadir funcionalidad: Detección del color rojo: añadimos una nueva condición a mBot2 al detectar un obstáculo y pararse (de esta manera tendrá tiempo de detectar mejor el color). Si no detecta un color rojo dibujará en pantalla y seguirá buscando el punto de destino. En la siguiente diapositiva vemos los bloques de programación a incorporar en el apartado ""si no..."" (indicado con la flecha azul).

(pulsa en la imagen para ampliar)

Obra publicada con Licencia Creative Commons CC BY-NC-SA InnovaRetosCLM 2025 – Servicio de Innovación Educativa de JCCM

Avanza
Sensor de colores
Si llegamos al apartado ""si no"" significa que hemos detectado un color rojo. En ese caso, significa que hemos llegado a la puerta del British Museum. El policía nos pedirá una contraseña para poder acceder al mismo. La contraseña a poner aparecerá en la pantalla de la CyberPi.

(pulsa en la imagen para ampliar)

Obra publicada con Licencia Creative Commons CC BY-NC-SA InnovaRetosCLM 2025 – Servicio de Innovación Educativa de JCCM

Volver

Avanza
Sensor de colores
Llegados a este punto, hemos completado la programación del evento ""Al pulsar el botón A"". El robot debe hacer todo el circuito, girando a la izquierda y dibujando a un ratón cada vez que detecte un obstáculo (Elmor disco). En el momento en el que detecte un obstáculo (Tomasa Buesa) y un color rojo, se parará para pedirnos la contraseña.
Recomendamos que cargues tu programa y que compruebes que todo funciona correctamente antes de continuar con el siguiente apartado.

(pulsa en la imagen para ampliar)

Obra publicada con Licencia Creative Commons CC BY-NC-SA InnovaRetosCLM 2025 – Servicio de Innovación Educativa de JCCM

Fin Sección

Volver
Contraseña: dibujando en pantalla.
Procedemos a poner la contraseña que nos piden utilizando el jostick de la CyberPi. Evento ""cuando el mando de juego pulsado"": lanzamos el dibujo en pantalla cuando pulsemos una determinado dirección del jostick. En el ejemplo de la imagen es cuando pulsamos ""arriba"". Dibujamos el objeto flecha: tenemos un objeto flecha que orientamos según la dirección que nos interesa (si es arriba, 0º). Mostramos el objeto flecha, ocultamos el del personaje y forzamos su redibujado.

(pulsa en la imagen para ampliar)

Obra publicada con Licencia Creative Commons CC BY-NC-SA InnovaRetosCLM 2025 – Servicio de Innovación Educativa de JCCM

Avanza
Contraseña: animando el objeto.
Animamos el objeto en pantalla:

    situamos el objeto en una posición de la CyberPi.
    redibujamos.
    esperamos un breve momento.
    movemos el objeto a otra posición (en este caso, nos interesa cambiar la coordenada y).
    redibujamos.

Añadimos elementos a la lista: recordemos que tenemos una lista llamada ""contraseña"". El objetivo es añadir elementos a la lista tal y como vemos en la imagen.
Carga el programa y comprueba que el objeto flecha se anima al pulsar arriba.

(pulsa en la imagen para ampliar)

Obra publicada con Licencia Creative Commons CC BY-NC-SA InnovaRetosCLM 2025 – Servicio de Innovación Educativa de JCCM

Avanza

Volver
Contraseña: todas las direcciones.
Repetimos el proceso con el resto de direcciones modificando las coordenadas y el elemento de la lista a guardar.
Carga el programa y comprueba que todas las direcciones funcionan correctamente.

(pulsa en las imágenes para ampliar)

Fin Sección

Volver

Obra publicada con Licencia Creative Commons CC BY-NC-SA InnovaRetosCLM 2025 – Servicio de Innovación Educativa de JCCM
Contraseña: lectura.
Tenemos que comprobar la contraseña introducida pulsando el botón B. Pero primero debemos asegurarnos de que nuestro detective ha hecho un recorrido previo, es decir, que hemos pulsado antes, en algún momento, el botón A. Recordad que en ese momento establecíamos el valor de la variable inicio = 1. Por ello, si al pulsar el botón B no se cumple esta condición, nos pedirá que pulsemos el botón A para circular por las calles de Londres.

(pulsa en la imagen para ampliar)

Obra publicada con Licencia Creative Commons CC BY-NC-SA InnovaRetosCLM 2025 – Servicio de Innovación Educativa de JCCM

Avanza
Contraseña: lectura 1.
Comprobamos el primer elemento de la lista. Si es = up suena una nota dando confirmación. Si no se cumple la condición:

    toca mmmm.
    se enciende la barra de leds en rojo.
    se muestra en pantalla ¡INCORRECTO! y se reinicia la lista ""contraseña"".
    Se muestra de nuevo en pantalla la contraseña a introducir para tener un nuevo intento.

(pulsa en la imagen para ampliar)

Obra publicada con Licencia Creative Commons CC BY-NC-SA InnovaRetosCLM 2025 – Servicio de Innovación Educativa de JCCM

Avanza

Volver
Contraseña: estructura.
Al introducir la comprobación del primer elemento en el bloque completo de programación, hemos de pensar que hay que repetir el mismo proceso con los elementos 2 y 3. La estructura que programamos cuando tenemos un fallo se va a repetir (resaltado en rojo en la imagen) y, como podemos comprobar en la imagen, la programación podría ser demasiado extensa. Vamos a ver cómo reducirlo con el uso de funciones o Mis bloques en la siguiente diapositiva.

(pulsa en la imagen para ampliar)

Obra publicada con Licencia Creative Commons CC BY-NC-SA InnovaRetosCLM 2025 – Servicio de Innovación Educativa de JCCM

Volver

Avanza
Contraseña: Mis bloques.
Definimos un bloque llamado INCORRECTO.
Pulsamos en ""Crear un Bloque"", lo etiquetamos con el nombre ""INCORRECTO"" y, una vez creado, aparecerá un bloque definir. Pondremos toda la estructura que hemos visto que se repite.

(pulsa en la imagen para ampliar)

Obra publicada con Licencia Creative Commons CC BY-NC-SA InnovaRetosCLM 2025 – Servicio de Innovación Educativa de JCCM

Volver

Avanza
Contraseña: lectura 1 y 2.
Aplicamos el bloque ""INCORRECTO"" a nuestra programación, comprobando cómo se simplifica.
Después de comprobar que se ha leído correctamente el elemento 1 de la lista contraseña, pasamos al elemento 2.

(pulsa en la imagen para ampliar)

Obra publicada con Licencia Creative Commons CC BY-NC-SA InnovaRetosCLM 2025 – Servicio de Innovación Educativa de JCCM

Avanza

Volver
Contraseña: lectura 3.
Si la lectura del elemento 1 y 2 son correctas, pasamos a comprobar el elemento 3. Si es igual a ""down"" habremos introducido al contraseña correcta y obtendremos el pase al British Museum.
Programación completa:
Carga el programa y comprueba que todo funciona correctamente.

(pulsa en la imagen para ampliar)

Obra publicada con Licencia Creative Commons CC BY-NC-SA InnovaRetosCLM 2025 – Servicio de Innovación Educativa de JCCM

Avanza

Volver
¡ENTRENAMIENTO COMPLETO!
Si has llegado a este punto y tu robot es capaz de cumplir todos los objetivos, ¡Enhorabuena!, has conseguido que HerClaw Poirot y Miss Miauple entren al British Museum. Ahora es momento de pasar al Reto y ayudar a descifrar las pistas que nos llevarán a encontrar la forma en la que ha escapado el ladrón de la piedra Rosetta.

Fin Sección
Cuélate en el British Museum
OBJETIVOS

    Utilizar la programación por bloques con el entorno mBlock.
    Programar la CyberPi y el robot educativo mBot2.
    Uso de la extensión Display+ para presentar dibujos en pantalla de la CyberPi.
    Integrar el uso de sensores y actuadores en la programación y la puesta en práctica.
    Uso de listas para la escritura y lectura de contraseñas.

Obra publicada con Licencia Creative Commons CC BY-NC-SA InnovaRetosCLM 2025 – Servicio de Innovación Educativa de JCCM

Volver
Cuélate en el British Museum
MATERIALES NECESARIOS
DISPOSITIVOS
OTROS
DESCARGAS

mBot2

El tapete y los obstáculos son opcionales pero recomendables para mejorar la experiencia del entrenamiento.

Piezas Tapete

Obstáculos y materiales

Tarjeta acceso restringido

Obra publicada con Licencia Creative Commons CC BY-NC-SA InnovaRetosCLM 2025 – Servicio de Innovación Educativa de JCCM

Volver
Cuélate en el British Museum
VÍDEOS

    Presentación de InnovaRetosCLM 25-26

    Inicio de reto 1 - El misterio de la piedra Rosetta

    Fin de reto 1 - Captura del culpable

Obra publicada con Licencia Creative Commons CC BY-NC-SA InnovaRetosCLM 2025 – Servicio de Innovación Educativa de JCCM

Volver

La interfaz de dibujo es muy sencilla, permitiéndonos cambiar el color, borrar pixeles, etc.Podremos combinar diferentes colores para mostrar un dibujo más llamativo en pantalla.";La actividad se puede plantear para hacerla en grupos de tres alumnos, asignando a cada uno de ellos las siguientes tareas: 1. Construcción de personajes y montaje tapete (opcional): El tapete se construye uniendo las piezas con celofán.
INNOVARETOS2025;InnovaRetos CLM (Fase I);Secundaria;"4º ESO; Bachillerato; Adultos";15+ años;mBot2;Pistas a la luz de las lámparas de gas;https://view.genially.com/693db7c19c75d63d361e1925/interactive-content-pistas-a-la-luz-de-las-lamparas-de-gas;Educación Secundaria/Bachillerato, mBot2, Reto, Fomento de la lectura, Gamificación / misterio, Robótica educativa, Programación, STEAM, INNOVARETOS;"CATEGORÍA MÁSTER
Robótica Educativa
RETO
Pistas a la luz de las lámparas de gas.
Edad recomendada: A partir de 15 años
GUÍA DIDÁCTICA

Descripción

Desarrollo
Temporalización: 4 sesiones (50 min.)

Objetivos

Materiales
Materia: Proyectos de RobóticaDesarrollo Digital Tecnología e Ingeniería

Vídeos
Recursos: mBot2
Pistas a la luz de la lámpara de gas.
DESCRIPCIÓN

Nuestro detective HerClaw Poirot (mBot2) ha conseguido entrar en el British Museum. La vitrina de la piedra de Rosetta se encuentra en el suelo echa añicos. Un dispositivo policial observa a la luz de lámparas de gas cualquier pista que les pueda llevar al paradero del ladrón. HerClaw Poirot recorrerá con sumo cuidado la sala parándose en cada lámpara de gas dispuesta en el suelo para sacar su lupa y observar cualquier pista que no haya clasificado la investigación policial y aquella que hayan etiquetado con un color. Al acercarnos al comisario, se nos pedirá el santo y seña, el cual ""diremos"" utilizando el jostick de la CyberPi.

Obra publicada con Licencia Creative Commons CC BY-NC-SA InnovaRetosCLM 2025 – Servicio de Innovación Educativa de JCCM

Volver
Pistas a la luz de la lámpara de gas.
DESARROLLO

Para llevar a cabo este reto, es muy recomendable haber realizado el entrenamiento previamente. Las pistas que se plantean son para modificar el programa final al que hemos llegado en el entrenamiento. De nuevo podemos plantear la realización del reto en grupos de tres alumno/as donde repartiremos las siguientes tareas: 1. Construcción de personajes y montaje tapete (opcional): Puedes encontrar el tapete y los obstáculos en la zona de ""Materiales"". El tapete se construyendo uniendo las piezas con celofán. Para los obstáculos encontrarás detalles de su construcción. 2. Programación del dispositivo: Modifica el programa del entrenamiento para conseguir el reto. Es recomendable que os turnéis en vuestro equipo para que todos hagáis una parte de la programación. 3. Prueba y depuración del programa: Probad el funcionamiento del programa por cada modificación que hagáis y así poder depurar errores.
PISTAS

1. Mensajes

2. Dibujos

3. Obstáculosy sensor color

4. Contraseña: lectura y escritura

Obra publicada con Licencia Creative Commons CC BY-NC-SA InnovaRetosCLM 2025 – Servicio de Innovación Educativa de JCCM

Volver
Mensaje inicial y en movimiento.
MENSAJE INICIAL Y EN MOVIMIENTO DEL ROBOT Los mensajes que se nos presentarán en pantalla de la CyberPi deben ser los siguientes: 1. Al iniciar la CyberPi: 2. Mientras el robot está circulando:
Recuerda que debes utilizar los bloques que se encuentran en las secciones:

Sube el código al robot y comprueba que salen en pantalla los mensajes de texto.

Obra publicada con Licencia Creative Commons CC BY-NC-SA InnovaRetosCLM 2025 – Servicio de Innovación Educativa de JCCM

Fin Sección
Dibujos en pantalla.

Recuerda utilizar los siguientes bloques:
Utilizando la extensión Display+ dibujaremos en pantalla los siguientes dibujos: 1. Al pararse en los obstáculos que no tienen marca de color en el suelo: (personaje 1) 2. Al pararse en el obstáculo con marca amarilla en el suelo: (personaje 2) 3. Al utilizar el jostick para introducir la contraseña: (flecha)

(puedes ampliar las imágenes al pulsar sobre ellas).

Obra publicada con Licencia Creative Commons CC BY-NC-SA InnovaRetosCLM 2025 – Servicio de Innovación Educativa de JCCM

Avanza
Dibujos en pantalla: variables.
VARIABLES: Tenemos un personaje más con respecto al entrenamiento para dibujar en pantalla. Sugerimos que utilices las siguientes variables: flecha / personaje1 / personaje2

INICIALIZAR Recuerda que la nueva variable que introduces tiene que ser inicializada.

Obra publicada con Licencia Creative Commons CC BY-NC-SA InnovaRetosCLM 2025 – Servicio de Innovación Educativa de JCCM

Volver

Avanza
Dibujos en pantalla: mostrar/ocultar
MOSTRAR/OCULTAR: Un aspecto importante para el correcto funcionamiento es que tengamos en cuenta que tenemos un personaje más y habrá que mostrarlo y/o ocultarlo tantas veces como instrucciones de dibujo tengamos a lo largo de todo el código de programación.

Sube el código al robot y comprueba que se dibuja la zanahoria al encontrarse un obstáculo y que se dibujan las flechas al mover el jostick

Para dibujar el personaje 2. (pasaporte)

Para dibujar el personaje 1. (zanahoria)

Para dibujar la flecha.

Volver

Obra publicada con Licencia Creative Commons CC BY-NC-SA InnovaRetosCLM 2025 – Servicio de Innovación Educativa de JCCM

Fin Sección
Avance y obstáculos: Setup
Os proponemos el siguiente recorrido a realizar por nuestro intrépido detective. Recordamos que la impresión del tapete es opcional, aunque es recomendable para tener una experiencia completa en la actividad. Si no ponemos el tapete, basta con hacer un itinerario similar, poniendo obstáculos de tal manera que el recorrido sea parecido. Es importante que el obstáculo tenga la suficiente altura para que lo detecte el sensor del mBot2 y que se disponga de la tarjeta amarilla en la tercera lámpara de gas, para nuestro detective encuentre el pasaporte perdido, y al final del recorrido una tarjeta roja antes del obstáculo para que el robot se pare totalmente y tenga la posibilidad de introducir la contraseña.

Obra publicada con Licencia Creative Commons CC BY-NC-SA InnovaRetosCLM 2025 – Servicio de Innovación Educativa de JCCM

Avanza
Obstáculos y sensor de color.
Te podría resultar útil el uso de estos bloques de programación:
Tenemos un personaje más (personaje 2) que es el pasaporte. Al detectar el obstáculo de la lámpara de gas y, al mismo tiempo, reconocer un color amarillo en el suelo, se nos dibujará en pantalla la pista marcada por la policía: el pasaporte. Si no hay ningún color marcado en el suelo, significa que la policía no le ha dado importancia a esta prueba, pero nosotros, como intrépidos investigadores, anotaremos lo que veamos: una zanahoria. Al llegar al obstáculo del policía, con la marca roja en el suelo, se nos pedirá el ""¡Santo y Seña!
Recomendamos que cargues tu programa y que compruebes que todo funciona correctamente antes de seguir con el siguiente apartado.

Obra publicada con Licencia Creative Commons CC BY-NC-SA InnovaRetosCLM 2025 – Servicio de Innovación Educativa de JCCM

Fin Sección

Volver
Contraseña: escritura.
Tomaremos el código del entrenamiento con la precaución de ocultar la presencia del personaje2 (pasaporte), ya que en el entrenamiento no teníamos a este personaje.
Al llegar al obstáculo del policía con la marca roja en el suelo, se nos pedirá que introduzcamos el ""Santo y seña."": abajo / izquierda / arriba.
Recordamos cómo quedaban animadas las flechas en el entrenamiento.
Carga el programa y comprueba que todas las direcciones funcionan correctamente.

(pulsa en las imágenes para ampliar)

Obra publicada con Licencia Creative Commons CC BY-NC-SA InnovaRetosCLM 2025 – Servicio de Innovación Educativa de JCCM

Avanza
Contraseña: lectura.
Si es incorrecto se nos pedirá de nuevo que marquemos la contraseña correcta:
Como seguramente te hayas dado cuenta, la contraseña que nos piden es diferente a la del entrenamiento. Por ello, tendremos que cambiar la lectura que hagamos de la misma. Por ejemplo, con el primer elemento, la modificación quedaría de la siguiente forma: Si todo está correcto se nos presentará en pantalla de la CyberPi el siguiente mensaje:
Carga el programa y comprueba que todo funciona correctamente. Si es así, ¡habrás superado el reto!
Graba un video del funcionamiento del robot y envíaselo a tu profesor/a para que nos lo mande.

Obra publicada con Licencia Creative Commons CC BY-NC-SA InnovaRetosCLM 2025 – Servicio de Innovación Educativa de JCCM

Volver

Fin Sección
Cuélate en el British Museum
OBJETIVOS

    Utilizar la programación por bloques con el entorno mBlock.
    Programar la CyberPi y el robot educativo mBot2.
    Uso de la extensión Display+ para presentar dibujos en pantalla de la CyberPi.
    Integrar el uso de sensores y actuadores en la programación y la puesta en práctica.
    Uso de listas para la escritura y lectura de contraseñas.

Obra publicada con Licencia Creative Commons CC BY-NC-SA InnovaRetosCLM 2025 – Servicio de Innovación Educativa de JCCM

Volver
Pistas a la luz de las lámparas de gas.
MATERIALES NECESARIOS
DISPOSITIVOS
OTROS
DESCARGAS

mBot2

El tapete y los obstáculos son opcionales pero recomendables para mejorar la experiencia del entrenamiento.

Piezas Tapete

Obstáculos y materiales

Tarjeta lámpara gas y prohibido

Obra publicada con Licencia Creative Commons CC BY-NC-SA InnovaRetosCLM 2025 – Servicio de Innovación Educativa de JCCM

Volver
Título de la actividad
VÍDEOS Y AUDIOS

    Video Resolución Reto. 

Obra publicada con Licencia Creative Commons CC BY-NC-SA InnovaRetosCLM 2025 – Servicio de Innovación Educativa de JCCM

Volver";Para llevar a cabo este reto, es muy recomendable haber realizado el entrenamiento previamente. Las pistas que se plantean son para modificar el programa final al que hemos llegado en el entrenamiento.
INNOVARETOS2025;InnovaRetos CLM (Fase I);Secundaria;"4º ESO; Bachillerato; Adultos";15+ años;Diseño 3D;Domina los jeroglíficos;https://view.genially.com/693b1e90dba1611f67e139d6/interactive-content-entrenamiento-domina-los-jeroglificos;Educación Secundaria/Bachillerato, Diseño 3D, Entrenamiento, Egiptología / narrativa histórica, Gamificación / misterio, STEAM, INNOVARETOS;"CATEGORÍA MÁSTER
Actividad Diseño 3D
ENTRENAMIENTO 1
Domina los jeroglíficos
Edad recomendada: A partir de 15 años
GUÍA DIDÁCTICA
Temporalización: Aprox. 3-4 sesiones 55 min

Descripción

Desarrollo
Área / materia: Tecnología Tencología e Ingeniería

Objetivos

Materiales

Vídeos
Recursos: PC/Ordenador portátil Software Tinkercad online
Título de la actividad
VÍDEOS Y AUDIOS

    Presentación de InnovaRetosCLM 25-26
    Inicio de reto 1 - El misterio de la piedra Rosetta
    Presentación de sospechosos
    Localización del culpable
    Resolución del caso.

Obra publicada con Licencia Creative Commons CC BY-NC-SA InnovaRetosCLM 2025 – Servicio de Innovación Educativa de JCCM

Volver
Domina los jeroglíficos
DESCRIPCIÓN

La piedra de Rosetta ha sido robada del British Museum de Londres. Los detectives Miss Miauple y Herclaw Poirot ya se han hecho cargo de la investigación. Deciden averiguar toda la información posible sobre la escritura simbólica jeroglífica que aparece en ella, cuyo desciframiento permitió acceder la muchos de los secretos de la civilización egipcia. Y quien sabe si alguna pista sobre nuestro robo...

Manos a la obra. Después de analizar los datos se les ocurre una divertida forma de replicar la información perdida con la desaparición de la piedra. Realizarán grabados 3D sobre pequeñas tablillas fáciles de transportar que permiten realizar diferentes combinaciones de símbolos sobre un tablero. ¿Y si las tablillas tienen dos símbolos? Sí, una pieza del conocido juego del dominó. Un ""dominó egipcio"".Usando el software Tinkercad online nuestros personajes conseguirán el objetivo propuesto. Te proponemos que tú también te unas al proyecto de diseño.

Obra publicada con Licencia Creative Commons CC BY-NC-SA InnovaRetosCLM 2025 – Servicio de Innovación Educativa de JCCM

Volver
Domina los jeroglíficos
OBJETIVOS

    Desarrollar la competencia digital mediante el uso de herramientas de diseño 3D (Tinkercad), aplicando conceptos básicos de modelado y edición de objetos tridimensionales.
    Fomentar la creatividad y la expresión artística a través del diseño de figuras y grabados inspirados en la cultura egipcia, integrando elementos históricos en la creación digital.
    Comprender la relación entre arte, historia y tecnología, analizando el significado de los jeroglíficos y su función en la civilización egipcia.
    Aplicar conocimientos geométricos y espaciales en la construcción de modelos tridimensionales, trabajando proporciones, simetría y escalas.
    Desarrollar habilidades de planificación y resolución de problemas, desde la idea inicial hasta la ejecución del diseño y la preparación para el grabado.

    Introducir conceptos básicos de fabricación digital y prototipado, comprendiendo cómo los diseños virtuales pueden materializarse mediante técnicas como el grabado láser o impresión 3D.

Obra publicada con Licencia Creative Commons CC BY-NC-SA InnovaRetosCLM 2025 – Servicio de Innovación Educativa de JCCM

Volver
Domina los jeroglíficos
DESARROLLO

    Utilizaremos como modelos dibujos simplificados obtenidos de un alfabeto jeroglífico que se proporciona en la sección de materiales. Elegiremos dos de ellos para grabarlos en un ficha de dominó.
    Se facilitan 4 tutoriales guiados para cada fase de ejecución:

        Dos para los diseños 3D de cada una de piezas en que irán grabadas, representando a las letras ""L"" y ""N""
        Uno para el diseño de la pieza de dominó.
        Uno para la fase final de grabado. Esta fase necesita previamente haber realizado los dos elaboraciones previas.

    Se deja como sugerencia el proceso de impresión si se dispone de los recursos para ello.

Tinkercad

Diseño ""L""

Diseño ""N""

Pieza dominó

Grabado
Impresión 3D - Resumen

La actividad, debido a sus múltiples elaboraciones, se puede plantear en grupos de 2 estudiantes, aunque para un entrenamiento completo de las destrezas descritas podría ser individual.

Volver

Obra publicada con Licencia Creative Commons CC BY-NC-SA InnovaRetosCLM 2025 – Servicio de Innovación Educativa de JCCM
Domina los jeroglíficos
MATERIALES
DISPOSITIVOS
OTROS
DESCARGAS

PC/Ordenador portátil

Impresora 3D (op.)

Tinkercad online

Plantilla alfabeto jerogífico

Software laminado 3D (op.)

Ayuda cuadrícula ""L""

Ratón (recomendable)

Imagen de Flaticon.es

Obra publicada con Licencia Creative Commons CC BY-NC-SA InnovaRetosCLM 2025 – Servicio de Innovación Educativa de JCCM

Volver
Entorno Tinkercad

    Accede al entorno Tinkercad https://www.tinkercad.com
    Ingresa con tu cuenta o únete a la clase que cree tu profesor/a.

    Crea un diseño nuevo 

    Explora el entorno de diseño y familiarízate con sus herramientas. 

Obra publicada con Licencia Creative Commons CC BY-NC-SA InnovaRetosCLM 2025 – Servicio de Innovación Educativa de JCCM

Volver
Alfabeto Egipcio - Jeroglíficos

Aquí tienes la plantilla necesaria de donde tomaremos los símbolos que diseñaremos en 3D. Puedes usarla para diseñar tus propios jeroglíficos y crear mensajes ocultos.

Designed by vexels.com https://www.vexels.com/vectors/preview/889/a-stylized-egyptian-hieroglyphic-alphabet
Descarga

Volver

Obra publicada con Licencia Creative Commons CC BY-NC-SA InnovaRetosCLM 2025 – Servicio de Innovación Educativa de JCCM
Letra L - León
Ayuda trazado

Aquí tienes la una plantilla de ayuda para el trazado del contorno principal del León (letra L) usando la herramienta ""Extruir boceto"" por si te sirve de ayuda.

Designed by vexels.com https://www.vexels.com/vectors/preview/889/a-stylized-egyptian-hieroglyphic-alphabet
Descarga

Volver

Obra publicada con Licencia Creative Commons CC BY-NC-SA InnovaRetosCLM 2025 – Servicio de Innovación Educativa de JCCM
Diseño Letra L (León)

Selecciona la herramienta ""Extruir boceto y sitúala sobre el plano de trabajo. Aparecerá un nuevo plano de trabajo auxiliar.
Diseña la silueta principal

Fíjate bien en el contorno del León y dibuja sobre la cuadrícula un polígono cerrado que represente su silueta. De momento no realices ningún detalle y deja la cola para más tarde.

Crea uno a uno los vértices, haciendo clic con el ratón, hasta crear una figura similar a la mostrada. Puedes usar las dimensiones sugeridas. No puedes interrumpir el proceso, de lo contrario la forma quedará abierta.

Elige la herramienta ""Crear línea""
Consejos y ayudas

Avanzar

Obra publicada con Licencia Creative Commons CC BY-NC-SA InnovaRetosCLM 2025 – Servicio de Innovación Educativa de JCCM
Diseño Letra L (León)
Diseña la silueta principal

Una vez finalizada la forma poligonal, selecciona la herramienta de edición.
Mueve puntos
Añade o elimina puntos

Puedes trasladar los puntos en cualquier momento. Haz clic sobre el vértice y arrastra a la nueva posición.

Puedes añadir los puntos que te sobren o añadir alguno más si lo necesitas usando la función de la imagen abajo indicada. Haz clic sobre un punto y desaparecerá; si lo haces sobre una línea se creará uno nuevo.

Obra publicada con Licencia Creative Commons CC BY-NC-SA InnovaRetosCLM 2025 – Servicio de Innovación Educativa de JCCM

Avanzar

Volver
Diseño Letra L (León)
Suavizar contorno

Ahora suaviza el trazado del polígono para que aparezcan ciertas partes curvadas y represente lo más fielmente posible la figura. Sitúate el vértice que quieras y trabaja con las siguientes herramientas. Haz clic en la imagen para ver cómo funcionan.

Una vez hayas modificado los puntos que consideres necesario, obtendrás una silueta como esta.

Puedes volver al plano de extrusión de nuevo para seguir editando la pieza.

Haz clic en Finalizar boceto para ver el resultado. Observa que la figura extruida tiene una altura por defecto de 10 mm.

Avanzar

Volver

Obra publicada con Licencia Creative Commons CC BY-NC-SA InnovaRetosCLM 2025 – Servicio de Innovación Educativa de JCCM
Diseño Letra L (León)
Creación de la cola

Editamos de nuevo el boceto. Vamos a añadir figuras adicionales a la que ya está creada.

Elegimos la herramienta de creación de nuevas formas. Y elegiremos una de las dos opciones de líneas que se muestran. Descubre la nueva opción añadida (curva de Bézier)

Comienza el trazado desde el cuerpo del león y traza una línea abierta similar a la que se muestra. Configura el trazo para que el espesor sea de 0,5 mm.

Crea una figura adicional, esta vez cerrada, para la terminación.

Avanzar

Volver

Obra publicada con Licencia Creative Commons CC BY-NC-SA InnovaRetosCLM 2025 – Servicio de Innovación Educativa de JCCM
Diseño Letra L (León)

Ya tenemos una silueta con la que podríamos proceder al grabado de la pieza, pero vamos a continuar para darle un acabado más realista.
Diseño de relieves
Relieve de la cara

Nos situamos en el plano de trabajo general sobre la vista nuestro león extruido en 3D.

Trazamos un polígono cerrado teniendo la mayor precisión posible en los puntos y líneas que atraviesan la pieza. El resto pueden quedar por fuera de la silueta.

Seleccionamos la herramienta Extruir boceto y la situamos sobre la cara del león.

Avanzar

Volver

Obra publicada con Licencia Creative Commons CC BY-NC-SA InnovaRetosCLM 2025 – Servicio de Innovación Educativa de JCCM
Diseño Letra L (León)
Relieve de la cara

Selecciona la pieza sobre la cara del león y desplázala, usando el control en forma de cono, 4 mm hacia abajo.

El resultado después de finalizar el boceto será similar a este.

Conviértela en una pieza hueca.

Ahora selecciona ambas piezas y ejecuta la herramienta ""Grupo de unión""

Así, la intersección de ambas formas se sustraerá de la pieza sólida y conseguiremos el siguiente resultado.

Avanzar

Volver

Obra publicada con Licencia Creative Commons CC BY-NC-SA InnovaRetosCLM 2025 – Servicio de Innovación Educativa de JCCM
Diseño Letra L (León)
Relieve de la melena

Seguiremos el mismo procedimiento que en el caso anterior.

Extruir boceto sobre la melena del león.

Trazamos el polígono como el de la figura

Plano de trabajo general

En este caso desplazamos solo 2 mm hacia abajo para conseguir el efecto de relieve con la cara. Hacemos hueca la pieza y agrupamos.

Avanzar

Volver

Obra publicada con Licencia Creative Commons CC BY-NC-SA InnovaRetosCLM 2025 – Servicio de Innovación Educativa de JCCM
Diseño Letra L (León)
Relieve del vientre

Volvemos a nuestro plano general nos situamos frente a la figura del león.

Usamos Extruir boceto sobre el vientre del león.

Y trazamos el polígono como el de la figura.

Realizamos una copia de la pieza para realizar una elaboración auxiliar. Pero no muevas la original de su sitio.

Fíjate y anota las medidas de la pieza extruida.

Avanzar

Volver

Obra publicada con Licencia Creative Commons CC BY-NC-SA InnovaRetosCLM 2025 – Servicio de Innovación Educativa de JCCM
Diseño Letra L (León)
Relieve del vientre

Tomamos de la librería la forma ""Cubo"" y le damos las dimensiones mínimas en anchura y longitud de nuestra pieza extruida.

De altura tomaremos 8,5 mm. en cualquier caso.

Montamos una pieza sobre otra y unimos el grupo.

Ahora selecciona la forma ""Cuña"" y le damos las mismas dimensiones anteriores, salvo la altura que será 1,5 mm.

Avanzar

Volver

Obra publicada con Licencia Creative Commons CC BY-NC-SA InnovaRetosCLM 2025 – Servicio de Innovación Educativa de JCCM
Diseño Letra L (León)
Relieve del vientre

Selecciona ambas figuras y usa la herramienta de alineación para que queden perfectamente encajadas. Haz clic primero en la forma de referencia y después en los puntos negros para elegir el modo ajuste.

Utilizaremos ahora la pieza nueva con la extruida en la primara parte.

Convierte la pieza verde en hueca y une el grupo.

Avanzar

Volver

Obra publicada con Licencia Creative Commons CC BY-NC-SA InnovaRetosCLM 2025 – Servicio de Innovación Educativa de JCCM
Diseño Letra L (León)
Relieve del vientre

Usa la herramienta de alinear pero no modifiques la altura, eso lo haremos después. Ya puedes retirar la pieza original

Vamos a llevar la nueva pieza al león situándola en el lugar exacto de la pieza extruida inicialmente.

Avanzar

Volver

Obra publicada con Licencia Creative Commons CC BY-NC-SA InnovaRetosCLM 2025 – Servicio de Innovación Educativa de JCCM
Diseño Letra L (León)
Relieve del vientre

Alinea ahora la pieza en altura con el león de manera precisa.

Eleva ligerísimamente la pieza para disimular el corte del rebaje.

Convierte la pieza en hueca y únela a la pieza del león definitivamente.

Fin sección

Volver

Obra publicada con Licencia Creative Commons CC BY-NC-SA InnovaRetosCLM 2025 – Servicio de Innovación Educativa de JCCM
Diseño Letra N (Zig-Zag)
Creación del elemento de repetición

Sitúa sobre el plano de trabajo tres cubos con las dimensiones por defecto de 10x10x10 mm y sitúalos de la siguiente forma.

Puedes observar que hay una figura que se repite varias veces en el diseño que perseguimos. Aquí te proponemos una solución aunque seguro que encuentras otras igual de válidas.

Selecciona los tres de manera simultánea y fusiónalos en una sola pieza con ""Grupo de unión""

Avanzar

Obra publicada con Licencia Creative Commons CC BY-NC-SA InnovaRetosCLM 2025 – Servicio de Innovación Educativa de JCCM
Diseño Letra N (Zig-Zag)
Creación del elemento de repetición

Ahora crearemos una figura auxiliar para redondear los vértices del zig-zag

Selecciona el cilindro y hazlo hueco.

Sitúa en el plano de trabajo un cilindro con dimensiones por defecto de 10 mm de diámetro y 5 mm de altura y un cubo de 5x5x5 mm

Alinéalos de este modo

Selecciona las piezas y usa ""Grupo de unión"" para eliminar del cubo la intersección de ambas figuras. Copia la pieza porque necesitaremos más de una.

Avanzar

Volver

Obra publicada con Licencia Creative Commons CC BY-NC-SA InnovaRetosCLM 2025 – Servicio de Innovación Educativa de JCCM
Diseño Letra N (Zig-Zag)
Creación del elemento de repetición

Toma estas tres piezas. Observa que una es hueca.

Rota las piezas pequeñas para situarlas de este modo.

Coloca las piezas una a continuaciónde otra. Te será facil ajustando a la cuadrícula. Fusiona el conjunto.

Selecciona las piezas y usa ""Grupo de unión"" para fusionar el conjunto

Duplica la pieza Prueba la herramienta ""Simetría"" para voltear una de las piezas.

Avanzar

Volver

Obra publicada con Licencia Creative Commons CC BY-NC-SA InnovaRetosCLM 2025 – Servicio de Innovación Educativa de JCCM
Diseño Letra N (Zig-Zag)
Montaje final

En los extremos deberás acabar con una pieza ligeramente diferente.

Duplica y fusiona las piezas anteriores las veces que sean necesarias.

Cambia las dimensiones del plano de trabajo si es necesario ya que la figura será muy grande.

Una vez unidos todos los elementos, gira el conjunto 45 grados.

Obra publicada con Licencia Creative Commons CC BY-NC-SA InnovaRetosCLM 2025 – Servicio de Innovación Educativa de JCCM

Fin sección

Volver
Diseño Ficha de dominó

Se propone la creación de una tablilla similar a las fichas del juego del dominó que se diseñarán con unas dimensiones simplificadas de 120x60x20 mm. por comodidad a la hora del proceso de diseño. Crearemos 1/8 de pieza con todos los detalles que luego duplicaremos y fusionaremos para completar la ficha completa.

Comenzamos con un ""cubo"" (herramienta) de 60x60x10 mm

Para redondear las aristas situamos en el plano de trabajo un cilindro de 6 mm de diámetro y un ""cubo"" (herramienta) de 3 mm de arista. Fijamos la altura de ambos en 60 mm.

Alinéalos de esta forma y convierte el cilindro en hueco

Copia la pieza y cambia su altura por 10 para las aristas cortas.

Ahora selecciona ambas piezas y ejecuta la herramienta ""Grupo de unión"".

Avanzar

Obra publicada con Licencia Creative Commons CC BY-NC-SA InnovaRetosCLM 2025 – Servicio de Innovación Educativa de JCCM
Diseño Ficha de dominó

Para las aristas largas, giramos el perfil obtenido 90 grados para posicionarlo paralelo a la superficie de la tablilla. Crea varias copias para reutilizarlo.

Selecciona una de ellas junto con la tablilla y usa la herramienta de alineación para ajustarla sobre la arista perfectamente.

Haz clic primero en la forma de referencia y después en los puntos negros para elegir el modo ajuste.

Haz hueco el perfil curvo y une las piezas para crear la curvatura

Repite el proceso con otras dos aristas de la cara superior horizontal y con dos de las verticales

No redondees las aristas inferiores

Avanzar

Volver

Obra publicada con Licencia Creative Commons CC BY-NC-SA InnovaRetosCLM 2025 – Servicio de Innovación Educativa de JCCM
Diseño Ficha de dominó

Para redondear los vértices situamos en el plano de trabajo una esfera de 6 mm de diámetro y un cubo de 3 mm de arista. Alinéalos de la siguiente forma.

Haz hueca la esfera y une el conjunto. Crea copias para dos vértices.

Selecciona una de las piezas junto con la tablilla y usa la herramienta de alineación para ajustarla sobre la arista perfectamente.

Haz huecas las piezas de esquina y únelas con la tablilla.

Avanzar

Volver

Obra publicada con Licencia Creative Commons CC BY-NC-SA InnovaRetosCLM 2025 – Servicio de Innovación Educativa de JCCM
Diseño Ficha de dominó

Una vez tenemos la porción de ficha completa, la duplicamos y la volteamos con la herramienta ""simetría""

Juntamos las piezas, seleccionamos ambas y las unimos en una sola.

Volvemos a duplicar el resultado y volteamos verticalmente una de ellas.

Montamos una pieza sobre la otra y fusionamos el resultado

Avanzar

Volver

Obra publicada con Licencia Creative Commons CC BY-NC-SA InnovaRetosCLM 2025 – Servicio de Innovación Educativa de JCCM
Diseño Ficha de dominó

Para crear la división central de la ficha usamos la forma ""Techo curvo"" que es realmente medio cilindro, con dimensiones 2x1x50

Volteamos verticalmente la figura.

La situamos sobre la tablilla pegada a la superficie y en posición centrada. Se recomienda herramienta ""Alinear""

Hacemos hueca la pieza de división, seccionamos ambas y las fusionamos para finalizar.

Obra publicada con Licencia Creative Commons CC BY-NC-SA InnovaRetosCLM 2025 – Servicio de Innovación Educativa de JCCM

Fin sección

Volver
Diseño Grabado

Una vez realizados los modelos 3D de los símbolos jeroglificos y el soporte donde quedarán grabados, pasamos a describir cómo completar el diseño de la Ficha de dominó egipcia.

Podemos abrir nuestros diseños en diferentes pestañas de un mismo navegador. En cada uno de ellos, seleccionamos la figura que necesitemos, la copiamos (CTRL+C) y la pegamos (CTRL+V) en el nuevo diseño donde los juntamos todos.

Copiamos ahora el modelo Zig-zag. El diseño se creó sin considerar medidas exactas. Para redimensionarlo de manera estimada y que pueda alojarse en la tablilla, seleccionaremos cualquier nodo de control de dimensiones de la pieza y, de manera simultánea se mantendrán pulsada la tecla SHIFT del teclado mientras arrastramos el ratón hasta que nos parezca un tamaño adecuado.

Empezamos por la ficha sin grabar. Vamos a redimensionar la pieza para que se parezca más a las reales. Reduciremos toda las dimensiones a la mitad, 60x30x10 mm.

Mantén las proporciones de las formas pulsando la tecla SHIFT mientras seleccionas y arrastras uno de los vértices de control de la pieza.

Avanzar

Obra publicada con Licencia Creative Commons CC BY-NC-SA InnovaRetosCLM 2025 – Servicio de Innovación Educativa de JCCM
Diseño Grabado

Para grabar la pieza de Zig-zag, seleccionamos las dos piezas y usaremos la herramienta alinear para situarla sobre el plano superior. Haz clic primero en la forma de referencia y después en los puntos negros para elegir el modo ajuste. Los puntos sombreados en la imagen representan el ajuste ya realizado.Para el ajuste longitudinal necesitaríamos otra referencia que no tenemos y por no complicarlo más lo haremos de manera aproximada de manera manual

Una vez situada el símbolo en el sitio de grabación, lo convertimos en hueco.

Seleccionamos ambas piezas y usamos la herramienta ""Grupo de unión""

Avanzar

Volver

Obra publicada con Licencia Creative Commons CC BY-NC-SA InnovaRetosCLM 2025 – Servicio de Innovación Educativa de JCCM
Diseño Grabado

Copiamos ahora el modelo del león. Y lo redimensionamos como en el caso anterior.

Centramos la figura con la herramienta alinear, la situamos sobre la superficie de grabación y a la altura de 10 mm sobre el plano de trabajo donde acaba la tablilla.

Para grabar el relieve debemos voltear verticalmente la figura. Ya que si grabamos como en el caso anterior quedará la silueta comlpletamente plana.

Situamos de manera manual la figura unos 3 mm por debajo de la superficie y lo convertimos en hueco. Unimos las dos piezas con ""Grupo de unión"" como en el caso anterior.

Avanzar

Volver

Obra publicada con Licencia Creative Commons CC BY-NC-SA InnovaRetosCLM 2025 – Servicio de Innovación Educativa de JCCM
Diseño Grabado

Aquí tenemos nuestro resultado final.

Fin sección

Volver

Obra publicada con Licencia Creative Commons CC BY-NC-SA InnovaRetosCLM 2025 – Servicio de Innovación Educativa de JCCM
Consejos y ayudas

    Asegúrate de que el último punto acaba en el mismo sitio que el primero para generar correctamente la pieza extruida.
    Si te equivocas en algún punto no te preocupes durante el trazado puedes pulsar la tecla SUPR y desaparecerá, aunque siempre podrás modificarlo una vez acabada la figura.

    Ajusta la rejilla para mejorar la precisión al situar o mover los puntos.
    Está a tu disposición la cuadrícula de ayuda que encontrará en MATERIALES para guiarte en el proceso de trazado.
    Las medidas generales son orientativas. Puedes usar las que prefieras. El diseño puede reescalarse después.

MATERIALES-LEÓN

Usando esta opción curvamos la línea a ambos lados del vértice y se controla con un único tirador naranja de línea contínua.

Usando esta opción convertímos un vértice curvo en angulado.

Usando esta opción podemos curvar de manera independiente las líneas a ambos lados del punto, ya que hay dos tiradores independientes (línea discontinua)
Exporta el diseño en formato STL (más común en impresión 3D)
Usa software de laminado como Ultimaker Cura, PrusaSlicer o Creality Slicer e importa allí el archivo STL.
Configura los parámetros de impresión y previsualiza las capas para comprobar que todo es correcto
Prepara la impresora (calibración, superficie, filamento, etc), introduce el archivo G-Code e imprime tu ";Utilizaremos como modelos dibujos simplificados obtenidos de un alfabeto jeroglífico que se proporciona en la sección de materiales. Elegiremos dos de ellos para grabarlos en un ficha de dominó. Se facilitan 4 tutoriales guiados para cada fase de ejecución: Dos para los diseños 3D de cada una de…
INNOVARETOS2025;InnovaRetos CLM (Fase I);Secundaria;"4º ESO; Bachillerato; Adultos";15+ años;Diseño 3D;La tabla misteriosa;https://view.genially.com/695d97ea15600560e6b9c9af/interactive-content-reto-la-tabla-misteriosa;Educación Secundaria/Bachillerato, Diseño 3D, Reto, Egiptología / narrativa histórica, Gamificación / misterio, STEAM, INNOVARETOS;"CATEGORÍA MÁSTER
Actividad Diseño 3D
RETO
La tabla misteriosa
Edad recomendada: A partir de 15 años
GUÍA DIDÁCTICA
Temporalización: 3-4 sesiones 55 min

Descripción

Desarrollo
Área / materia: Tecnología Tencología e Ingeniería

Objetivos

Materiales

Entrega

Vídeos
Recursos: PC/Ordenador portátil Software Tinkercad online
Título de la actividad
VÍDEOS Y AUDIOS

    Presentación de InnovaRetosCLM 25-26
    Inicio de reto 1 - El misterio de la piedra Rosetta
    Presentación de sospechosos
    Localización del culpable
    Resolución del caso.

Obra publicada con Licencia Creative Commons CC BY-NC-SA InnovaRetosCLM 2025 – Servicio de Innovación Educativa de JCCM

Volver
La tabla misteriosa
DESCRIPCIÓN

La piedra de Rosetta ha sido robada del British Museum de Londres. Los detectives Miss Miauple y Herclaw Poirot, encargados de la investigación, han analizado minuciosamente el escenario en busca de pistas que lleven al culpable. Rodeados de grandes tesoros han podido aprender numerosas curiosidades sobre la civilización egipcia, sobre todo acerca de la simbología jeroglífica, cuyos secretos reveló en 1822 el lingüista francés Jean-François Champollion gracias a las inscripciones halladas en la famosa piedra.

Mientras desenmascaran al responsable del robo se les ocurre una gran idea: ¿y si replican algunos de estos jerogíficos sobre tablas más pequeñas para poder mostrarlas a los visitantes del museo mientras recuperan la piedra robada? Además, le darán un toque divertido escribiendo palabras sencillas para que puedan descifrar aquellos curiosos que se acerquen.Los detectives, que además tienen gran habilidad en diseño 3D, deciden usar esta técnica para desarrollar su iniciativa. El software online de Tinkercad será el elegido para dicho cometido. ¿Y si ayudáis a nuestros detectives con vuestro propio diseño? Lee con atención las indicaciones y completa el reto que se proponen.

Obra publicada con Licencia Creative Commons CC BY-NC-SA InnovaRetosCLM 2025 – Servicio de Innovación Educativa de JCCM

Volver
La tabla misteriosa
OBJETIVOS

    Desarrollar la competencia digital mediante el uso de herramientas de diseño 3D (Tinkercad), aplicando conceptos básicos de modelado y edición de objetos tridimensionales.
    Fomentar la creatividad y la expresión artística a través del diseño de figuras y grabados inspirados en la cultura egipcia, integrando elementos históricos en la creación digital.
    Comprender la relación entre arte, historia y tecnología, analizando el significado de los jeroglíficos y su función en la civilización egipcia.
    Aplicar conocimientos geométricos y espaciales en la construcción de modelos tridimensionales, trabajando proporciones, simetría y escalas.
    Desarrollar habilidades de planificación y resolución de problemas, desde la idea inicial hasta la ejecución del diseño y la preparación para el grabado.

    Introducir conceptos básicos de fabricación digital y prototipado, comprendiendo cómo los diseños virtuales pueden materializarse mediante técnicas como el grabado láser o impresión 3D.

Obra publicada con Licencia Creative Commons CC BY-NC-SA InnovaRetosCLM 2025 – Servicio de Innovación Educativa de JCCM

Volver
La tabla misteriosa
DESARROLLO

El reto consistirá en realizar el grabado de 4 palabras sencillas sobre una tablilla usando como referencia los modelos de dibujos simplificados obtenidos de un alfabeto jeroglífico que se proporciona en la sección de materiales. Además se diseñará un soporte por si queremos realizar la impresión 3D real y que se mantenga en vertical sobre una superficie. El proceso puede dividirse en 3 fases:

    Diseño de la tablilla y del soporte.
    Diseño de cada una de las figuras (símbolos) en 3D.
    Fase de grabado

Puedes completar la actividad imprimiendo los diseños en 3D como prefieras, bien las figuras individuales o el producto final con el grabado siempre que en tu centro tengas la posibilidad de hacerlo. Recuerda imprimir el soporte y la tablilla por separado. La actividad, debido a sus múltiples elaboraciones, se debería plantear en grupos de 4 o 5 estudiantes, de manera que se distribuyeran por fases y figuras 3D, ya que son muy numerosas. No es imprescindible realizar el ENTRENAMIENTO previo, aunque es conveniente ya que se explican varios de los procedimientos necesarios para el desarrollo de este reto.

INDICACIONES

Tablilla

Figuras 3D

Grabado
Impresión 3D - Resumen

Volver

Obra publicada con Licencia Creative Commons CC BY-NC-SA InnovaRetosCLM 2025 – Servicio de Innovación Educativa de JCCM
La tabla misteriosa
MATERIALES
DISPOSITIVOS
OTROS
DESCARGAS

PC/Ordenador portátil

Impresora 3D (op.)

Alfabeto jerogífico

Tinkercad online

Software laminado 3D (op.)

Ayuda cuadrícula ""L""

Ratón (recomendable)

Ayuda cuadrícula ""A""

Imagen de Flaticon.es

Obra publicada con Licencia Creative Commons CC BY-NC-SA InnovaRetosCLM 2025 – Servicio de Innovación Educativa de JCCM

Volver
Alfabeto Egipcio - Jeroglíficos

Aquí tienes la plantilla necesaria de donde tomaremos los símbolos que diseñaremos en 3D. Puedes usarla para diseñar tus propios jeroglíficos y crear mensajes escondidos.

Designed by vexels.com https://www.vexels.com/vectors/preview/889/a-stylized-egyptian-hieroglyphic-alphabet
Descarga

Volver

Obra publicada con Licencia Creative Commons CC BY-NC-SA InnovaRetosCLM 2025 – Servicio de Innovación Educativa de JCCM
Letra L - León
Ayuda trazado

Aquí tienes la una plantilla de ayuda para el trazado del contorno principal del León (letra L) usando la herramienta ""Extruir boceto"" por si te sirve de ayuda.

Designed by vexels.com https://www.vexels.com/vectors/preview/889/a-stylized-egyptian-hieroglyphic-alphabet
Descarga

Volver

Obra publicada con Licencia Creative Commons CC BY-NC-SA InnovaRetosCLM 2025 – Servicio de Innovación Educativa de JCCM
Letra A- Águila
Ayuda trazado

Aquí tienes la una plantilla de ayuda para el trazado del contorno principal del Águila (letra A) usando la herramienta ""Extruir boceto"" por si te sirve de ayuda.

Designed by vexels.com https://www.vexels.com/vectors/preview/889/a-stylized-egyptian-hieroglyphic-alphabet
Descarga

Volver

Obra publicada con Licencia Creative Commons CC BY-NC-SA InnovaRetosCLM 2025 – Servicio de Innovación Educativa de JCCM
Tablilla (y soporte)

    Medidas: 150x100x10 mm
    Los bordes estarán debidamente redondeados, tanto en las aristas como en los vértices.
    El soporte será de diseño libre y deberá servir para soportar verticalmente la tabla sin ocultar los dibujos grabados.

Características de la tablilla
Tablilla 3D

Si necesitas ayuda para la tablilla, visita el entrenamiento y revisa cómo se hizo la pieza de dominó.
Soporte de ejemplo

Avanzar

Obra publicada con Licencia Creative Commons CC BY-NC-SA InnovaRetosCLM 2025 – Servicio de Innovación Educativa de JCCM
Figuras 3D
Características de las figuras (símbolos) 3D

Designed by vexels.com https://www.vexels.com/vectors/preview/889/a-stylized-egyptian-hieroglyphic-alphabet

    Deberás crear, al menos, 10 símbolos de la colección que se proporciona. Y tendrán que servir para formar 4 palabras con significado real.
    Habrá que usar 3 símbolos obligatorios: Letras L, A y N. Aparecerán situados tal como se indicará en el siguiente apartado del grabado.
    Usa las medidas que prefieras y luego redimensiona el diseño para el grabado posterior.
    Cada figura (símbolo) se creará en un archivo independiente de Tinkercad.

Puedes usar el procedimiento de diseño que mejor conozcas para cada tipo de símbolo, aunque recomendamos que visites el entrenamiento para ver cómo se propone el diseño tanto del León (letra L) como de la pieza Zig-zag (letra N). Además, pueden inspirarte para el resto.
Figuras 3D Ejemplos Pulsa para ampliar

Si usas la herramienta ""Extruir boceto"" te dejamos dos plantillas de ayuda para los animales obligatorios (L y A) en la sección de materiales por si te sirven de guía.

Avanzar

Obra publicada con Licencia Creative Commons CC BY-NC-SA InnovaRetosCLM 2025 – Servicio de Innovación Educativa de JCCM

Retroceder
Grabado
Características del grabado

Designed by vexels.com https://www.vexels.com/vectors/preview/889/a-stylized-egyptian-hieroglyphic-alphabet

    Las figuras se grabarán en 4 hileras formando una palabra con significado real en cada una de ellas.
    Las palabras deberán tener 5 o 6 letras cada una para mantener proporciones de los símbolos lo más homogéneas posibles.
    Los símbolos obligatorios mencionados en el apartado anterior (L, A, N) deben ser la primera letra de cada palabra tal como aparece en el ejemplo mostrado.
    Cada palabra estará separada por la siguiente mediante un surco tal como se indica. Puedes realizarlo como prefieras pero se sugiere que sea curvado.
    Distribuye las palabras convenientemente para que el soporte no las oculte.
    La orientación de cada símbolo será exactamente la que figura en el alfabeto.
    Comprueba qué nombre aparece escrito en la primera fila para que te sirva de ejemplo. Puedes usarlo en tu reto o si prefieres usar una palabra nueva.

Tablilla grabada. ¿Qué nombre aparece en la primera fila?

Si necesitas ayuda para grabar las figuras puedes consultar el procedimiento seguido en el entreneminento.

Avanzar

Obra publicada con Licencia Creative Commons CC BY-NC-SA InnovaRetosCLM 2025 – Servicio de Innovación Educativa de JCCM

Retroceder
Entrega del reto
Evidencias de la resolución

El docente responsable del grupo debe cumplimentar un archivo word, cuyo enlace aparece más abajo, con la información que se relaciona a continuación. Puede compartirlo con los alumnos/as para hacerlo de manera conjunta como sugerencia.

    Enlaces de los diseños creados desde Tinkercad. Deben configurarse como públicos.
        Enlace del diseño completo (Tabla grabada).
        Enlace de cada uno de los diseños individuales de los símbolos creados para la composición.

    Imágenes de las creaciones.
        Recorte/Captura de pantalla en Tinkercad de cada diseño que se aporta.
    Palabras cifradas en el grabado

Convertirá el archivo en pdf, lo renombrará como RETO3D_IES_Nombre_Centro(Localidad) y lo adjuntará al formulario de entregas.

Archivo evidencias (docx)

Obra publicada con Licencia Creative Commons CC BY-NC-SA InnovaRetosCLM 2025 – Servicio de Innovación Educativa de JCCM

Retroceder
Exporta el diseño en formato STL (más común en impresión 3D)
Usa software de laminado como Ultimaker Cura, PrusaSlicer o Creality Slicer e importa allí el archivo STL.
Configura los parámetros de impresión y previsualiza las capas para comprobar que todo es correcto
Prepara la impresora (calibración, superficie, filamento, etc), introduce el archivo G-Code e imprime tu diseño.
Genera el archivo de impresión G-Code para llevar a la impresora";El reto consistirá en realizar el grabado de 4 palabras sencillas sobre una tablilla usando como referencia los modelos de dibujos simplificados obtenidos de un alfabeto jeroglífico que se proporciona en la sección de materiales.
INNOVARETOS2025;InnovaRetos CLM (Fase II);"Infantil; Primaria";"2º ciclo Infantil; Primer ciclo; EBO";3-16 años;Actividad desconectada;El enredo de los equipajes;https://view.genially.com/69b93bb89dd9c4ac08ce50a0;Educación Infantil, Actividad desconectada, Entrenamiento, Egiptología / narrativa histórica, Gamificación / misterio, Robótica educativa, Programación, Pensamiento computacional, Trabajo cooperativo, INNOVARETOS;"ENTRENAMIENTO 1
CATEGORÍA KID
Actividad desconectada
El enredo de los equipajes

Reto: Rutas Cody Express
Edad recomendada: A partir de 3 años
GUÍA DIDÁCTICA
Temporalización: 1-2 sesiones (50 min.)

Descripción

Desarrollo
Área / materia: Crecimiento en armonía Comunicación y representación Descubrimiento y exploración

Objetivos

Materiales

Sospechosos

Vídeos
Recursos: Cody Feet
InnovaRetosCLM 25/26 – Servicio de Innovación Educativa de JCCM Autoría: Prado Merino Gascón y Pedro Moya Gómez-Caraballo Imágenes creadas con Gemini y ChatGPT
El enredo de los equipajes
DESCRIPCIÓN

“El enredo de los equipajes” es una propuesta del Servicio de Innovación Educativa de JCCM que tiene como objetivo iniciar al alumnado en el Pensamiento Computacional desconectado. Ayudados por la herramienta Cody Feet nos introduciremos en el uso de secuencias lógicas, condicionales y resolución de problemas.

Cody Feet es un método de codificación y juego desconectado (o desenchufado) diseñado principalmente para alumnos de Educación Infantil (3 a 5 años). Esta actividad se desarrolla sobre un tablero o cuadrícula grande en el suelo por el que el alumnado se mueve, actuando como robots que siguen las instrucciones. Este entrenamiento está pensado para realizarse en gran grupo, aunque posteriormente, se puede trabajar en pequeños grupos o incluso individualmente. El desarrollo tiene una duración de entre 1 y 2 sesiones de trabajo; sin embargo, queda a voluntad del docente el alargar su duración si así lo cree conveniente. Para obtener una explicación más amplia puedes descargar la Guía Didáctica.

Obra publicada con Licencia Creative Commons CC BY-NC-SA InnovaRetosCLM 2025 – Servicio de Innovación Educativa de JCCM

Volver
El enredo de los equipajes

Preparación

Desarrollo
Preparación de la sesión

Para este entrenamiento, es necesario imprimir y recortar los recursos que se muestran a continuación, están disponibles en la sección de Materiales. Haz clic en cada uno de ellos para más información:

Maletas

Tarjetas de equipaje

Cody Feet

Obra publicada con Licencia Creative Commons CC BY-NC-SA InnovaRetosCLM 2025 – Servicio de Innovación Educativa de JCCM

Siguiente
El enredo de los equipajes

Preparación

Desarrollo
Desarrollo de la sesión (1)

Se recomienda comenzar este entrenamiento con una actividad de motivación inicial y recordatorio de la narrativa del proyecto. Para ello, se pueden visualizar los vídeos de inicio y fin del reto de Londres de la primera fase, ambos están disponibles en la presentación general. En esta sesión les explicaremos que antes de comenzar el viaje a Egipto, debemos ayudar a preparar la maleta de nuestros personajes. Tendremos que averiguar qué prendas lleva cada uno de ellos para enfrentarse al desafío que encontraremos en el desierto.

SI el alumnado NO conoce Cody Feet ENTONCES… Utiliza la guía Primeros pasos con Cody Feet para introducir este recurso en tu aula. SI el alumnado SI conoce Cody Feet ENTONCES… Seguimos con el desarrollo del entrenamiento.

Guía Codey Feet

Obra publicada con Licencia Creative Commons CC BY-NC-SA InnovaRetosCLM 2025 – Servicio de Innovación Educativa de JCCM

Siguiente

Anterior
El enredo de los equipajes

Preparación

Desarrollo
Desarrollo de la sesión (2)

El entrenamiento continúa con la llegada del alumnado al aula, sala de psicomotricidad o patio, donde encontrarán en el suelo un tablero de Cody Feet. El/la docente debe crear distintas rutas que el alumnado recorre y por las que va recogiendo las tarjetas de equipaje de cada personaje. En este punto tenemos varias opciones para configurar la ruta, pulsa el botón para verlas.

Ejemplos de rutas

El objetivo es que los alumnos guarden cada prenda en la maleta correspondiente mediante el reconocimiento de patrones. Para facilitar la asociación, se colocará una tarjeta de referencia dentro de cada maleta con una de las siguientes opciones:

    Nivel inicial: Siluetas de las prendas.
    Nivel avanzado: Patrones de jeroglíficos. 

Una vez rellenemos cada maleta con su equipaje, daremos el entrenamiento por concluido y pasaremos al reto desconectado “Rutas Cody Express”.

Obra publicada con Licencia Creative Commons CC BY-NC-SA InnovaRetosCLM 2025 – Servicio de Innovación Educativa de JCCM

Anterior
El enredo de los equipajes
SOSPECHOSOS

Accede a la información que Lagatha Christie ha recabado sobre cada uno de nuestros sospechosos. Haz clic en cada uno de los iconos para escuchar los datos.

Volver

Obra publicada con Licencia Creative Commons CC BY-NC-SA InnovaRetosCLM 2025 – Servicio de Innovación Educativa de JCCM
El enredo de los equipajes
OBJETIVOS

    Iniciar al alumnado en la creación de algoritmos como secuencias ordenadas de instrucciones para resolver un problema.
    Fomentar la adquisición de estructuras básicas de programación (como las secuencias lógicas y los condicionales) de forma lúdica y manipulativa.
    Desarrollar la capacidad de descomponer un problema complejo en pasos más sencillos y abordables (técnica de descomposición).
    Promover el trabajo cooperativo y la asunción de roles (programador ""Cody"" y robot ""Feet"") para interpretar, ejecutar y corregir errores (depuración o debugging).

Obra publicada con Licencia Creative Commons CC BY-NC-SA InnovaRetosCLM 2025 – Servicio de Innovación Educativa de JCCM

Volver
El enredo de los equipajes
MATERIALES NECESARIOS
DISPOSITIVOS
DESCARGAS

Cody Feet

Tutorial Cody FeetTapete Cody FeetTarjetas de equipaje Maletas de viaje Guía didáctica

Obra publicada con Licencia Creative Commons CC BY-NC-SA InnovaRetosCLM 2025 – Servicio de Innovación Educativa de JCCM

Volver
El enredo de los equipajes
VÍDEOS ANTERIORES

    Presentación de InnovaRetosCLM 25-26
    Inicio de reto 1 - El misterio de la piedra de Rosetta
    Cámaras de seguridad del museo
    Fin de reto 1 - Captura del culpable

Obra publicada con Licencia Creative Commons CC BY-NC-SA InnovaRetosCLM 2025 – Servicio de Innovación Educativa de JCCM

Volver
El enredo de los equipajes
ENTREGAS

En este apartado te indicaremos los pasos a seguir para entregar tu proyecto:

1. Las evidencias necesarias para obtener la insignia correspondiente son las siguientes:

        Fotografías o vídeo del alumnado utilizando Cody Feet mientras organiza el equipaje de los personajes.

2. Proceso de entrega. Incluye toda la información anterior en un fichero denominado ""nombrecentro_curso"". Ve al formulario de entregas para la Categoría KID, rellena los campos y adjunta el fichero con las evidencias.

Entregar evidencias

Obra publicada con Licencia Creative Commons CC BY-NC-SA InnovaRetosCLM 2025 – Servicio de Innovación Educativa de JCCM

Volver
Maletas

Debemos imprimir las maletas de viaje de nuestros personajes Herclaw Poirot y Miss Miauple. En el documento podemos encontrar plantillas para montar una maleta de cada uno de nuestros detectives. Es conveniente imprimirlas en cartulina o papel resistente. También podremos optar por decorar alguna caja o maletín que tengamos a nuestra disposición. Además, se incluyen en el documento dos modelos de maletas sin montaje que se pueden utilizar también o entregar al alumnado para que dibuje después el equipaje de cada personaje. Descarga este recurso aquí:

Dependiendo del nivel de nuestro alumnado, podemos crear distintas rutas de Cody Feet:

    Ruta simple: Un único objeto de equipaje con ambas maletas situadas al final del trayecto.
    Ruta múltiple: Varias tarjetas de equipaje distribuidas por el camino hacia las maletas.
    Ruta incompleta: Diseña caminos en los que faltan casillas y el alumnado debe rellenar. 

Tarjetas de equipaje

Otro documento que conviene imprimir y recortar con antelación es el de las tarjetas de equipajes y fondos de maletas. Este incluye:

    4 tarjetas para cada personaje
    4 tarjetas de equipaje extra
    4 más de fondo de maletas

Puedes descargar el documento aquí:

Cody Feet

Para este entrenamiento, es conveniente imprimir y recortar las piezas de Cody Feet. Se recomienda imprimir varias copias de cada una para poder crear recorridos sobre el suelo. Puedes descargar este recurso aquí:";“El enredo de los equipajes” es una propuesta del Servicio de Innovación Educativa de JCCM que tiene como objetivo iniciar al alumnado en el Pensamiento Computacional desconectado. Ayudados por la herramienta Cody Feet nos introduciremos en el uso de secuencias lógicas, condicionales y resolución…
INNOVARETOS2025;InnovaRetos CLM (Fase II);"Infantil; Primaria";"2º ciclo Infantil; Primer ciclo; EBO";3-16 años;Actividad desconectada;Rutas Cody Express;https://view.genially.com/69ba696eafb3033431035d0d;Educación Infantil, Actividad desconectada, Reto, Egiptología / narrativa histórica, Gamificación / misterio, Robótica educativa, Programación, Pensamiento computacional, Trabajo cooperativo, INNOVARETOS;"RETO 1
CATEGORÍA KID
Actividad desconectada
Rutas Cody Express
Edad recomendada: A partir de 3 años
GUÍA DIDÁCTICA

Descripción

Desarrollo
Temporalización: 2-3 sesiones (50 min.)

Objetivos

Materiales
Área / materia: Crecimiento en armonía Comunicación y representación Descubrimiento y exploración

Sospechosos

Vídeos

Entregas
Recursos: Tablero y fichas Cody Express
InnovaRetosCLM 25/26 – Servicio de Innovación Educativa de JCCM Autoría: Prado Merino Gascón y Pedro Moya Gómez-Caraballo Imágenes creadas con Gemini y ChatGPT
Rutas Cody Express
DESCRIPCIÓN

El reto “Rutas Cody Express” es una propuesta del Servicio de Innovación Educativa de JCCM que tiene como objetivo iniciar al alumnado en el Pensamiento Computacional. Está diseñado para introducir a los alumnos en la lógica de la programación y la resolución de problemas de forma lúdica y desconectada.

En este reto, se emplea un tablero de juego donde las fichas emulan el movimiento de las piezas de Cody Feet. El objetivo es recorrer las diferentes paradas del tren ""Cody Express"" hasta completar el trayecto a Egipto. Este reto tiene un entrenamiento previo que conviene realizar si no se conoce el recurso Cody Feet o si queremos hacer la narrativa completa de InnovaRetos Fase Egipto: El enredo de los equipajes. Para obtener una explicación más amplia puedes descargar la Guía Didáctica.

Obra publicada con Licencia Creative Commons CC BY-NC-SA InnovaRetosCLM 2025 – Servicio de Innovación Educativa de JCCM

Volver
Rutas Cody Express

Preparación

Sesión 1

Fin de reto

Ampliación

Sesión 2
Preparación de la sesión

Para este reto, es necesario imprimir y recortar los recursos que se muestran a continuación, están disponibles también en la sección de Materiales. Haz clic en cada uno de ellos para más información:

Fichas

Reglas

Dados

Tablero

Obra publicada con Licencia Creative Commons CC BY-NC-SA InnovaRetosCLM 2025 – Servicio de Innovación Educativa de JCCM

Siguiente
Rutas Cody Express

Preparación

Sesión 1

Fin de reto

Ampliación

Sesión 2
Desarrollo de la sesión 1

Este reto tiene como objetivo alcanzar las distintas paradas que hace el tren Cody Express hasta llegar a Egipto, su destino final. El orden de estas es París, Budapest, Venecia y Egipto.
(Parte 1)

Explicamos en gran grupo el sistema de juego. Para esta partida inicial se puede utilizar un tablero físico o hacerlo en el panel interactivo ayudados de una plantilla de Lumio disponible en Materiales. Pasos a seguir:

    Pondremos el primer objetivo (París) en la parte superior del tablero, y una ficha de personaje en la parte inferior de la cuadrícula. No es necesario centrarlos.
    Incluiremos 1 o 2 obstáculos en el tablero que el jugador deberá rodear.
    Lanzamos los dados (físicos o digitales, opción recomendada).
    En cada tirada, decidiremos si utilizar todos los movimientos obtenidos o solo una parte. El objetivo es emplear únicamente aquellos que nos acerquen al destino, descartando los que no resulten útiles.
    Dibujamos los movimientos sobre el tablero y repetimos tirada.

Obra publicada con Licencia Creative Commons CC BY-NC-SA InnovaRetosCLM 2025 – Servicio de Innovación Educativa de JCCM

Siguiente

Anterior
Rutas Cody Express

Preparación

Sesión 1

Fin de reto

Ampliación

Sesión 2
Desarrollo de la sesión 1

Es importante recordar que los movimientos han de hacerse sobre el tablero de la misma forma que lo haríamos sobre uno de Cody Feet dispuesto en el suelo. Por lo tanto, cada dado se traduce en estos movimientos:
(Parte 2)

Adelante (huellas grises): Indica que se debe avanzar una casilla hacia adelante. Izquierda (huellas amarillas): Indica que se debe avanzar y girar hacia la izquierda. Derecha (huellas rojas): Indica que se debe avanzar y girar hacia la derecha.

La partida finaliza una vez lleguemos al destino de la parte superior. Se recomienda realizar varias partidas de prueba en gran grupo con pocos obstáculos para que el alumnado se familiarice con el estilo de juego e interiorice los movimientos.

Obra publicada con Licencia Creative Commons CC BY-NC-SA InnovaRetosCLM 2025 – Servicio de Innovación Educativa de JCCM

Siguiente

Anterior
Rutas Cody Express

Preparación

Sesión 1

Fin de reto

Ampliación

Sesión 2
Desarrollo de la sesión 2

¡Comienzan las carreras! Las siguientes sesiones se hacen de forma “competitiva”. Herclaw Poirot y Miss Miauple no se ponen de acuerdo en cual es la mejor ruta para llegar a cada destino. Por este motivo, cada uno tomará un camino distinto para verificar cuál es la mejor opción de viaje. Para simular esta competición, cada alumno colocará una ficha de personaje en la parte inferior del tablero. El destino se vuelve a colocar en la parte superior. Es importante que cada jugador/a utilice un color de rotulador distinto. El número de obstáculos debe de estar entre 1 y 3. Esta vez son los jugadores los que deciden cuántos poner y dónde situarlos. Una vez configurado el tablero de juego, comienza la carrera. Cada jugador lanza los dados de forma alternativa, y dibuja sus desplazamientos por el tablero hasta que ambos viajeros alcancen el destino marcado.

Obra publicada con Licencia Creative Commons CC BY-NC-SA InnovaRetosCLM 2025 – Servicio de Innovación Educativa de JCCM

Siguiente

Anterior
Rutas Cody Express

Preparación

Sesión 1

Fin de reto

Ampliación

Sesión 2
Ampliación de las sesiones

Una vez que el alumnado conoce bien el sistema de juego, podemos incluir nuevos condicionales y modificadores al juego. A continuación se explican dos propuestas para alargar el tiempo de juego así como aumentar la dificultad del mismo:

Maletas personalizadas

Técnicas de detective

Obra publicada con Licencia Creative Commons CC BY-NC-SA InnovaRetosCLM 2025 – Servicio de Innovación Educativa de JCCM

Siguiente

Anterior
Rutas Cody Express

Preparación

Sesión 1

Fin de reto

Ampliación

Sesión 2
¿Cómo termino el reto?

SI queremos hacer más retos y continuar la narrativa ENTONCES… 1. ¡Enhorabuena! ¡Hemos conseguido llegar a la estación de El Cairo! Ahora podemos realizar el entrenamiento o reto de robótica para viajar en tren hasta la estación de Luxor. No mostramos ningún vídeo aún. SI queremos terminar la fase Egipto con este reto ENTONCES…

    ¡Enhorabuena! ¡Hemos conseguido llegar hasta la pirámide de Tutangatón! Ahora debemos averiguar la secuencia de jeroglíficos que abra la puerta. Para ello, debemos investigar muy bien los parches de viaje que hemos ido consiguiendo, cada uno esconde un jeroglífico.
    Intentamos colocar los jeroglíficos, aunque los detectives más astutos ya sabrán que el orden es el mismo de las paradas: París (serpiente), Budapest (espiral) y Venecia (esfinge).
    Una vez abierta… ¡enhorabuena! ¡Habéis llegado al final de InnovaRetosCLM! Ahora podéis visualizar el vídeo final de la Fase Egipto.

Entrenamiento de robótica

Acceder a la pirámide

Obra publicada con Licencia Creative Commons CC BY-NC-SA InnovaRetosCLM 2025 – Servicio de Innovación Educativa de JCCM

Anterior
Rutas Cody Express
SOSPECHOSOS

Accede a la información que Lagatha Christie ha recabado sobre cada uno de nuestros sospechosos. Haz clic en cada uno de los iconos para escuchar los datos.

Volver

Obra publicada con Licencia Creative Commons CC BY-NC-SA InnovaRetosCLM 2025 – Servicio de Innovación Educativa de JCCM
Rutas Cody Express
OBJETIVOS

    Iniciar al alumnado en la creación de algoritmos como secuencias ordenadas de instrucciones para resolver un problema.
    Fomentar la adquisición de estructuras básicas de programación (como las secuencias lógicas y los condicionales) de forma lúdica y manipulativa.
    Desarrollar la capacidad de descomponer un problema complejo en pasos más sencillos y abordables (técnica de descomposición).
    Promover el trabajo cooperativo para interpretar y ejecutar.
    Identificar, analizar y corregir errores hasta lograr el objetivo.

Obra publicada con Licencia Creative Commons CC BY-NC-SA InnovaRetosCLM 2025 – Servicio de Innovación Educativa de JCCM

Volver
Rutas Cody Express
MATERIALES NECESARIOS
OTROS
DESCARGAS

Dados interactivos online

Tablero Cody Express Dado Cody Feet (imprimible) Maleta personalizable y parches Plantilla de tablero en Lumio Reglas de juego Guía didáctica completa

Obra publicada con Licencia Creative Commons CC BY-NC-SA InnovaRetosCLM 2025 – Servicio de Innovación Educativa de JCCM

Volver
Rutas Cody Express
VÍDEOS ANTERIORES

    Presentación de InnovaRetosCLM 25-26
    Inicio de reto 1 - El misterio de la piedra de Rosetta
    Cámaras de seguridad del museo
    Fin de reto 1 - Captura del culpable

Obra publicada con Licencia Creative Commons CC BY-NC-SA InnovaRetosCLM 2025 – Servicio de Innovación Educativa de JCCM

Volver
Rutas Cody Express
ENTREGAS

En este apartado te indicaremos los pasos a seguir para entregar tu proyecto:

1. Las evidencias necesarias para obtener la insignia correspondiente son las siguientes:

        Fotografías o vídeo del alumnado creando distintas rutas sobre el tablero Cody Express.

2. Proceso de entrega. Incluye toda la información anterior en un fichero denominado ""nombrecentro_curso"". Ve al formulario de entregas para la Categoría KID, rellena los campos y adjunta el fichero con las evidencias.

Entregar evidencias

Obra publicada con Licencia Creative Commons CC BY-NC-SA InnovaRetosCLM 2025 – Servicio de Innovación Educativa de JCCM

Volver
Maletas personalizadas

Como ampliación a estas sesiones se propone utilizar la plantilla de maleta personalizable. Así podemos tener a varios grupos recortando y montando su propia maleta mientras otros equipos están jugando en el tablero de Cody Express. El objetivo es que los alumnos ""coleccionen"" parches de viaje al alcanzar cada destino (París, Budapest, Venecia y Egipto). Esta personalización puede realizarse de dos formas:

    Dibujo directo: Diseñando el parche sobre la maleta.
    Recorta y pega: Utilizando parches impresos proporcionados por el docente.

Descarga este recurso aquí:

Fichas de juego

Debemos imprimir las fichas de juego que encontraremos en el mismo documento de tableros. Cada uno irá acompañado de su correspondiente set de fichas que incluye:

    4 fichas de destinos o paradas del viaje.
    2 fichas de personaje (Herclaw y Miauple).
    6 fichas de obstáculos.
    4 fichas de técnicas de detective.

Descarga este recurso aquí:

Reglas de juego

Además, sería conveniente imprimir o mostrar al equipo el documento resumen de las reglas de juego. Descarga este recurso aquí:
Dados

Para desplazarnos por el tablero necesitaremos dados con las imágenes de Cody Feet. Se ofrecen dos posibilidades:

    Imprimir entre 1 y 3 dados Cody Feet por tablero.
    Opción recomendada: Utilizar un dado virtual creado para la actividad y accesible desde cualquier navegador: https://bit.ly/DadoCody

Versión online

Versión imprimible
Técnicas de detective

En el documento de fichas se incluyen 4 llamadas Técnicas de detective que se pueden colocar en el tablero y que tienen los siguientes efectos:

Estos modificadores se colocan en el tablero y el/la jugador/a los obtiene al llegar a ellos, pudiendo usarlos cuando crean conveniente, aumentando el nivel de estrategia del juego.
Tableros de juego

El documento dispone de 3 tamaños de cuadrícula, pensados para imprimirse en tamaño A3 y plastificar de alguna forma para que el alumnado pueda escribir con rotulador y luego borrarlo, permitiendo su reutilización. Debemos tener en cuenta que cuanto menor sea el tamaño de la cuadrícula mayor será la dificultad para el alumnado. Puedes descargar este recurso aquí:";El reto “Rutas Cody Express” es una propuesta del Servicio de Innovación Educativa de JCCM que tiene como objetivo iniciar al alumnado en el Pensamiento Computacional. Está diseñado para introducir a los alumnos en la lógica de la programación y la resolución de problemas de forma lúdica y…
INNOVARETOS2025;InnovaRetos CLM (Fase II);"Infantil; Primaria";"2º ciclo Infantil; Primer ciclo; EBO";3-16 años;mTiny;Misterios y mareos en el Orient Express;https://view.genially.com/6995a7eb2912c8eb7aca8ebe;Educación Infantil, mTiny, Entrenamiento, Egiptología / narrativa histórica, Gamificación / misterio, Robótica educativa, Programación, Pensamiento computacional, INNOVARETOS;"ENTRENAMIENTO 1
CATEGORÍA KID
Robótica
Misterios y mareos en el Orient Express

Reto: El enigma de la pirámide
Edad recomendada: A partir de 4 años
GUÍA DIDÁCTICA
Temporalización: 1-2 sesiones (50 min.)

Descripción

Desarrollo
Área / materia: Crecimiento en armonía Comunicación y representación Descubrimiento y exploración

Objetivos

Materiales

Sospechosos

Vídeos
Recursos: Robot mTiny
InnovaRetosCLM 25/26 – Servicio de Innovación Educativa de JCCM Autoría: Prado Merino Gascón y Pedro Moya Gómez-Caraballo Imágenes creadas con Gemini y ChatGPT
Misterios y mareos en el Orient Express
DESCRIPCIÓN

“Misterios y mareos en el Orient Express” es una propuesta del Servicio de Innovación Educativa de JCCM que tiene como objetivo iniciar al alumnado en el Pensamiento Computacional. Está diseñado para introducir a los alumnos en la lógica de la programación y la resolución de problemas de forma lúdica.

En este entrenamiento utilizaremos uno de los juegos que incluye el kit inicial del robot mTiny (tarjeta de golf y meta). El objetivo es seguir las instrucciones de un compañero/a para hacer que el robot alcance cada uno de los vagones del Orient Express. Con este entrenamiento conseguiremos un documento clave para resolver el reto final de robótica. Para obtener una explicación más amplia puedes descargar la Guía Didáctica.

Obra publicada con Licencia Creative Commons CC BY-NC-SA InnovaRetosCLM 2025 – Servicio de Innovación Educativa de JCCM

Volver
Misterios y mareos en el Orient Express

Preparación

Desarrollo
Preparación de la sesión

Para este entrenamiento, es necesario imprimir y recortar los recursos que se muestran a continuación, están disponibles en la sección de Materiales. Haz clic en cada uno de ellos para más información:

Vagones

Puzle

Caretas

Obra publicada con Licencia Creative Commons CC BY-NC-SA InnovaRetosCLM 2025 – Servicio de Innovación Educativa de JCCM

Siguiente
Misterios y mareos en el Orient Express

Preparación

Desarrollo
Desarrollo de la sesión (1)

En este reto utilizaremos el robot mTiny, si el alumnado no conoce el dispositivo haz en clic en

+ Info mTiny

Para comenzar la actividad debemos explicar al alumnado que comenzamos el viaje hacia Egipto en el mítico tren Orient Express, ya que todas las pistas de la investigación de Lagatha Christie apuntan a la pirámide de Tutangatón. Sin embargo, Herclaw Poirot tiene un problema con los viajes en tren, se marea mucho y no controla bien sus movimientos. Por ello, debemos utilizar el juego de golf incluido con mTiny, al colocar el robot sobre la tarjeta de la pelota de golf, éste comenzará a dar vueltas como si estuviera mareado, y solo se moverá cuando imitemos el movimiento de un palo de golf con su mando. Se recomienda no subir mucho el volumen del robot para escuchar bien los audios.

Obra publicada con Licencia Creative Commons CC BY-NC-SA InnovaRetosCLM 2025 – Servicio de Innovación Educativa de JCCM

Siguiente

Anterior
Misterios y mareos en el Orient Express

Preparación

Desarrollo
Desarrollo de la sesión (2)

Colocamos los vagones repartidos por el suelo (más lejos o cerca según el nivel de práctica). Detrás de cada vagón esconderemos las piezas del puzle según esta distribución:

    Vagón de Focus Delmar, Elmor Disco, Mía Buenavista y Máquinas: 1 pieza cada uno.
    Vagón de equipajes: 2 piezas.
    Vagones de Lina Foxi, Tija Lagard y Vacío: Sin pieza. 

Para reducir la duración o dificultad, esconded más de una pieza por vagón.

En este reto debemos trabajar por parejas, uno/a de los alumnos/as será Herclaw Poirot (robot) y otro será Miss Miauple (programador). Después de cada turno o vagón cambiaremos la pareja. La actividad consiste en guiar a mTiny (con la careta de Herclaw) para que llegue a cada vagón y así poder investigar el código QR que allí encontrará. Como el personaje está mareado, simularemos esta situación vendando los ojos al alumno/a que controle el mando; de esta forma, tendrá que seguir las instrucciones de su compañera Miss Miauple para realizar el golpe que desplace al robot. Por ejemplo: Golpea fuerte/suave en 3, 2, 1…

Obra publicada con Licencia Creative Commons CC BY-NC-SA InnovaRetosCLM 2025 – Servicio de Innovación Educativa de JCCM

Siguiente

Anterior
Misterios y mareos en el Orient Express
SOSPECHOSOS

Accede a la información que Lagatha Christie ha recabado sobre cada uno de nuestros sospechosos. Haz clic en cada uno de los iconos para escuchar los datos.

Volver

Obra publicada con Licencia Creative Commons CC BY-NC-SA InnovaRetosCLM 2025 – Servicio de Innovación Educativa de JCCM
Misterios y mareos en el Orient Express

Preparación

Desarrollo
Desarrollo de la sesión (3)

Cuando el robot alcance cada vagón, leeremos el QR con un dispositivo móvil y escucharemos la locución. La actividad finaliza cuando hemos encontrado las 6 piezas del puzle que, aunque de momento no sabemos qué utilidad tiene, será crucial para resolver el reto final en Egipto. ¡Estamos listos para el siguiente reto!

Obra publicada con Licencia Creative Commons CC BY-NC-SA InnovaRetosCLM 2025 – Servicio de Innovación Educativa de JCCM

Anterior
Misterios y mareos en el Orient Express
OBJETIVOS

    Desarrollar la capacidad de seguir y/o crear una secuencia lógica de instrucciones (golpea fuerte/despacio…) para alcanzar una meta específica.
    Aprender a dividir un problema grande en subtareas más pequeñas y manejables (primero ir al vagón A, luego al vagón B, después procesar la información).
    Identificar, analizar y corregir errores hasta lograr el objetivo.

Obra publicada con Licencia Creative Commons CC BY-NC-SA InnovaRetosCLM 2025 – Servicio de Innovación Educativa de JCCM

Volver
Misterios y mareos en el Orient Express
MATERIALES NECESARIOS
OTROS

Venda para los ojos
DISPOSITIVOS
DESCARGAS

mTiny

Tutorial mTinyTapete vagones Orient ExpressPuzle de jeroglíficos Caretas mTiny Guía didáctica

Obra publicada con Licencia Creative Commons CC BY-NC-SA InnovaRetosCLM 2025 – Servicio de Innovación Educativa de JCCM

Volver
Misterios y mareos en el Orient Express
VÍDEOS ANTERIORES

    Presentación de InnovaRetosCLM 25-26
    Inicio de reto 1 - El misterio de la piedra de Rosetta
    Cámaras de seguridad del museo
    Fin de reto 1 - Captura del culpable

Obra publicada con Licencia Creative Commons CC BY-NC-SA InnovaRetosCLM 2025 – Servicio de Innovación Educativa de JCCM

Volver
Misterios y mareos en el Orient Express
ENTREGAS

En este apartado te indicaremos los pasos a seguir para entregar tu proyecto:

1. Las evidencias necesarias para obtener la insignia correspondiente son las siguientes:

        Fotografías o vídeo del alumnado utilizando mTiny mientras investiga los vagones del Orient Express.

2. Proceso de entrega. Incluye toda la información anterior en un fichero denominado ""nombrecentro_curso"". Ve al formulario de entregas para la Categoría KID, rellena los campos y adjunta el fichero con las evidencias.

Entregar evidencias

Obra publicada con Licencia Creative Commons CC BY-NC-SA InnovaRetosCLM 2025 – Servicio de Innovación Educativa de JCCM

Volver
Vagones del Orient Express

Además, debemos preparar los vagones del Orient Express que vamos a investigar, son un total de 8. Aunque el número se puede reducir para que el nivel de dificultad de la actividad sea más sencillo, el único vagón obligatorio es el de Lina Foxi. Descarga este recurso aquí:
Puzle de jeroglíficos

También debemos preparar el puzle de jeroglíficos que irán encontrando pieza a pieza en cada uno de los vagones del tren. Para ello imprimimos las dos páginas del puzle, y las pegamos de tal forma que las letras queden ocultas detrás de las piezas de jeroglíficos y lo recortamos. Puedes descargar el puzle aquí:
Caretas para mTiny

Para este entrenamiento, es conveniente imprimir y recortar las caretas de Herclaw Poirot y Miss Miauple para mTiny si no lo hemos hecho antes. Así mejoramos la inmersión en la narrativa. De momento, solo nos hará falta la careta de Herclaw, pero podemos preparar las dos ya que se utilizarán en el reto posterior. Puedes descargar este recurso aquí:
¿No conoces mTiny?

    SI el alumnado NO conoce mTiny ENTONCES…
        Utiliza la guía actividades iniciales con mTiny para introducir este recurso en tu aula. Disponible en sección Materiales.
    SI el alumnado SI conoce mTiny ENTONCES…
        Seguimos con el desarrollo del reto. ";“Misterios y mareos en el Orient Express” es una propuesta del Servicio de Innovación Educativa de JCCM que tiene como objetivo iniciar al alumnado en el Pensamiento Computacional. Está diseñado para introducir a los alumnos en la lógica de la programación y la resolución de problemas de forma…
INNOVARETOS2025;InnovaRetos CLM (Fase II);"Infantil; Primaria";"2º ciclo Infantil; Primer ciclo; EBO";3-16 años;mTiny;El enigma de la pirámide;https://view.genially.com/6996ec23cbfaf788852d6267;Educación Infantil, mTiny, Reto, Egiptología / narrativa histórica, Gamificación / misterio, Robótica educativa, Programación, Pensamiento computacional, Trabajo cooperativo, Actividad desconectada, INNOVARETOS;"RETO 1
CATEGORÍA KID
Robótica
El enigma de la pirámide
Edad recomendada: A partir de 4 años
GUÍA DIDÁCTICA

Descripción

Desarrollo
Temporalización: 2-3 sesiones (50 min.)

Objetivos

Materiales
Área / materia: Crecimiento en armonía Comunicación y representación Descubrimiento y exploración

Sospechosos

Vídeos

Entregas
Recursos: Robot mTiny
InnovaRetosCLM 25/26 – Servicio de Innovación Educativa de JCCM Autoría: Prado Merino Gascón y Pedro Moya Gómez-Caraballo Imágenes creadas con Gemini y ChatGPT
El enigma de la pirámide
DESCRIPCIÓN

“El enigma de la pirámide” es una propuesta del Servicio de Innovación Educativa de JCCM que tiene como objetivo iniciar al alumnado en el Pensamiento Computacional. Está diseñado para introducir al alumnado en la lógica de la programación y la resolución de problemas de forma lúdica. Al utilizar el robot mTiny para desplazarse por un tapete y recabar información, se trabajan varios pilares fundamentales del pensamiento computacional.

En este desafío, recorremos Egipto para encontrar y descifrar el jeroglífico que da acceso a la gran pirámide de Tutangatón. Para ello deberemos traducir una serie de instrucciones a secuencias de programación que nos permitan crear “dibujos” con el robot. ¿Conseguiremos acceder al interior de la pirámide? Para obtener una explicación más amplia puedes descargar la Guía Didáctica.

Obra publicada con Licencia Creative Commons CC BY-NC-SA InnovaRetosCLM 2025 – Servicio de Innovación Educativa de JCCM

Volver
El enigma de la pirámide

Sesión 2

Preparación

Sesión 1
Preparación de la sesión

Este reto tiene un entrenamiento previo (“Misterios y mareos en el Orient Express”) recomendable para enlazar la narrativa con el desafío anterior (Fase Londres). Puede acceder al mismo desde aquí:

Para este reto, es necesario preparar los recursos que se muestran a continuación, están disponibles en la sección de Materiales. haz clic en cada uno de ellos para más información:

Tapete

Puzle

Caretas

Obra publicada con Licencia Creative Commons CC BY-NC-SA InnovaRetosCLM 2025 – Servicio de Innovación Educativa de JCCM

Siguiente
El enigma de la pirámide

Sesión 2

Preparación

Sesión 1
Desarrollo de la sesión 1

En este reto utilizaremos el robot mTiny, si el alumnado no conoce el dispositivo haz en clic en

+ Info mTiny

El reto comienza con una actividad de motivación inicial, la visualización del vídeo introductorio de la Fase Egipto de InnovaRetosCLM. Después, explicaremos al alumnado que hemos viajado en el mítico tren Orient Express y ahora nos encontramos en la estación de Luxor, listos para una nueva investigación felina.

SI el alumnado NO ha realizado el entrenamiento ENTONCES…

    Entregamos las piezas del puzle de jeroglíficos y lo resuelven por equipos, parejas o individual.
    Observamos los dibujos y debatimos para qué nos pueden servir. De momento no sabemos su finalidad, tendremos que seguir investigando. 

SI el alumnado SI ha realizado el entrenamiento ENTONCES…

    Recordamos que disponemos de un puzle de jeroglíficos que conseguimos en nuestro viaje en el Orient Express. Pero de momento no sabemos su finalidad, tendremos que seguir investigando. 

Obra publicada con Licencia Creative Commons CC BY-NC-SA InnovaRetosCLM 2025 – Servicio de Innovación Educativa de JCCM

Siguiente

Anterior
El enigma de la pirámide

Sesión 2

Preparación

Sesión 1
Desarrollo de la sesión 1

Nuestro reto ahora es visitar los distintos enclaves del desierto de Egipto ayudados del robot mTiny, comenzaremos en la estación de tren de Luxor y terminaremos en la pirámide de Tutangatón. Para ello, crearemos un mapa del desierto con las distintas piezas que hemos preparado. A continuación, se incluyen algunos mapas de ejemplo:

Ver mapas de ejemplo

Durante el recorrido, escucharemos tres secuencias de instrucciones. Es importante tomar nota o que el docente las recoja para su uso posterior. Una vez explorado el desierto y obtenida toda la información y secuencias, el equipo deberá debatir cómo utilizarlas. El objetivo es que el alumnado deduzca que debe usar mTiny para dibujar dichas secuencias. Al llegar a la pirámide, recibiremos la confirmación para descifrar el código de acceso: ¡deberemos dibujar las secuencias recolectadas para entrar!

Obra publicada con Licencia Creative Commons CC BY-NC-SA InnovaRetosCLM 2025 – Servicio de Innovación Educativa de JCCM

Siguiente

Anterior
El enigma de la pirámide
SOSPECHOSOS

Accede a la información que Lagatha Christie ha recabado sobre cada uno de nuestros sospechosos. Haz clic en cada uno de los iconos para escuchar los datos.

Volver

Obra publicada con Licencia Creative Commons CC BY-NC-SA InnovaRetosCLM 2025 – Servicio de Innovación Educativa de JCCM
El enigma de la pirámide

Sesión 2

Preparación

Sesión 1
Desarrollo de la sesión 2

En esta sesión tenemos el objetivo de dibujar las instrucciones recogidas por el desierto, son un total de 3 secuencias. Para ello, preparamos papel continuo y nuestro robot. SI tenemos disponibles los rotuladores de mTiny ENTONCES…

    Insertamos un rotulador en la ranura inferior del robot.
    Debemos tener en cuenta añadir dos instrucciones más a cada secuencia: bajar rotulador al inicio y subir rotulador al final. 

SI NO tenemos disponibles los rotuladores de mTiny ENTONCES…

    Ayudados de cinta adhesiva, pegamos un rotulador grueso a un lateral del robot.

Después, podemos trabajar en pequeño o gran grupo para que los/as alumnos/as den las instrucciones al robot y vean que formas dibuja sobre el papel. Si todo ha salido bien, obtendremos 3 letras:

    Letra U (esfinge de Miausés II)
    Letra L (estatua de Isis)
    Letra J (obelisco de Gatapatra). 

Sin embargo, para insertar el código de acceso debemos utilizar jeroglíficos… ¿Dónde encontramos más dibujos egipcios?

Obra publicada con Licencia Creative Commons CC BY-NC-SA InnovaRetosCLM 2025 – Servicio de Innovación Educativa de JCCM

Siguiente

Anterior
El enigma de la pirámide

Sesión 2

Preparación

Sesión 1
Desarrollo de la sesión 2

Para insertar el código de acceso debemos utilizar jeroglíficos… ¿Dónde encontramos más dibujos egipcios? ¡Exacto! Tenemos que utilizar el puzle que resolvimos. En este punto, podemos recordar varias pistas que nos han dado con anterioridad:

    En el entrenamiento del Orient Express, la famosa Lina Foxi nos dijo que debíamos utilizar bien la linterna.
    En la inscripción de la estatua de Ra se podía leer que los jeroglíficos muestran más información a la luz de las velas. 

Con esta información, utilizaremos una linterna para iluminar cada pieza del puzle por su parte posterior y descubrir que había letras escondidas en él. Así revelaremos que la letra U se corresponde con la espiral, la J con la serpiente y la L con la esfinge. Ahora sólo nos falta decidir si terminamos nuestra aventura en Egipto aquí o realizamos el reto de programación.

¿Cómo termino el reto?

Obra publicada con Licencia Creative Commons CC BY-NC-SA InnovaRetosCLM 2025 – Servicio de Innovación Educativa de JCCM

Anterior
El enigma de la pirámide
OBJETIVOS

    Desarrollar la capacidad de seguir y/o crear una secuencia lógica de instrucciones (golpea fuerte/despacio…) para alcanzar una meta específica.
    Aprender a dividir un problema grande en subtareas más pequeñas y manejables (primero ir al punto A, luego al punto B, después procesar la información).
    Identificar, analizar y corregir errores hasta lograr el objetivo.
    Comprender que las órdenes dadas mediante bloques o tarjetas son un lenguaje de programación que el robot puede interpretar.

Obra publicada con Licencia Creative Commons CC BY-NC-SA InnovaRetosCLM 2025 – Servicio de Innovación Educativa de JCCM

Volver
El enigma de la pirámide
MATERIALES NECESARIOS
DISPOSITIVOS
DESCARGAS
OTROS

Linterna

mTiny

Tutorial mTinyTapete EgiptoPuzle de jeroglíficos Caretas mTiny Guía didáctica

Obra publicada con Licencia Creative Commons CC BY-NC-SA InnovaRetosCLM 2025 – Servicio de Innovación Educativa de JCCM

Volver
Vídeos
GENERALES

    Presentación InnovaRetosCLM 25-26
    Evento 20 Enero - Reunión informativa

FASE LONDRES

    Presentación fase 1 - El robo de la Piedra de Rosetta
    Fin del reto - Capturando al culpable

FASE EGIPTO

    Presentación fase 2 - El enigma de la pirámide

Obra publicada con Licencia Creative Commons CC BY-NC-SA InnovaRetosCLM 2025 – Servicio de Innovación Educativa de JCCM

Volver
El enigma de la pirámide
ENTREGAS

En este apartado te indicaremos los pasos a seguir para entregar tu proyecto:

1. Las evidencias necesarias para obtener la insignia correspondiente son las siguientes:

        Fotografías o vídeo del alumnado utilizando mTiny mientras investiga los rincones de Egipto.

2. Proceso de entrega. Incluye toda la información anterior en un fichero denominado ""nombrecentro_curso"". Ve al formulario de entregas para la Categoría KID, rellena los campos y adjunta el fichero con las evidencias.

Entregar evidencias

Obra publicada con Licencia Creative Commons CC BY-NC-SA InnovaRetosCLM 2025 – Servicio de Innovación Educativa de JCCM

Volver
Tapete de Egipto

Además, imprimimos el tapete de Egipto para mTiny. En el archivo se incluyen piezas para crear un gran mapa del desierto de Egipto con arena, oasis, el río Nilo, así como múltiples monumentos. Si queremos reducir los materiales a imprimir los únicos obligatorios serían:

    Esfinge Miausés II
    Estatura de Isis
    Obelisco de Gatapatra
    Pirámide de Tutangatón

Puedes descargarlo desde aquí:

Ejemplo 1
Ejemplo 2

Haz clic para ampliar

Haz clic para ampliar
Puzle de jeroglíficos

Si no lo hemos hecho antes, debemos preparar el puzle de jeroglíficos que usaremos más adelante. Para ello imprimimos las dos páginas del puzle, y las pegamos de tal forma que las letras queden ocultas detrás de las piezas de jeroglíficos y lo recortamos. Puedes descargar el puzle aquí:

Si decidimos terminar aquí nuestra aventura en Egipto (sin hacer el reto de programación), sólo nos falta abrir el siguiente juego interactivo y arrastrar los dibujos para crear secuencias de apertura. Una vez abramos la puerta, ¡habremos superado el reto!¿Qué habrá dentro de la pirámide? ¿Estará la piedra Rosetta en su interior? ¡Ya podemos ver el vídeo final de la historia!
Terminar el reto

En este punto, podemos optar por continuar con el reto de programación, hacer el otro reto de robótica (BlueBot) o el reto desconectado si aún no lo has hecho. Así darás cierre a la narrativa del reto de Egipto. Para ello, NO abrimos la pirámide aún y seguimos la investigación a través del entrenamiento o reto de programación:
Continuar con el reto de programación

Acceder a la pirámide

Reto desconectado

Reto robótica (BlueBot)

Reto de programación
Caretas para mTiny

Para este reto, es conveniente imprimir y recortar las caretas de Herclaw Poirot y Miss Miauple para mTiny si no lo hemos hecho antes. Así mejoramos la inmersión en la narrativa. Puedes descargar este recurso aquí:
¿No conoces mTiny?

    SI el alumnado NO conoce mTiny ENTONCES…
        Utiliza la guía actividades iniciales con mTiny para introducir este recurso en tu aula. Disponible en sección Materiales.
    SI el alumnado SI conoce mTiny ENTONCES…
        Seguimos con el desarrollo del reto. ";“El enigma de la pirámide” es una propuesta del Servicio de Innovación Educativa de JCCM que tiene como objetivo iniciar al alumnado en el Pensamiento Computacional. Está diseñado para introducir al alumnado en la lógica de la programación y la resolución de problemas de forma lúdica.
INNOVARETOS2025;InnovaRetos CLM (Fase II);"Infantil; Primaria";"2º ciclo Infantil; Primer ciclo; EBO";3-16 años;Bluebot;BlueBot: Aventura en el Orient Express.;https://view.genially.com/6992f1f4cc7d3e2183b8ae6c;Educación Infantil, Bluebot, Entrenamiento, Egiptología / narrativa histórica, Gamificación / misterio, Robótica educativa, Programación, Trabajo cooperativo, INNOVARETOS;"CATEGORÍA KID
Robótica Educativa
Entrenamiento
BlueBot: Aventura en el Orient Express.
Edad recomendada: A partir de 3 años
GUÍA DIDÁCTICA

Descripción

Desarrollo
Temporalización: 1/2 sesiones (45 min.)

Objetivos

Materiales
Materia: Descubrimiento y Exploración del Entorno.

Vídeos
Recursos: BlueBot

InnovaRetosCLM 2025 – Servicio de Innovación Educativa de JCCM Autoría: Teresa Rodríguez Callejas y Miguel Velasco Justo. Imágenes creadas con Gemini y ChatGPT.
BlueBot:Aventura en el Orient Express.
DESCRIPCIÓN

Nuestro robot educativo BlueBot es un pequeño robot de suelo diseñado para enseñar los conceptos básicos de la programación por bloques (algoritmos) de una manera divertida y táctil. La actividad "" Aventura en el Orient Express"" es una propuesta del Servicio de Innovación Educativa que tiene como objetivo iniciar al alumnado en el manejo de la programación de robots de suelo a través de la botonera del propio dispositivo. El alumnado, tras haber tenido ya una toma de contacto previa con el dispositivo, utilizará algunos de los movimientos básicos como avanzar, girar, retroceder y depurar algún comando para ejecutar un recorrido y así alcanzar el objetivo. La actividad está pensada para realizarse en 2 sesiones con un número de alumnos amplio, con menos alumnos se puede realizar en una sesión. El objetivo es crear grupos aleatorios con el tapete contextualizado.

Obra publicada con Licencia Creative Commons CC BY-NC-SA InnovaRetosCLM 2025 – Servicio de Innovación Educativa de JCCM
BlueBot: Aventura en el Orient Express
OBJETIVOS

    Identificar problemas sencillos y buscar soluciones mediante secuencias cortas.
    Descomponer un recorrido en pasos pequeños (adelante, giro).
    Participar de forma activa y cooperativa en actividades grupales.
    Respetar turnos y escuchar las ideas de los compañeros.
    Iniciarse en la orientación espacial básica 

InnovaRetosCLM 2025 – Servicio de Innovación Educativa de JCCM Autoría: Teresa Rodríguez Callejas y Miguel Velasco Justo. Imágenes creadas con Gemini y ChatGPT.
BlueBot: Aventura en el Orient Express
USO Y MANEJO APP BLUE BOT.

Os adjuntamos también aquí un pequeño manual de cómo manejar el Blue Bot a través de la aplicación.

Volver

InnovaRetosCLM 2025 – Servicio de Innovación Educativa de JCCM Autoría: Teresa Rodríguez Callejas y Miguel Velasco Justo. Imágenes creadas con Gemini y ChatGPT.

Siguiente
BlueBot: Aventura en el Orient Express
ENTRENAMIENTO

DESARROLLO.Este reto constituye un entrenamiento previo al reto final “Secretos del desierto” y es recomendable para ubicar al alumnado en el escenario que se utilizará para desarrollar la actividad además de servir de estrategia para confeccionar los equipos. Si no se hiciera el entrenamiento con el tapete de vagones se puede ir directamente a hacer sólo la ruleta del entrenamiento o una App que nos realice los equipos aleatoriamente como Wooclap. Puedes acceder al reto final directamente desde aquí.

Siguiente

Volver

InnovaRetosCLM 2025 – Servicio de Innovación Educativa de JCCM Autoría: Teresa Rodríguez Callejas y Miguel Velasco Justo. Imágenes creadas con Gemini y ChatGPT.
BlueBot: Aventura en el Orient Express
ENTRENAMIENTO 2

El alumnado observa el tapete confeccionado por vagones, casilla de salida Londres y casilla de llegada Luxor.Por parejas, cada uno asume un rol (robot-programador) para dirigirse a un vagón. En ellos encontramos a los sospechosos de la historia de InnovaRetos. Se pueden repetir los vagones que están vacíos en función del número de alumnos. Cada pareja que llega a un vagón escanea el QR que se encuentra y que le dirige a una aplicación de ruleta aleatoria . En esa ruleta, el azar, les coloca en uno u otro de los equipos que se usarán en el reto final: “Ciudad de dioses” o “Camino de arena”. Podemos hacer que la elección de la ruleta sea asignada por pareja o individual de cara al nuevo agrupamiento. En la ruleta hay una opción “Ve a otro vagón” para darle un nivel de complejidad y aumentar el itinerario o cambiar el equipo.

Siguiente

Volver

InnovaRetosCLM 2025 – Servicio de Innovación Educativa de JCCM Autoría: Teresa Rodríguez Callejas y Miguel Velasco Justo. Imágenes creadas con Gemini y ChatGPT.
BlueBot: Aventura en el Orient Express
ENTRENAMIENTO 3

Cada vez que se obtiene equipo podemos darle a cada uno su carnet correspondiente.

Si sólo se hace el entrenamiento y no se va a continuar el reto, los equipos pueden destinarse a otra actividad editando los carnets.

Volver

InnovaRetosCLM 2025 – Servicio de Innovación Educativa de JCCM Autoría: Teresa Rodríguez Callejas y Miguel Velasco Justo. Imágenes creadas con Gemini y ChatGPT.

Siguiente
BlueBot: Aventura en el Orient Express
MATERIALES NECESARIOS
DISPOSITIVOS
OTROS
DESCARGAS

BlueBot

Guía uso App

Fichas direcciones

Tapete Entrenamiento

Guía Didáctica.

Carnets Equipos.

InnovaRetosCLM 2025 – Servicio de Innovación Educativa de JCCM Autoría: Teresa Rodríguez Callejas y Miguel Velasco Justo. Imágenes creadas con Gemini y ChatGPT.
BlueBot: Aventura en el Orient Express
VÍDEOS Y AUDIOS

    Presentación de InnovaRetosCLM 25-26
    Inicio de reto 1 - El misterio de la piedra Rosetta
    Fin de reto 1 - Captura del Culpable.
    Inicio de reto 2 - El Enigma de La Pirámide. 

InnovaRetosCLM 2025 – Servicio de Innovación Educativa de JCCM Autoría: Teresa Rodríguez Callejas y Miguel Velasco Justo. Imágenes creadas con Gemini , ChatGPT y Canva.";"Nuestro robot educativo BlueBot es un pequeño robot de suelo diseñado para enseñar los conceptos básicos de la programación por bloques (algoritmos) de una manera divertida y táctil. La actividad "" Aventura en el Orient Express"" es una propuesta del Servicio de Innovación Educativa que tiene como…"
INNOVARETOS2025;InnovaRetos CLM (Fase II);"Infantil; Primaria";"2º ciclo Infantil; Primer ciclo; EBO";3-16 años;Bluebot;BlueBot:Secretos del Desierto;https://view.genially.com/69afff3c1c25e6aeea1a354d;Educación Infantil, Bluebot, Reto, Medioambiente, Fomento de la lectura, Egiptología / narrativa histórica, Gamificación / misterio, Robótica educativa, Programación, Trabajo cooperativo, Actividad desconectada, INNOVARETOS;"CATEGORÍA KID
Robótica Educativa
Reto 2
BlueBot:Secretos del Desierto
Edad recomendada: A partir de 4 años.
GUÍA DIDÁCTICA

Descripción

Desarrollo
Temporalización: 3/4 sesiones (45 min.)

Objetivos

Materiales
Materia: Descubrimiento y exploración del entorno./Programación.

Vídeos

Entregas
Recursos: BlueBot

InnovaRetosCLM 2025 – Servicio de Innovación Educativa de JCCM Autoría: Teresa Rodríguez Callejas y Miguel Velasco Justo. Imágenes creadas con Gemini , ChatGPT y Canva.
BlueBot: Secretos del Desierto
DESCRIPCIÓN

La actividad ""Secretos del desierto"" es una propuesta del Servicio de Innovación Educativa que tiene como objetivo iniciar al alumnado en el manejo de la programación de robots de suelo a través de la botonera del propio dispositivo o con el manejo de la App de Bluebot. El alumnado, a través del uso del dispositivo y materiales de control, se dividirán en 2 tapetes diferentes para resolver el misterio. La actividad está pensada para realizarse en 2 grupos, cada uno de los cuales alcanzará una solución parcial que, al unirse a través del diálogo y el trabajo cooperativo, dará la respuesta final correcta a la pregunta ¿Quién se llevó la piedra Rosetta y dónde está guardada?

InnovaRetosCLM 2025 – Servicio de Innovación Educativa de JCCM Autoría: Teresa Rodríguez Callejas y Miguel Velasco Justo. Imágenes creadas con Gemini , ChatGPT y Canva.
BlueBot: Secretos del Desierto
OBJETIVOS

    Identificar problemas sencillos y buscar soluciones mediante secuencias cortas.
    Descomponer un recorrido en pasos pequeños (adelante, giro).
    Participar de forma activa y cooperativa en actividades grupales.
    Respetar turnos y escuchar las ideas de los compañeros.
    Iniciarse en la orientación espacial básica. 

InnovaRetosCLM 2025 – Servicio de Innovación Educativa de JCCM Autoría: Teresa Rodríguez Callejas y Miguel Velasco Justo. Imágenes creadas con Gemini , ChatGPT y Canva.
BlueBot: Secretos del Desierto
Sesión Previa

Es recomendable realizar el entrenamiento “Aventura en el Orient Express” para ubicar al alumnado en el escenario que se utilizará para desarrollar la actividad. Si no se hace el entrenamiento, se desarrollaría una sesión previa para hacer sólo la ruleta del entrenamiento o una APP que nos realice los equipos aleatoriamente como Wooclap. Cada vez que se obtiene equipo podemos darle a cada uno su carnet correspondiente. Para terminar de situar al alumnado veremos el vídeo inicial. Lo aprovechamos para preguntar al alumnado por aspectos de la vida en el desierto y en Egipto activando conocimientos previos y fomentando la curiosidad.

InnovaRetosCLM 2025 – Servicio de Innovación Educativa de JCCM Autoría: Teresa Rodríguez Callejas y Miguel Velasco Justo. Imágenes creadas con Gemini , ChatGPT y Canva.

Volver

Siguiente
BlueBot: Código Misterio

Equipo 1 - Herclaw Poirot - “Ciudad de los dioses” El tapete contiene la posición de salida “Museo” y una distribución de dioses y figuras egipcias cuyo número se seleccionará en función de la cantidad de alumnos y nivel de complejidad que queramos trabajar. En todo caso, entre los dioses tiene que estar siempre la figura de Ra. Los equipos cuentan con una “Guía del museo”. La Guía del museo nos indica que debemos ir visitando todos los dioses dispuestos en el tapete para ir completando con una X la rejilla de verificación con unos datos que se deben anotar al llegar a cada figura de dios egipcio. Al finalizar la secuencia por todos los dioses, ayudamos al alumnado a observar la guía para llegar a la conclusión de que sólo uno tiene todas las cualidades divinas (cabeza de animal, disco solar, bastón y llave) y, por lo tanto, será el dios/figura que nos lleve a la pista que estamos buscando. Ésta se dará en un audio a través de un QR

InnovaRetosCLM 2025 – Servicio de Innovación Educativa de JCCM Autoría: Teresa Rodríguez Callejas y Miguel Velasco Justo. Imágenes creadas con Gemini , ChatGPT y Canva.

Siguiente

Volver
BlueBot: Secretos del Desierto

Mensaje de Ra: A la casa de los faraones deberás ir, aquella en la que duerme la esfinge que cuida su entrada. Para comprobar que es la solución correcta ofrecemos al alumnado una tarjeta de comprobación con el código de color: 1=marrón, 2=amarillo.

Alternativas de nivel - Para un nivel más fácil realizar un camino unidireccional. - Añadir dificultad: Colocar casillas de Sarcófago/Esfinge-Prohibido el paso por donde no podemos pasar.

Siguiente

Volver

InnovaRetosCLM 2025 – Servicio de Innovación Educativa de JCCM Autoría: Teresa Rodríguez Callejas y Miguel Velasco Justo. Imágenes creadas con Gemini , ChatGPT y Canva.
BlueBot: Secretos del Desierto

Equipo 2 – Miss Miauple – “Camino de arena”El tapete contiene la posición de salida “Desierto” y una casilla final “Haima” con unas huellas. El objetivo es ir descartando, mediante las pruebas que vamos encontrando en cada casilla, quién de los sospechosos pudo llevarse la piedra Rosetta. El camino de arena con Miss Miauple seguirá el mensaje recibido a través de un telegrama por Lagatha Christie. Habrá pistas que pertenezcan a dos o más sospechosos por lo que habrá que rellenar el LIBRO DE PISTAS

Alternativas de nivel - Para un nivel más fácil realizar un camino unidireccional. - Añadir dificultad: Incluir la tormenta de arena como obstáculo por donde no pueden pasar. Añadir dificultad: Añadir una casilla “de vida” = fuente de agua.

Volver

InnovaRetosCLM 2025 – Servicio de Innovación Educativa de JCCM Autoría: Teresa Rodríguez Callejas y Miguel Velasco Justo. Imágenes creadas con Gemini , ChatGPT y Canva.

Siguiente
BlueBot: Secretos del Desierto

¿Qué nos pide el telegrama?- Primero tienen que encontrar un transporte que les ayude a atravesar el desierto. Allí encontrarán una chaqueta verde. Puede pertenecer a Capi Jackson. - Después algo de comida (dátiles). Tendrán que encontrar un monóculo o cristal de gafas. Puede ser de Capi, Lina o Elmor.- Se ha hecho de noche y descansan en un oasis. Tendrán que encontrar una postal de Londres. Todos estuvieron allí. - Conocen a unos comerciantes que les guían por el desierto. Tendrán que encontrar un libro sobre una pirámide. Lina Foxi era una estudiosa. - Llegan a una haima. Tendrán que encontrar huellas. Pueden ser de zorro o roedor. En principio, todas las pruebas se dirigen a una de las sospechosas. Para comprobar que es la solución correcta ofrecemos al alumnado un folio con un mensaje secreto oculto con tinta invisible que habremos preparado previamente.

Tutorial “cómo crear un mensaje secreto con tinta invisible”.

InnovaRetosCLM 2025 – Servicio de Innovación Educativa de JCCM Autoría: Teresa Rodríguez Callejas y Miguel Velasco Justo. Imágenes creadas con Gemini , ChatGPT y Canva.

Siguiente

Volver
BlueBot: Secretos del Desierto
TODOS JUNTOS

Una vez terminados los 2 tapetes se celebrará una “asamblea de detectives” para llegar a la solución que buscamos: la pirámide y Lina Foxi. Cada equipo aportará sus pruebas e irán confeccionando un mural de evidencias mientras explican lo que han aprendido: - Del tapete “Ciudad de dioses”: guía del museo y pirámides de solución. - Del tapete “Camino de arena”: telegrama, libro de pistas y mensaje secreto. Una vez realizado el panel de prueba se hará entrega al alumnado de una carta llegada desde Londres con una serie de iconos que serán la clave secreta para ejecutar el siguiente juego interactivo que dará solución al reto.

¿Cómo termino el reto?

InnovaRetosCLM 2025 – Servicio de Innovación Educativa de JCCM Autoría: Teresa Rodríguez Callejas y Miguel Velasco Justo. Imágenes creadas con Gemini , ChatGPT y Canva.

Siguiente

Volver
BlueBot: Secretos del Desierto
MATERIALES NECESARIOS
DISPOSITIVOS
OTROS
DESCARGAS

BlueBot

    Enlace a tapetes de BLUEBOT:
    Camino de arena .
    Ciudad de dioses.
    Guía Didáctica.
    Guía App.
    Carta.

    Guía del museo.
    Pirámide de Comprobación
    Libro de pistas.
    Tutorial Tinta Mágica.
    Telegrama de Lagatha Cristie

InnovaRetosCLM 2025 – Servicio de Innovación Educativa de JCCM Autoría: Teresa Rodríguez Callejas y Miguel Velasco Justo. Imágenes creadas con Gemini , ChatGPT y Canva.
BlueBot: Secretos del Desierto
VÍDEOS Y AUDIOS

    Presentación de InnovaRetosCLM 25-26
    Inicio de reto 1 - El misterio de la piedra Rosetta
    Fin de reto 1- Captura del Culpable.
    Inicio de Reto 2- El enigma de La Pirámide.
    Resolución del caso.

InnovaRetosCLM 2025 – Servicio de Innovación Educativa de JCCM Autoría: Teresa Rodríguez Callejas y Miguel Velasco Justo. Imágenes creadas con Gemini , ChatGPT y Canva.
BlueBot: Secretos del Desierto
ENTREGAS

Para la entrega de este reto se ha puesto a disposición este formulario.

InnovaRetosCLM 2025 – Servicio de Innovación Educativa de JCCM Autoría: Teresa Rodríguez Callejas y Miguel Velasco Justo. Imágenes creadas con Gemini , ChatGPT y Canva.

Si decidimos terminar aquí nuestra aventura en Egipto (sin hacer el reto de programación), sólo nos falta abrir el siguiente juego interactivo y arrastrar los dibujos para crear secuencias de apertura. Una vez abramos la puerta, ¡habremos superado el reto!¿Qué habrá dentro de la pirámide? ¿Estará la piedra Rosetta en su interior?
Terminar el reto

En este punto, podemos optar por continuar con el reto de programación, hacer el otro reto de robótica (BlueBot) o el reto desconectado si aún no lo has hecho. Así darás cierre a la narrativa del reto de Egipto. Para ello, NO abrimos la pirámide aún y seguimos la investigación a través del entrenamiento o reto de programación:
Continuar con el reto de programación

Acceder a la pirámide

Reto desconectado

Reto robótica (Mtiny)

Reto de programación";"La actividad ""Secretos del desierto"" es una propuesta del Servicio de Innovación Educativa que tiene como objetivo iniciar al alumnado en el manejo de la programación de robots de suelo a través de la botonera del propio dispositivo o con el manejo de la App de Bluebot."
INNOVARETOS2025;InnovaRetos CLM (Fase II);"Infantil; Primaria";"2º ciclo Infantil; Primer ciclo; EBO";3-16 años;Scratch Jr;Misión: Orient Express;https://view.genially.com/69b7f07e835c8d462f80a314;Educación Infantil, Scratch Jr, Entrenamiento, INNOVARETOS;;No hay transcripción disponible para generar un resumen.
INNOVARETOS2025;InnovaRetos CLM (Fase II);"Infantil; Primaria";"2º ciclo Infantil; Primer ciclo; EBO";3-16 años;Scratch Jr;CASO ABIERTO: El Orden Secreto de Tutangatón;https://view.genially.com/69ac91ff003c56848e633a1c;Educación Infantil, Scratch Jr, Reto, Egiptología / narrativa histórica, INNOVARETOS;;No hay transcripción disponible para generar un resumen.
INNOVARETOS2025;InnovaRetos CLM (Fase II);Primaria;"Segundo ciclo; Tercer ciclo";8-12 años;Actividad desconectada;Las joyas de Tija;https://view.genially.com/6985e763edb13e2a0b11e772;Educación Primaria, Actividad desconectada, Entrenamiento, Egiptología / narrativa histórica, Gamificación / misterio, Programación, Pensamiento computacional, INNOVARETOS;"CATEGORÍA JUNIOR
Desconectada
Entrenamiento
Las joyas de Tija
Edad recomendada: A partir de 8 años
GUÍA DIDÁCTICA

Descripción

Desarrollo
Temporalización: 1-2 Sesiones

Objetivos

Materiales
Área / materia: Matemáticas Conocimiento del Medio

Vídeos
Recursos: Fotocopias Lápiz y colores

InnovaRetosCLM 2025 – Servicio de Innovación Educativa de JCCM Autoría: Fernando Albo Basco Imágenes: Gemini
Las joyas de Tija
DESCRIPCIÓN

En Las joyas de Tija el alumnado continuará las aventuras de los detectives Herclaw Poirot y Miss Miauple. En esta ocasión, los protagonistas viajan a bordo del Orient Express hasta Egipto en busca de la piedra Rosetta, donde coincidirán con Tija Lagard, una comerciante de gemas preciosas. Tija ha tenido un tropezón que ha hecho que sus joyas se descoloquen, y Herclaw y Miss Miauple tendrán que ayudarla a colocar todo de nuevo en su sitio. En este reto se propone que el alumnado realice tres tipos de actividades desconectadas en las que trabajarán el reconocimiento de distintos patrones de formas y colores y desarrollarán el pensamiento lógico-deductivo sin necesidad de dispositivos.

Volver

InnovaRetosCLM 2025 – Servicio de Innovación Educativa de JCCM Autoría: Fernando Albo Basco Imágenes: Gemini
Las joyas de Tija
DESARROLLO

Tija Lagard, comerciante de joyas, ha tenido un tropezón a bordo del Orient Express que ha hecho que sus gemas se descoloquen, y Herclaw y Miss Miauple le ayudarán a colocar todo de nuevo. Tija tiene tres maletines, y en cada uno de ellos las joyas van colocadas según unas reglas diferentes. En los iconos de la derecha se encuentran las instrucciones para poder colocar todas las gemas de manera adecuada. Para realizar estas actividades no son necesarios dispositivos, aunque las podéis hacer de dos maneras diferentes:

    Fichas imprimibles (Cuaderno de detectives) 

    Lumio

ÍNDICE

Alhajas de Damasco

Gemas de Tokio

Collares de Calcuta

Volver

InnovaRetosCLM 2025 – Servicio de Innovación Educativa de JCCM Autoría: Fernando Albo Basco Imágenes: Gemini
Gemas de Tokio
DESARROLLO

Tenéis que ayudar a Tija Lagard a colocar las gemas en el maletín de manera correcta. En esta ocasión las reglas son las siguientes:

    Cada fila tiene que tener los cuatro tipos de gemas. No puede repetirse ningún color en la misma fila. 

    Cada columna tiene que tener los cuatro tipos de gemas. No puede repetirse ningún color en la misma columna. 

    Cada grupo de cuatro casillas tiene que tener los cuatro tipos de gemas. No puede repetirse ninguna en cada cuadrante de 4 casillas.

Siguiente

Volver

InnovaRetosCLM 2025 – Servicio de Innovación Educativa de JCCM Autoría: Fernando Albo Basco Imágenes: Gemini
Alhajas de Damasco (1/2)
DESARROLLO

Para ordenar este maletín tendréis que seguir las pistas que vienen en la parte izquierda para poder ir colocando todas las joyas de manera correcta. Al finalizar siempre tiene que haber tres fichas de cada color y tres fichas de cada forma, aunque el orden puede ser muy diferente. Hay varios tipos de pistas:

    Las que nos indican la posición exacta de la gema: 

    Las que indican la forma pero no el color: 

    Las que indican el color pero no la forma:

Ver ejemplo

Volver

InnovaRetosCLM 2025 – Servicio de Innovación Educativa de JCCM Autoría: Fernando Albo Basco Imágenes: Gemini
Alhajas de Damasco (2/2)
DESARROLLO

Los detectives tienen que seguir las pistas que vienen en la parte izquierda para poder ir colocando todas las joyas de manera correcta. Tienen que combinar el patrón de color y el patrón de forma para averiguar la posición exacta de cada figura.
Solución Final
La única figura roja que no hemos puesto es el cuadrado, por tanto irá en esta casilla. En la casilla restante, irá el círculo verde, ya que es la única gema que falta.
Pista 1
Pista 2

Siguiente

Volver

InnovaRetosCLM 2025 – Servicio de Innovación Educativa de JCCM Autoría: Fernando Albo Basco Imágenes: Gemini
Collares de Calcuta

La collares de Calcuta siempre se realizan siguiendo un orden de colores y formas concreto. Para ver la pieza que falta tendrás que descubrir:

    Patrón de color
    Patrón de forma
    Seleccionar la joya que tiene ese color y esa forma

EJEMPLO:

En este collar:

    El patrón de formas es: 3 veces cada figura (falta 1 cuadrado)

    El patrón de colores es: Azul - Rojo - Verde (falta 1 verde)

    Por tanto la solución sería: Cuadrado verde

Joyas Disponibles

Volver

InnovaRetosCLM 2025 – Servicio de Innovación Educativa de JCCM Autoría: Fernando Albo Basco Imágenes: Gemini
Las joyas de Tija
OBJETIVOS

    Desarrollar el razonamiento lógico-deductivo, aplicando reglas, restricciones y relaciones espaciales para resolver retos estructurados.

    Aplicar estrategias propias del pensamiento computacional: descomposición del problema, reconocimiento de patrones, formulación de algoritmos y depuración de errores.

    Interpretar y transformar información en instrucciones operativas, pasando de pistas verbales o visuales a acciones organizadas y secuenciadas.

    Planificar y evaluar el proceso de resolución, anticipando decisiones, comprobando hipótesis y ajustando estrategias cuando sea necesario.

    Argumentar y comunicar el procedimiento seguido, utilizando un lenguaje preciso para explicar cómo se ha llegado a la solución.

Volver

InnovaRetosCLM 2025 – Servicio de Innovación Educativa de JCCM Autoría: Fernando Albo Basco Imágenes: Gemini
Las joyas de Tija
MATERIALES NECESARIOS
DESCARGAS

Fichas imprimibles (Cuaderno de detectives) Lumio (opcional)

Volver

InnovaRetosCLM 2025 – Servicio de Innovación Educativa de JCCM Autoría: Fernando Albo Basco Imágenes: Gemini
Las joyas de Tija
VÍDEOS

    Presentación de InnovaRetosCLM 25-26
    Fin del Reto 1 - La caza del culpable
    Inicio del Reto 2 - El enigma de la pirámide 

Volver

InnovaRetosCLM 2025 – Servicio de Innovación Educativa de JCCM Autoría: Fernando Albo Basco Imágenes: Gemini";Tija Lagard, comerciante de joyas, ha tenido un tropezón a bordo del Orient Express que ha hecho que sus gemas se descoloquen, y Herclaw y Miss Miauple le ayudarán a colocar todo de nuevo. Tija tiene tres maletines, y en cada uno de ellos las joyas van colocadas según unas reglas diferentes.
INNOVARETOS2025;InnovaRetos CLM (Fase II);Primaria;"Segundo ciclo; Tercer ciclo";8-12 años;Actividad desconectada;El templo del faraón desconocido;https://view.genially.com/699443a29319fc2407aaf86d;Educación Primaria, Actividad desconectada, Reto, Egiptología / narrativa histórica, Gamificación / misterio, Pensamiento computacional, INNOVARETOS;"CATEGORÍA JUNIOR
Desconectada
Reto
El templo del faraón desconocido
Edad recomendada: A partir de 8 años
GUÍA DIDÁCTICA

Descripción

Desarrollo
Temporalización: 1-2 Sesiones

Objetivos

Materiales
Área / materia: Matemáticas Conocimiento del medio

Vídeos

Entregas
Recursos: Fichas imprimibles Lápiz Colores (opcional)

InnovaRetosCLM 2025 – Servicio de Innovación Educativa de JCCM Autoría: Fernando Albo Basco Imágenes: Gemini
El templo del faraón desconocido
DESCRIPCIÓN

En El templo del faraón desconocido el alumnado continuará las aventuras de los detectives Herclaw Poirot y Miss Miauple. Después del viaje en el Orient Express los dos protagonistas llegan a Egipto. Siguiendo el rastro del ladrón, llegan a un templo en el cual tendrán que descifrar varios acertijos que les acercarán a la piedra. En este reto se propone que el alumnado realice tres tipos de actividades desconectadas (también disponibles en Lumio) en las que trabajarán el reconocimiento de distintos patrones de formas y colores y desarrollarán el pensamiento lógico-deductivo sin necesidad de dispositivos.

Volver

InnovaRetosCLM 2025 – Servicio de Innovación Educativa de JCCM Autoría: Fernando Albo Basco Imágenes: Gemini
El templo del faraón desconocido
DESARROLLO
ÍNDICE

Tras llegar a Egipto, los detectives continúan su investigación en el templo de un misterioso faraón, cuya identidad es desconocida para todos. En este templo tendréis que entrar en tres salas diferentes y resolver varios acertijos ordenando las joyas del faraón de manera adecuada. Cada una de las salas tiene unas reglas diferentes para poder resolver los retos correctamente. En el menú de la derecha se encuentran las instrucciones de cada una de las salas. Al resolver cada uno de los acertijos obtendréis una letra. Una vez que tengáis todas las letras descubriréis el nombre del faraón y podréis ingresar en la última estancia (La sala del faraón), donde conseguiréis una pista que os ayudará a encontrar la piedra Rosetta. Las actividades pueden realizarse de dos maneras:

    Fichas imprimibles (Cuaderno de detectives)

    Lumio 

La sala del halcón

La sala de los gatos

La sala del escarabajo

La sala del faraón

Volver

InnovaRetosCLM 2025 – Servicio de Innovación Educativa de JCCM Autoría: Fernando Albo Basco Imágenes: Gemini
La sala del halcón (1/2)

En esta sala tendréis que ordenar nueve joyas como las de la imagen de la derecha. Al finalizar siempre tiene que haber tres figuras de cada color y tres de cada forma, aunque el orden puede ser muy diferente. Para poder colocarlas tendréis que seguir las pistas de colores y formas que ha dejado el faraón. Hay varios tipos de pistas:

    Las que nos indican la posición exacta de la gema: 

    Las que indican la forma pero no el color: 

    Las que indican el color pero no la forma:

Volver

Ver ejemplo

InnovaRetosCLM 2025 – Servicio de Innovación Educativa de JCCM Autoría: Fernando Albo Basco Imágenes: Gemini
La sala del halcón (2/2)

Los detectives tendrán que seguir las pistas que vienen en la parte izquierda para poder ir colocando todas las joyas de manera correcta. Deben combinar el patrón de color y el patrón de forma para averiguar la posición exacta de cada figura.
Pista 1
Pista 2
Solución
La única figura verde que no hemos puesto es el óvalo, por tanto irá en esta casilla. En la casilla restante, irá el rombo amarillo, ya que es la única gema que falta.

Volver

Siguiente

InnovaRetosCLM 2025 – Servicio de Innovación Educativa de JCCM Autoría: Fernando Albo Basco Imágenes: Gemini
La sala de los gatos

En esta sala hay cuatro tipos de joyas. Las reglas para colocarlas son similares a las de un sudoku:

    Cada fila tiene que tener los cuatro tipos de gemas. No puede repetirse ningún color en la misma fila. 

    Cada columna tiene que tener los cuatro tipos de gemas. No puede repetirse ningún color en la misma columna. 

    Cada grupo de cuatro casillas tiene que tener los cuatro tipos de gemas. No puede repetirse ninguna en cada cuadrante de 4 casillas.

Inicio
Solución

Volver

Siguiente

InnovaRetosCLM 2025 – Servicio de Innovación Educativa de JCCM Autoría: Fernando Albo Basco Imágenes: Gemini
La sala del escarabajo

En esta sala Herclaw y Miss Miauple se encuentran collares a los que les falta una de las piezas. Las joyas de los collares siempre siguen un orden concreto. Para poder saber qué pieza es la que falta tendrán que seguir estos pasos:

    Identificar el patrón de color
    Identificar el patrón de forma
    Seleccionar la joya que tiene ese color y esa forma

Joyas para elegir

EJEMPLO:

    El patrón de formas es: 2 veces cada figura (falta 1 cuadrado)

    El patrón de colores es: Amarillo - Verde - Morado (falta 1 morado)

    Por tanto la gema que falta es: Cuadrado morado

Siguiente

Volver

InnovaRetosCLM 2025 – Servicio de Innovación Educativa de JCCM Autoría: Fernando Albo Basco Imágenes: Gemini
La sala del faraón
Cuando hayas resuelto todos los acertijos, une las letras obtenidas en el mismo orden en el que has hecho los retos y tendrás el nombre del faraón secreto. Introduce el nombre en minúsculas para ver la pista final que te ayudará a encontrar la piedra Rosetta.

Introduce aquí el nombre

Volver

InnovaRetosCLM 2025 – Servicio de Innovación Educativa de JCCM Autoría: Fernando Albo Basco Imágenes: Gemini

Escribe el nombre del faraón en minúsculas
El templo del farón desconocido
OBJETIVOS

    Desarrollar el pensamiento lógico-deductivo mediante el análisis de pistas, la eliminación de opciones y la obtención de conclusiones.
    Aplicar estrategias de resolución de problemas formulando hipótesis, comprobando soluciones y tomando decisiones fundamentadas.

    Reconocer patrones, relaciones y estructuras espaciales para fortalecer el pensamiento computacional y la organización de la información.

    Potenciar la atención, la concentración y la perseverancia al enfrentarse a retos que requieren precisión, constancia y autonomía.

Volver

InnovaRetosCLM 2025 – Servicio de Innovación Educativa de JCCM Autoría: Fernando Albo Basco Imágenes: Gemini
El templo del faraón desconocido
MATERIALES NECESARIOS
OTROS
DESCARGAS

Lumio

Fichas imprimibles Guía didáctica

Volver

InnovaRetosCLM 2025 – Servicio de Innovación Educativa de JCCM Autoría: Fernando Albo Basco Imágenes: Gemini
El templo del farón desconocido
VÍDEOS

    Presentación de InnovaRetosCLM 25-26 

    Fin de reto 1 - Captura del culpable
    Inicio del reto 2 - El enigma de la pirámide 

Volver

InnovaRetosCLM 2025 – Servicio de Innovación Educativa de JCCM Autoría: Fernando Albo Basco Imágenes: Gemini
El templo del faraón desconocido
ENTREGAS

En este apartado te indicaremos los pasos a seguir para entregar tu proyecto: 1. Evidencias necesarias:

    Fotografías o vídeo del alumnado (sin que se le vea la cara) mientras realiza alguno de los retos.

    Fotografía del cuaderno de detectives con los registros del alumnado. 

2. Proceso de entrega: Incluye las evidencias necesarias en un documento denominado ""nombrecentro_clase"" y rellena el formulario. Recuerda que debes enviar un documento por cada clase que haga el reto.

Formulario

Volver

InnovaRetosCLM 2025 – Servicio de Innovación Educativa de JCCM Autoría: ";Tras llegar a Egipto, los detectives continúan su investigación en el templo de un misterioso faraón, cuya identidad es desconocida para todos. En este templo tendréis que entrar en tres salas diferentes y resolver varios acertijos ordenando las joyas del faraón de manera adecuada.
INNOVARETOS2025;InnovaRetos CLM (Fase II);Primaria;"Segundo ciclo; Tercer ciclo";8-12 años;Lego Spike;Ingenieros del Orient Express;https://view.genially.com/69a6a13276832da1401eb7b2;Educación Primaria, Lego Spike Prime, Entrenamiento, Egiptología / narrativa histórica, Gamificación / misterio, Robótica educativa, Programación, Pensamiento computacional, STEAM, INNOVARETOS;"CATEGORÍA JUNIOR
Actividad de robótica
ENTRENAMIENTO 1
Ingenieros del Orient Express
Edad recomendada: A partir de 8 años
GUÍA DIDÁCTICA

Descripción

Desarrollo
Temporalización: 3 sesiones (45 min.)

Objetivos

Materiales
Área / materia: Conocimiento del Medio

Vídeos
Recursos: Ordenador o tablet Kit Lego Spike Prime

InnovaRetosCLM 25/26 – Servicio de Innovación Educativa de JCCM Autoría: Jose Carlos Cortés Martínez Imágenes creadas con Gemini
Ingenieros del Orient Express
DESCRIPCIÓN

En la actividad “Ingenieros del Orient Express”, el alumnado de Educación Primaria se iniciará en la construcción y programación de un tren utilizando el kit de aprendizaje STEAM Lego Spike Prime. Durante el desarrollo de la actividad, el alumnado diseñará y construirá el legendario Orient Express. Para ello, se proponen diferentes niveles de dificultad en función de las habilidades de los alumnos y de si han trabajado previamente con este dispositivo. Una vez construido, deberán hacer que su tren se desplace de forma autónoma. Para ello se realizará una programación básica en la herramienta educativa LEGO Education Spike.

Obra publicada con Licencia Creative Commons CC BY-NC-SA InnovaRetosCLM 2025 – Servicio de Innovación Educativa de JCCM

Volver
Ingenieros del Orient Express
DESARROLLO

Esta actividad está planteada para realizarla en dos fases: Construcción y Programación. Construcción: Los alumnos tienen que construir el Orient Express. Se plantean diferentes niveles de dificultad para adaptarlo al nivel de los alumnos (2 sesiones). Programación: Una vez construido el Orient Express, los alumnos tendrán que programarlo para que se mueva. Para ello, realizaremos una breve introducción a la herramienta educativa LEGO Education Spike. (1 sesión).

Construye tu Orient Express

Programa tu Orient Express

Obra publicada con Licencia Creative Commons CC BY-NC-SA InnovaRetosCLM 2025 – Servicio de Innovación Educativa de JCCM

Volver
Ingenieros del Orient Express
INTRODUCCIÓN A LA HISTORIA

Hace unas semanas, la Piedra de Rosetta fue robada del Museo Británico de Londres y transportada hasta Egipto.Mientras Lagatha Christie y su equipo viajaban hasta allí en el Orient Express, su tren sufrió un grave problema y se desmontó en pequeñas piezas.Nuestros detectives necesitan urgentemente ingenieros que vuelvan a reconstruir su tren y que lo pongan en marcha. ¿Seréis capaces de ayudarles?

Obra publicada con Licencia Creative Commons CC BY-NC-SA InnovaRetosCLM 2025 – Servicio de Innovación Educativa de JCCM

Siguiente
Ingenieros del Orient Express
CONSTRUCCIÓN

Para la construcción del Orient Express vais a utilizar el kit Lego Spike Prime y necesitaréis trabajar en equipo. Os proponemos tres variantes, a través de las cuales podéis llevar a cabo esta misión. Solo tenéis que elegir la que consideréis más adecuada a vuestro nivel.

Obra publicada con Licencia Creative Commons CC BY-NC-SA InnovaRetosCLM 2025 – Servicio de Innovación Educativa de JCCM

Anterior

Siguiente
Ingenieros del Orient Express
CONSTRUCCIÓN

Nivel Básico. Construcción de baja dificultad que se realiza siguiendo instrucciones paso a paso, sin requerir gran precisión ni habilidades avanzadas. 50 pasos.

Nivel Experto. Construcción compleja siguiendo las indicaciones de un vídeo, requiriendo gran precisión y habilidades avanzadas. 130 pasos.

Nivel Creativo. permite una construcción libre, en la que cada grupo puede desarrollar sus propias ideas.

Obra publicada con Licencia Creative Commons CC BY-NC-SA InnovaRetosCLM 2025 – Servicio de Innovación Educativa de JCCM

Anterior
Ingenieros del Orient Express
OBJETIVOS

    Desarrollar habilidades STEAM..
    Desarrollar el pensamiento computacional.
    Introducir conceptos básicos de robótica e ingeniería.
    Desarrollar la creatividad y la resolución de problemas.
    Fomentar el trabajo en equipo y la colaboración.

Obra publicada con Licencia Creative Commons CC BY-NC-SA InnovaRetosCLM 2025 – Servicio de Innovación Educativa de JCCM

Volver
Ingenieros del Orient Express
MATERIALES NECESARIOS
DISPOSITIVOS
DESCARGAS

Ordenadores o tablets Kit Lego Spike Prime

Montaje paso a paso Tarjetas Pruebas de seguridad

Obra publicada con Licencia Creative Commons CC BY-NC-SA InnovaRetosCLM 2025 – Servicio de Innovación Educativa de JCCM

Volver
Ingenieros del Orient Express
VÍDEOS ANTERIORES

    Presentación de InnovaRetosCLM 25-26
    Inicio de reto 1 - El misterio de la piedra Rosetta

    Fin de reto 1 - Captura del culpable
    Inicio de reto 2 - El enigma de la pirámide 

Obra publicada con Licencia Creative Commons CC BY-NC-SA InnovaRetosCLM 2025 – Servicio de Innovación Educativa de JCCM

Volver
Ingenieros del Orient Express
PROGRAMACIÓN

Una vez que habéis conseguido reconstruir el tren, para ayudar a nuestros detectives necesitamos que lo pongáis en marcha y que así puedan llegar hasta Egipto y recuperar la Piedra de Rosetta. Para que seais capaces de conseguirlo, hemos creado un breve tutorial que os ayudará a conocer los elementos básicos que os permitirán realizar pruebas de seguridad, antes de que el Orient Express comience su travesía hasta Egipto.

Comenzar pruebas

Obra publicada con Licencia Creative Commons CC BY-NC-SA InnovaRetosCLM 2025 – Servicio de Innovación Educativa de JCCM

Volver

Siguiente
Ingenieros del Orient Express
INICIO DE LAS PRUEBAS DE SEGURIDAD

Para evitar que nuestro tren deje tirados a los detectives a mitad de camino, tienes que seguir paso a paso las diferentes pruebas antes de comenzar el viaje. Comenzaremos descargando la aplicación que nos permite controlar nuestro tren.
INDICE

Descarga de app

Encendemos pantallas

Información básica de la app

Arrancando motores

Iniciando sistema

Probando sensores

MiniReto

Arrancando máquinas

Obra publicada con Licencia Creative Commons CC BY-NC-SA InnovaRetosCLM 2025 – Servicio de Innovación Educativa de JCCM

Volver

Siguiente
Descarga de la aplicación
LEGO Education Spike

El primer paso para trabajar con LEGO Educatión Spike sería descargar la aplicación en nuestro dispositivo. Sugerimos descargar la aplicación, ya que la conexión por bluetooth del Hub funciona mejor que si lo hacemos desde la web y además, no necesitaremos estar conectados a internet para trabajar. Si no tienes la posibilidad de descargar la aplicación, también te facilitamos el enlace para trabajar online, pero necesitarás conexión a internet.

ENLACE A PÁGINA WEB

ENLACE A DESCARGA DE LA APLICACIÓN

Obra publicada con Licencia Creative Commons CC BY-NC-SA InnovaRetosCLM 2025 – Servicio de Innovación Educativa de JCCM

Anterior

Siguiente
Información básica de la aplicación

Una vez descargada la aplicación (o si nos hemos conectado a la web), esta es la pantalla de inicio que nos encontraremos. Vemos una doble opción SPIKE Essential o SPIKE Prime. Nosotros seleccionaremos la opción SPIKE Prime, ya que es el kit que tenemos.

Obra publicada con Licencia Creative Commons CC BY-NC-SA InnovaRetosCLM 2025 – Servicio de Innovación Educativa de JCCM

Anterior

Siguiente
Información básica de la aplicación

Esta es la página principal de Spike Prime. Puedes tocar los diferentes aparatados para conocer su función.

Obra publicada con Licencia Creative Commons CC BY-NC-SA InnovaRetosCLM 2025 – Servicio de Innovación Educativa de JCCM

Anterior

Siguiente
Iniciando sistema

Una vez que hemos conocido los elementos básicos de la herramienta, vamos a realizar un nuevo proyecto que nos permita iniciar los diferentes elementos de nuestro Orient Express. Para ello, el primer paso es hacer clic en ""Nuevo Proyecto"" y, posteriormente, seleccionar el tipo de lenguaje que queremos utilizar.

Obra publicada con Licencia Creative Commons CC BY-NC-SA InnovaRetosCLM 2025 – Servicio de Innovación Educativa de JCCM

Anterior

Siguiente
Iniciando sistema

Para conseguir que nuestro tren inicie todos sus elementos, vamos a seleccionar ""Bloque de palabra"". Después, haremos clic en ""Crear"". Una vez hecho esto, nos aparecerá la siguiente pantalla.

Obra publicada con Licencia Creative Commons CC BY-NC-SA InnovaRetosCLM 2025 – Servicio de Innovación Educativa de JCCM

Anterior

Siguiente
Conocemos los elementos del sistema

Para comenzar, vamos a conocer los elementos que nos aparecen en la interfaz de Lego Spike Prime.

Obra publicada con Licencia Creative Commons CC BY-NC-SA InnovaRetosCLM 2025 – Servicio de Innovación Educativa de JCCM

Anterior

Siguiente
¡Arrancando máquinas!

Para conectar el Hub a nuestro ordenador o tablet, el primer paso será encenderlo. Para ello, tendremos que mantener presionado el botón de encendido un par de segundos.

Después, haremos clic en el botón conectar de nuestra tablet u ordenador.

Obra publicada con Licencia Creative Commons CC BY-NC-SA InnovaRetosCLM 2025 – Servicio de Innovación Educativa de JCCM

Anterior

Siguiente
¡Arrancando máquinas!

A continuación, seguiremos los pasos que nos indica la aplicación en nuestro dispositivo.

Si el botón de encendido aparece iluminado en verde, podemos comenzar a trabajar sin problemas. Si el botón de encendido aparece iluminado en blanco, nos pedirá que conectemos el Hub a nuestro dispositivo mediante el cable.

Obra publicada con Licencia Creative Commons CC BY-NC-SA InnovaRetosCLM 2025 – Servicio de Innovación Educativa de JCCM

Anterior

Siguiente
¡Arrancando máquinas!

Si el botón está verde, podemos comenzar a trabajar.

Paso 1. Haz clic en el botón de tu dispositivo.

Paso 2. La aplicación te pedira que pulses el botón de bluetooth de tu Hub.

Paso 3. Tu Hub comenzará a emitir un pitido intermitente y aparecerá un nueva ventana. Selecciona tu Hub y conectar.

Obra publicada con Licencia Creative Commons CC BY-NC-SA InnovaRetosCLM 2025 – Servicio de Innovación Educativa de JCCM

Anterior

Siguiente
¡Arrancando máquinas!

Si se ha conectado correctamente, la aplicación volverá a la interfaz principal.

Podrás observar como aparece un tic verde al lado del símbolo del Hub.

Aparecerán también otros símbolos, que hacen referencia a los motores y al sensor de color. Le letra que hay al lado es muy importante, porque indica en qué puertos están conectados esos motores y el sensor, por lo que es fundamental conocerlo para programar su funcionamiento.

Obra publicada con Licencia Creative Commons CC BY-NC-SA InnovaRetosCLM 2025 – Servicio de Innovación Educativa de JCCM

Anterior

Siguiente
¡Encendemos las pantallas del tren!

Nuestra primera prueba está relacionada con el encendido de pantallas.

Después, iremos hasta “Luz”, y haremos lo mismo con “Mostrar Hello”.

En primer lugar, iremos a ""Eventos"" y arrastraremos “Cuando se inicia el programa”.

Por último, haremos clic en la palabra ""Hello"" y lo cambiaremos por ""Londres"".

Obra publicada con Licencia Creative Commons CC BY-NC-SA InnovaRetosCLM 2025 – Servicio de Innovación Educativa de JCCM

Anterior

Siguiente
¿Encendemos las pantallas del tren!

Recuerda que, para ejecutar la programación, tendrás que hacer clic en el botón ""Ejecutar"" de la pantalla de tu ordenador o tablet.

Para detenerla, tendrás que hacer clic en el botón ""Parar"" de la pantalla de tu ordenador o tablet.

Vídeo

Obra publicada con Licencia Creative Commons CC BY-NC-SA InnovaRetosCLM 2025 – Servicio de Innovación Educativa de JCCM

Anterior

Siguiente
¡Arrancando motores!

Nuestra segunda prueba está relacionada con el encendido de motores.

Iremos hasta la sección “Movimiento”, y arrastraremos “Fijar A y B como motores en movimiento”

A continuación, arrastramos el bloque de programación ""Fijar velocidad de movimiento al 50%"". Con este bloque determinamos la velocidad a la que queremos que se mueva el Orient Express.

Obra publicada con Licencia Creative Commons CC BY-NC-SA InnovaRetosCLM 2025 – Servicio de Innovación Educativa de JCCM

Anterior

Siguiente
¡Arrancando motores!

Para modificar la velocidad de nuestro tren, tendremos que cambiar el número haciendo clic en el mismo. Si lo haces con una tablet, al tocar el número te aparecerá el teclado para escribir.

Cuanto mayor sea el número, más rápido se moverá. Para hacer las primeras pruebas, haremos que nuestro tren se mueva al 30 %.

Obra publicada con Licencia Creative Commons CC BY-NC-SA InnovaRetosCLM 2025 – Servicio de Innovación Educativa de JCCM

Anterior

Siguiente
¡Arrancando motores!

Por último, utilizaremos el bloque de programación ""Mover durante 10 rotaciones"". Si hacemos clic en la flecha podemos determinar la dirección en que queremos que se mueva el tren , y si clicamos en el despegable final, podemos cambiar rotaciones por los segundos que queremos que se mueva.

Obra publicada con Licencia Creative Commons CC BY-NC-SA InnovaRetosCLM 2025 – Servicio de Innovación Educativa de JCCM

Anterior

Siguiente
¡Arrancando motores!

Si hacemos clic en la flecha podemos determinar la dirección en que queremos que se mueva el tren. Como estamos haciendo pruebas, cambiaremos el 10 por un 5. Por último, cambiaremos rotaciones por los segundos, para controlar el tiempo de movimiento.

Una vez finalizado todo, haremos clic en ""Ejecutar"", para comprobar que el tren se mueve.

Vídeo

Obra publicada con Licencia Creative Commons CC BY-NC-SA InnovaRetosCLM 2025 – Servicio de Innovación Educativa de JCCM

Anterior

Siguiente
¡Probando sensores de seguridad!

Nuestra tercera prueba está relacionada con el sensor de colores.

Además de utilizar el bloque de evento ""Cuando se inicia el programa"", podemos usar otros eventos que nos sirvan para que nuestro tren se mueva. Entre ellos encontramos el evento ""Cuando el color es"".

Si hacemos clic la pestaña, nos aparecerá un desplegable en el que aparecen los diferentes colores que lee nuestro sensor.

Obra publicada con Licencia Creative Commons CC BY-NC-SA InnovaRetosCLM 2025 – Servicio de Innovación Educativa de JCCM

Anterior

Siguiente
¡Probando sensores de seguridad!

Para trabajar con este sensor, le vamos a pedir que cuando lea un color determinado, ejecute una acción.

Paso 2. Selecciona Movimientos y Arrastra los bloques ""Fijar A y B como motores en movimiento"", ""Fijar velocidad de movimiento al 50%"" y ""Empezar a mover"".

Paso 1. Selecciona Eventos, arrastra el bloque ""Cuando el color es"". Después selecciona el color verde.

Obra publicada con Licencia Creative Commons CC BY-NC-SA InnovaRetosCLM 2025 – Servicio de Innovación Educativa de JCCM

Anterior

Siguiente
¡Probando sensores de seguridad!

Paso 3. Haz clic con el botón derecho del ratón en el bloque ""Cuando el color es (verde)"" y selecciona ""Duplicar"". Con ello conseguimos copiar toda esa programación. Si trabajas con tablet, mantén presionado ese bloque.

Obra publicada con Licencia Creative Commons CC BY-NC-SA InnovaRetosCLM 2025 – Servicio de Innovación Educativa de JCCM

Anterior

Siguiente
¡Probando sensores de seguridad!

Paso 4. En ese nuevo bloque de programación, vamos a cambiar el color verde por azul, cambiamos la velocidad al 20% (hacemos clic en el número para cambiarlo) y modificamos la dirección en que se mueve nuestro tren haciendo clic en la flecha y seleccionando la contraria.

Obra publicada con Licencia Creative Commons CC BY-NC-SA InnovaRetosCLM 2025 – Servicio de Innovación Educativa de JCCM

Anterior

Siguiente
¡Probando sensores de seguridad!

Paso 5. Vamos a volver a hacer lo mismo, pero ahora queremos que cuando lea el color rojo, nuestro tren se detenga.

Para ello, seleccionamos eventos, y arrastramos el bloque de programación ""Cuando el color es"", y en este caso vamos a hacer clic en el color rojo.

Obra publicada con Licencia Creative Commons CC BY-NC-SA InnovaRetosCLM 2025 – Servicio de Innovación Educativa de JCCM

Anterior

Siguiente
¡Probando sensores de seguridad!

Paso 6. Nos dirigimos a la sección ""Movimientos"" y arrastramos el bloque de programación ""Parar movimiento"".

Obra publicada con Licencia Creative Commons CC BY-NC-SA InnovaRetosCLM 2025 – Servicio de Innovación Educativa de JCCM

Anterior

Siguiente
¡Probando sensores de seguridad!

Si hemos seguido todos los pasos marcados nos quedará una programación similar a esta.

Obra publicada con Licencia Creative Commons CC BY-NC-SA InnovaRetosCLM 2025 – Servicio de Innovación Educativa de JCCM

Anterior

Siguiente
¡Probando sensores de seguridad!
MiniReto

Te proponemos un pequeño reto para finalizar las pruebas de seguridad. Cuando el sensor de color de nuestro Orient Express detecte el color amarillo, debe reducir su velocidad al 10%.¿Serás capaz de conseguirlo?

Vídeo

Obra publicada con Licencia Creative Commons CC BY-NC-SA InnovaRetosCLM 2025 – Servicio de Innovación Educativa de JCCM

Anterior

Siguiente
¡Probando sensores de seguridad!
PRUEBA DE SENSORES

Para finalizar vamos a comprobar que todos los sensores de nuestro tren funcionan correctamente.Para hacerlo, os damos varias opciones, pero solo debéis seleccionar una:

    Podéis imprimir las ""Tarjetas para las pruebas de seguridad"" que te facilitamos en el enlace.

    Si disponéis de cartulinas de colores, podéis diseñar y recortar vuestras propias tarjetas para pruebas de seguridad (los colores deben ser lo más parecidos posible a las piezas de LEGO para que el sensor los reconozca).

    Podéis dibujar vuestras propias tarjetas en un folio blanco y colorearlas (los colores deben ser lo más parecidos posible a las piezas de LEGO para que el sensor los reconozca).

Vídeo

Tarjetas

Obra publicada con Licencia Creative Commons CC BY-NC-SA InnovaRetosCLM 2025 – Servicio de Innovación Educativa de JCCM

Anterior

Unidades: Nos da acceso a diferentes unidades didácticas. Podemos encontrar diversas construcciones dentro de cada una de ellas, junto a su programación.

Ayuda: Nos aporta información básica sobre los diferentes tipos de programación y nos facilita el contacto con el soporte técnico.

Esta pestaña nos permite cambiar el tipo de kit y seleccionar entre Essential o Prime sin necesidad de salirde la aplicatión.

Comenzar: Nos lleva a un tutorial de actividades con diferentes elementos del kitt.

Ajustes: Nos da acceso a los ajustes básicos de la aplicación. Nos permite cambiar el idioma o consultar las condiciones generales.

Construir: Nos da acceso al paso a paso de diferentes construcciones.

Bloques de icono: Lenguaje de programación básico basado en bloques de icono, similar a Scratch Junior.

Bloques de palabra: Lenguaje de programación intermedio que utiliza bloques de palabra, similar a Scratch 3.0.

Mis proyectos: Nos da acceso a todos los proyectos que tengamos guardados dentro del equipo con el que estamos trabajando.

Aquí aparecen los proyectos recientes con los que hemos estado trabajando.

Inicio: Nos lleva a la ventana principal.

Nuevo proyecto: Nos permite crear un proyecto desde cero. Para ello, el primer paso sería seleccionar el tipo de lenguaje de programación que queremos utilizar.

Comenzar: Nos lleva a un tutorial de actividades con diferentes elementos del kitt.

Python: Lenguaje de programación textual de alto nivel.
Producto
Plantillas
Por qué Genially
Primeros pasos
Tour de Genially
Precios
Para quién
Empresas
Educación
Universidad
Diseño
Aprende
Genially Academy
Blog
Centro de ayuda
Compañía
Quiénes somos
Únete al equipo
Contacto
Estado del sistema
Crear contenidos interactivos es fácil, muy fácil
Comenzar ahora";Esta actividad está planteada para realizarla en dos fases: Construcción y Programación. Construcción: Los alumnos tienen que construir el Orient Express. Se plantean diferentes niveles de dificultad para adaptarlo al nivel de los alumnos (2 sesiones).
INNOVARETOS2025;InnovaRetos CLM (Fase II);Primaria;"Segundo ciclo; Tercer ciclo";8-12 años;Lego Spike;Viajamos en el Orient Express;https://view.genially.com/69c0f1241494fb325b604d5c;Educación Primaria, Lego Spike Prime, Reto, Egiptología / narrativa histórica, Gamificación / misterio, Robótica educativa, Programación, Pensamiento computacional, STEAM, INNOVARETOS;"CATEGORÍA JUNIOR
Actividad de robótica
RETO 1
Viajamos en el Orient Express
Edad recomendada: A partir de 8 años
GUÍA DIDÁCTICA

Descripción

Desarrollo
Temporalización: De 1 a 3 sesiones (45 min.)

Objetivos

Materiales
Área / materia: Conocimiento del Medio

Vídeos

Entregas
Recursos: Ordenador o tablet Kit Lego Spike Prime

InnovaRetosCLM 25/26 – Servicio de Innovación Educativa de JCCM Autoría: Jose Carlos Cortés Martínez Imágenes creadas con Gemini
Viajamos en el Orient Express
DESCRIPCIÓN

En la actividad “Viajamos en el Orient Express”, el alumnado de Educación Primaria se iniciará en la construcción y programación de un tren utilizando el kit de aprendizaje STEAM Lego Spike Prime. Para el desarrollo de la actividad, el alumnado debería haber realizado el entrenamiento ""Ingenieros del Orient Express"", ya que en el mismo se construye el tren y se aprende a manejar sus sensores. Una vez construido y realizadas las primeras pruebas de seguridad, el alumnado comenzará el viaje que le conduzca a localizar la legendaria Piedra de Rosetta.

Obra publicada con Licencia Creative Commons CC BY-NC-SA InnovaRetosCLM 2025 – Servicio de Innovación Educativa de JCCM

Volver
Viajamos en el Orient Express
DESARROLLO

Esta actividad está planteada para realizarla en una o dos sesiones. Si no has realizado el entrenamiento, y todavía no has construido el Orient Express, tienes que empezar por ahí. Programación del Viaje: Una vez construido nuestro Orient Express en el entrenamiento, el alumnado tendrá que programarlo para que llegue hasta Egipto. Para ello,utilizaremos la herramienta educativa LEGO Education Spike. (1 sesión). Construcción (Solo si no has realizado el entrenamiento): Para poder comenzar el viaje, el alumnado tiene que construir el Orient Express. Se plantean diferentes niveles de dificultad para adaptarlo al nivel de los alumnos (2 sesiones).

Programa tu viaje Orient Express

Construye tu Orient Express

Obra publicada con Licencia Creative Commons CC BY-NC-SA InnovaRetosCLM 2025 – Servicio de Innovación Educativa de JCCM

Siguiente
Viajamos en el Orient Express
INTRODUCCIÓN A LA HISTORIA

Hace unas semanas, la Piedra de Rosetta fue robada del Museo Británico de Londres y transportada hasta Egipto.Tras un grave problema por el que el tren se desmontó, nuestro equipo de ingeniería ha conseguido reconstruirlo y los detectives están listos para comenzar el viaje. Solo nos queda programar nuestro Orient Express para que pueda realizar el trayecto desde la estación de Victoria en Londres hasta la estación de Luxor en Egipto. ¿Seréis capaces de ayudarles?

Vídeo

Obra publicada con Licencia Creative Commons CC BY-NC-SA InnovaRetosCLM 2025 – Servicio de Innovación Educativa de JCCM

Siguiente
Viajamos en el Orient Express
COMIENZA LA AVENTURA

El famoso tren Orient Express comenzará su viaje en pocos minutos, mientras nuestros detectives observan por la ventana con emoción. No es un viaje cualquiera, parte de la ciudad de Londres, desde la estación de Victoria, y su destino es la misteriosa ciudad de Luxor, donde les espera una de los restos arqueológicos más importantes de la historia, la Piedra de Rosetta.

Obra publicada con Licencia Creative Commons CC BY-NC-SA InnovaRetosCLM 2025 – Servicio de Innovación Educativa de JCCM

Anterior

Siguiente
Viajamos en el Orient Express
PROGRAMACIÓN DEL VIAJE

Para conseguir que nuestro tren pueda completar el trayecto, necesita cumplir con todas las normas de seguridad que encontrará durante el recorrido. Vuestra misión será programar el tren para identificar las distintas estaciones que se encuentre, así como respetar la velocidad en los diferentes puntos señalizados en el recorrido.
PLAN DE VIAJE

Normas de seguridad

Pantallas

Acceso a la pirámide

Vídeo

Obra publicada con Licencia Creative Commons CC BY-NC-SA InnovaRetosCLM 2025 – Servicio de Innovación Educativa de JCCM

Anterior

Siguiente
Viajamos en el Orient Express
PLAN DE VIAJE
NORMAS DE SEGURIDAD

Durante el trayecto, el tren deberá cumplir las siguientes normas de seguridad:

    Salida al 5% de su velocidad.
    Siempre que el tren se aproxime a una estación (color amarillo), deberá circular al 10%.
    En los tramos sin estaciones (color verde), podrá circular a velocidad del 50%.
    Cuando el tren llegue al final (color rojo), deberá detenerse.

Obra publicada con Licencia Creative Commons CC BY-NC-SA InnovaRetosCLM 2025 – Servicio de Innovación Educativa de JCCM

Anterior

Siguiente
Viajamos en el Orient Express
PLAN DE VIAJE
PANTALLAS

Durante el trayecto, el tren deberá informar de las ciudades por las que pasa:

    Londres (color azul).
    Paris (color rosa).
    Estambul (color negro).
    Luxor (color rojo).

Obra publicada con Licencia Creative Commons CC BY-NC-SA InnovaRetosCLM 2025 – Servicio de Innovación Educativa de JCCM

Anterior

Siguiente
Viajamos en el Orient Express
PLAN DE VIAJE
TRAYECTO

El tren realizará el siguiente recorrido:

    Salida desde Londres.
    La primera ciudad por la que pasa Paris.
    Continúa el trayecto pasando por Estambul.
    Fin de viaje en Luxor.

Trayecto

Obra publicada con Licencia Creative Commons CC BY-NC-SA InnovaRetosCLM 2025 – Servicio de Innovación Educativa de JCCM

Anterior

Siguiente
Viajamos en el Orient Express
TRAYECTO

Para realizar el viaje, solo nos queda montar el recorrido de nuestro tren.Para hacerlo, os damos varias opciones, pero solo debéis seleccionar una:

    Podéis imprimir el ""Recorrido Londres-Luxor"" que te facilitamos en el enlace, y pegarlo en el suelo.

    Podéis dibujar vuestras propia vía en papel contínuo blanco y colorearlo (los colores deben ser lo más parecidos posible a las piezas de LEGO para que el sensor los reconozca). SI VAIS A UTILIZAR LOS MISMOS COLORES, ES IMPORTANTE QUE DIBUJÉIS LAS VÍAS DE COLOR MARRÓN.

Recorrido Londres - Luxor

Tarjetas ciudades y velocidad

Vídeo

Obra publicada con Licencia Creative Commons CC BY-NC-SA InnovaRetosCLM 2025 – Servicio de Innovación Educativa de JCCM

Anterior

Siguiente
Viajamos en el Orient Express
CONSIGUE TU INSIGNIA

Una vez que hayas contruido tu tren y conseguido que respete todas las normas de seguridad del recorrido, puedes obtener tu insignia de InnovaRetos.Para hacerlo, solo tienes que grabar un vídeo en el que se vea a los alumnos (si es posible sin que se vean sus caras) mientras su tren realiza el recorrido Londres - Luxor. Cuando tengas el vídeo, ve al apartado entregas y sigue las intrucciones.

Entregas

Solo te queda un paso más para convertirte en un auténtico detective, y ayudar a Lagatha Christie y su equipo a descubrir lo que ha ocurrido con la Piedra de Rosetta. ¿Te atreves? Pues intenta acceder a la pirámide.

Pirámide

Obra publicada con Licencia Creative Commons CC BY-NC-SA InnovaRetosCLM 2025 – Servicio de Innovación Educativa de JCCM

Anterior

Siguiente
Viajamos en el Orient Express
ACCESO A LA PIRÁMIDE
FIN DE TRAYECTO

Ahora os espera una misión muy especial. El Orient Express ha realizado un largo viaje pasando por distintas estaciones. Pero algo misterioso ha ocurrido… ¡ha dejado pistas ocultas en cada parada! Vuestra tarea será convertiros en auténticos detectives y resolver un enigma. Para lograrlo, tendréis que buscar con atención el símbolo que aparece en la estación en la que se ha detenido.

Estaciones

Obra publicada con Licencia Creative Commons CC BY-NC-SA InnovaRetosCLM 2025 – Servicio de Innovación Educativa de JCCM

Volver

Siguiente
Viajamos en el Orient Express
ACCESO A LA PIRÁMIDE

Cuando resolváis los retos de programación y desconectas de la categoría Junior, descubriréis los otros dos símbolos y podréis entrar en la pirámide para descubrir qué ha pasado con la piedra Rosetta. Si ya habéis superado los tres retos... Ahora es vuestro turno. ¿Os atrevéis a colocar los tres símbolos correctos para abrir la pirámide y descubrir qué ha pasado con la Piedra de Rosetta?

Pirámide

Obra publicada con Licencia Creative Commons CC BY-NC-SA InnovaRetosCLM 2025 – Servicio de Innovación Educativa de JCCM

Volver
Viajamos en el Orient Express
CONSTRUCCIÓN

Si no habéis realizado el entrenamiento, y vuestro Orient Express aún no está operativo, el primer paso debería ser construirlo. Para ello, vais a utilizar el kit Lego Spike Prime y necesitaréis trabajar en equipo. Os proponemos tres variantes, a través de las cuales podéis llevar a cabo esta misión. Solo tenéis que elegir la que consideréis más adecuada a vuestro nivel.

Obra publicada con Licencia Creative Commons CC BY-NC-SA InnovaRetosCLM 2025 – Servicio de Innovación Educativa de JCCM

Siguiente
Viajamos en el Orient Express
CONSTRUCCIÓN

Nivel Básico. Construcción de baja dificultad que se realiza siguiendo instrucciones paso a paso, sin requerir gran precisión ni habilidades avanzadas. 50 pasos.

Nivel Experto. Construcción compleja siguiendo las indicaciones de un vídeo, requiriendo gran precisión y habilidades avanzadas. 130 pasos.

Nivel Creativo. permite una construcción libre, en la que cada grupo puede desarrollar sus propias ideas.

Obra publicada con Licencia Creative Commons CC BY-NC-SA InnovaRetosCLM 2025 – Servicio de Innovación Educativa de JCCM

Anterior
Viajamos en el Orient Express
OBJETIVOS

    Desarrollar habilidades STEAM..
    Desarrollar el pensamiento computacional.
    Introducir conceptos básicos de robótica e ingeniería.
    Desarrollar la creatividad y la resolución de problemas.
    Fomentar el trabajo en equipo y la colaboración.

Obra publicada con Licencia Creative Commons CC BY-NC-SA InnovaRetosCLM 2025 – Servicio de Innovación Educativa de JCCM

Volver
Viajamos en el Orient Express
MATERIALES NECESARIOS
DISPOSITIVOS
DESCARGAS

Ordenadores o tablets Kit Lego Spike Prime

- Montaje paso a paso - Tarjetas Estaciones - Recorrido completo Londres- Luxor

Obra publicada con Licencia Creative Commons CC BY-NC-SA InnovaRetosCLM 2025 – Servicio de Innovación Educativa de JCCM

Volver
Viajamos en el Orient Express
VÍDEOS

    Presentación de InnovaRetosCLM 25-26
    Inicio de reto 1 - El misterio de la piedra Rosetta

    Fin de reto 1 - Captura del culpable
    Inicio de reto 2 - El enigma de la pirámide 

Obra publicada con Licencia Creative Commons CC BY-NC-SA InnovaRetosCLM 2025 – Servicio de Innovación Educativa de JCCM

Volver
Viajamos en el Orient Express
ENTREGAS

En este apartado te indicaremos los pasos a seguir para entregar tu proyecto: 1. Evidencias necesarias: Realiza un vídeo del alumnado (sin que se le vea la cara) mientras su tren completa el trayecto Londres - Luxor. 2. Proceso de entrega: Rellena el formulario y adjunta el vídeo. Recuerda que debes enviar un vídeo por cada clase que haga el reto.

Formulario

Obra publicada con Licencia Creative Commons CC BY-NC-SA InnovaRetosCLM 2025 – Servicio de Innovación Educativa de JCCM

Volver";Esta actividad está planteada para realizarla en una o dos sesiones. Si no has realizado el entrenamiento, y todavía no has construido el Orient Express, tienes que empezar por ahí. Programación del Viaje: Una vez construido nuestro Orient Express en el entrenamiento, el alumnado tendrá que…
INNOVARETOS2025;InnovaRetos CLM (Fase II);Primaria;"Segundo ciclo; Tercer ciclo";8-12 años;"Scratch 3.0.0; Makey Makey";Entrenamiento: Mapa interactivo;https://view.genially.com/69980bd12f147ed51c8501f7;Educación Primaria, Scratch 3.0 con Makey Makey, Entrenamiento, Egiptología / narrativa histórica, Gamificación / misterio, Programación, Pensamiento computacional, Makey Makey, INNOVARETOS;"CATEGORÍA JUNIOR
Entrenamiento
Lenguaje de programación
Entrenamiento: Mapa interactivo
Edad recomendada: A partir de los 8 años
Temporalización: 2 sesiones (50 min cada una)
Área / materia: Conocimiento del Medio
Recursos: Placa programable y Scratch 3.0
GUÍA DIDÁCTICA

Objetivos

Materiales

Desarrollo

Descripción

Detective Herclaw Poirot
InnovaRetosCLM 25/26 – Servicio de Innovación Educativa de JCCM Imágenes creadas con Gemini y ChatGPT
Mapa interactivo: De Londres a Egipto
DESCRIPCIÓN

El entrenamiento “Mapa interactivo: De Londres a Egipto” es una propuesta del Servicio de Innovación Educativa de JCCM diseñada para introducir a los alumnos en la lógica de la programación y la resolución de problemas de forma manipulativa e innovadora. Al utilizar Scratch 3.0 y la placa programable Makey Makey se trabajan varios pilares fundamentales del Pensamiento Computacional. En esta actividad el alumnado se familiarizará con las tres partes de la historia desde us inicio: INTRODUCCIÓN-NUDO-DESENLACE, grabando su voz y haciéndolas interactivas. INTRODUCCIÓN: robo de la piedra de Rosseta en el Museo de Londres.NUDO: viaje de los sospechosos en el tren Loren Expres.DESENLACE: Ocurre en Egipto, justo en uno de sus monumentos emblemáticos.

Siguiente

Volver
InnovaRetosCLM 25/26 – Servicio de Innovación Educativa de JCCM Imágenes creadas con Gemini y ChatGPT
DESARROLLO - SESIÓN 1 (A, B y C)

A. La sesión comienza cuando escuchamos en gran grupo la Historia en sus diferentes partes: 1. INTRODUCCIÓN. 2. NUDO 3. DESENLACE

B. El alumnado deberá tomar nota, porque tendrá que elaborar una frase resumen de cada parte. Por ejemplo en la parte 1 de la historia: ""En Londres han Robado la Piedra de Rosetta del Museo Británico.
Mapa interactivo: De Londres a Egipto

C. El docente reparte los mapas interactivos. Los mayores los pueden intentar dibujar en tamaño folio y los más pequeños de 3º o 4º los podrían colores. Os dejamos 2 modelos imprimibles.

CONSEJO:

Para hacer nuestro mapa más resistente podemos pegarlo a una base de cartón DINA 4. ¡Reutiliza todo lo que puedas!

Sesión 1

Sesión 3

Sesión 2

Siguiente

Volver
InnovaRetosCLM 25/26 – Servicio de Innovación Educativa de JCCM Imágenes creadas con Gemini y ChatGPT
Mapa interactivo: De Londres a Egipto

Sesión 2

Sesión 1

Sesión 3
DESARROLLO - SESIÓN 2 (A, B, C y D)

En esta segunda sesión el alumnado por parejas ya tiene una frase para cada parte y debe ponerse manos a la obra para establecer las conexiones entre el cableado, el mapa y la placa Makey Makey.

Siguiente

Anterior

A. Ahora ponemos la parte metálica con unos encuadernadores en los tres puntos de nuestra historia.

B. Realizamos las primeras conexiones. Con un ejemplo de la flecha de arriba veréis lo fácil que es. Importante colocar el cable de Tierra al que nos tenemos que conectar.

Cable verde a la flecha

Cable blanco a la Tierra y en contacto con la manos

C. Vamos a Scratch 3.0 y habilitamos la extensión

Encuadernadores puestos

Habilitamos la extensión

Clicando sobre le logo

D. Vamos a Scratch 3.0 y habilitamos la extensión

Y cuando graban la voz ya se queda para introducirla en la programación

Conecta la placa al ordenador
InnovaRetosCLM 25/26 – Servicio de Innovación Educativa de JCCM Imágenes creadas con Gemini y ChatGPT
Mapa interactivo: De Londres a Egipto

Sesión 1

Sesión 3

Sesión 2
DESARROLLO - SESIÓN 3

Ya solo queda probar si lo programado y si las conexiones están bien para realizar la prueba con nuestro mural.
Recuerda que esto ha sido un entrenamiento asi que esperamos que te haya servido para el reto al que puedes acceder directamente desde aquí.

Siguiente

RETO

Anterior
InnovaRetosCLM 25/26 – Servicio de Innovación Educativa de JCCM Imágenes creadas con Gemini y ChatGPT
Mapa interactivo: De Londres a Egipto
OBJETIVOS:

    Desarrollar la capacidad de crear una secuencia lógica de instrucciones.
    Aprender a dividir un problema en tareas que lo componen: personajes, escondites, asociación de colores, conexión de las diferentes partes de la placa Makey Makey.
    Identificar la vinculación de la expresión oral, las partes de una historia y la grabación de audios al pensamiento computacional mediante aplicaciones y extensiones.

Siguiente

Anterior
InnovaRetosCLM 25/26 – Servicio de Innovación Educativa de JCCM Imágenes creadas con Gemini y ChatGPT
Mapa interactivo: De Londres a Egipto
MATERIALES NECESARIOS
DISPOSITIVOS
DESCARGAS

Placa Makey Makey

Scratch 3.0 instalado u online Mapas interactivos color b/n
OTROS

Encuadernadores

Ordenador mejor o tablet

RETO

Anterior
InnovaRetosCLM 25/26 – Servicio de Innovación Educativa de JCCM Imágenes creadas con Gemini";Ya solo queda probar si lo programado y si las conexiones están bien para realizar la prueba con nuestro mural. Recuerda que esto ha sido un entrenamiento asi que esperamos que te haya servido para el reto al que puedes acceder directamente desde aquí.
INNOVARETOS2025;InnovaRetos CLM (Fase II);Primaria;"Segundo ciclo; Tercer ciclo";8-12 años;"Scratch 3.0.0; Makey Makey";ESCONDITES DE EGIPTO;https://view.genially.com/699ea5c95c2ad768d2a07221;Educación Primaria, Scratch 3.0 con Makey Makey, Reto, Egiptología / narrativa histórica, Gamificación / misterio, Programación, Pensamiento computacional, Makey Makey, INNOVARETOS;"CATEGORÍA JUNIOR
RETO
Lenguaje de programación
ESCONDITES DE EGIPTO
Edad recomendada: A partir de los 8 años
GUÍA DIDÁCTICA

Desarrollo

Descripción
Temporalización: 1 - 2 sesiones (50 min.)

Materiales

Objetivos
Área / materia: Conocimiento del Medio y Matemáticas

Vídeos

Contraseña
Recursos: Makey Makey y Scratch 3.0

Entregas
InnovaRetosCLM 25/26 – Servicio de Innovación Educativa de JCCM Imágenes creadas con Gemini y ChatGPT
DESCRIPCIÓN

Lagata Crhistie coordina la Operación desde Londres para capturar al culpable del robo de la piedra de Rosetta.

Herclaw y Miauple están en el tren y han llegado a Egipto persiguiendo a los sospechos.

Los sospechosos han viajado en tren y pretenden esconderse en diferentes monumentos Egipcios.

Tendréis que grabar con voz dónde se han escondido los sospechosos.

El RETO “ESCONDITES DE EGIPTO” es una propuesta del Servicio de Innovación Educativa de JCCM diseñada para introducir al alumnado en la lógica de la programación y la resolución de problemas de forma manipulativa e innovadora. Al utilizar Scratch 3.0 y la placa programable Makey Makey se trabajan varios pilares fundamentales del Pensamiento Computacional.

Lo ideal es trabajarlo en grupos de tres, donde cada grupo tenga una placa Makey y un ordenador o tablet .
ESCONDITES DE EGIPTO
ESCONDITES DE EGIPTO

Volver
InnovaRetosCLM 25/26 – Servicio de Innovación Educativa de JCCM Imágenes creadas con Gemini y ChatGPT
ESCONDITES DE EGIPTO

Sesión 1
DESARROLLO - SESIÓN 1 (1/2)

Antes del reto contextualizamos con la visualización del vídeo introductorio añadiéndole algo de misterio con la llegada de Herclaw Poirot y Miss Miauple a Egipto. El objetivo del reto es encontrar una letra egipcia que sirve para abrir una pirámide y además para superarlo se deben adjuntar las evidencias del uso de Makey Maky y Scratch 3.0

La primera actividad es la superación de un juego por parejas. Así ya sabréis en qué monumento se esconden nuestros granujas ladronzuelos.

Superado el juego de las parejas, el docente les entrega la hoja que los alumnos convertirán en interactiva (está adaptada a ciclos) Recortan la que les convenga.

Ya podéis ir escribiendo las frases. indicando: ""El sospechoso X se ha escondido en el templo"". Así ya solo os queda grabarlas.

Lo ideal es que ANOTÉIS LAS PAREJAS de la solución del juego para tener claro dónde se han escondido.

Siguiente

Anterior
InnovaRetosCLM 25/26 – Servicio de Innovación Educativa de JCCM Imágenes creadas con Gemini y ChatGPT
ESCONDITES DE EGIPTO

Sesión 1
DESARROLLO - SESIÓN 1 (2/2)
EN EL ENTRENAMIENTO TIENES TODO SOBRE LAS CONEXIONES

Para la segunda y útlima parte de la sesión los alumnos deben realizar las conexiones:

En extensiones se habilita la placa Makey Makey y en sonido se graba.

Se graban los audios con este formato: ""El sospechoso llamado __________ se ha escondido en la Pirámide"".

En total son 5 audios uno por cada Sospechoso y lugar donde se ha escondido. Así como cinco conexiones en la placa. Ya solo queda conectar la placa a nosostros y a la HOJA DE INVESTIGACIÓN INTERACTIVA.

Ya se queda en ""Sonidos""para añadir a la parte de la placa que quiera, incluso editado con otro nombre

En este caso, esa figura verde representa al TEMPLO KARNAK

Y en el audio debéis indicar quién se ha escondido allí.

Siguiente

Anterior
InnovaRetosCLM 25/26 – Servicio de Innovación Educativa de JCCM Imágenes creadas con Gemini y ChatGPT
ESCONDITES DE EGIPTO
CONTRASEÑA
¿Qué sospechoso/a se ha escondido entre las estatuas egipcias de Ramsés II?

Introduce aquí el nombre

Volver
InnovaRetosCLM 25/26 – Servicio de Innovación Educativa de JCCM Imágenes creadas con Gemini y ChatGPT

Escribe el nombre en minúscula, sin espacios y sin tildes

Introduce la contraseña
ESCONDITES DE EGIPTO
OBJETIVOS

    Desarrollar la capacidad de crear una secuencia lógica de instrucciones.
    Aprender a dividir un problema en tareas que lo componen: personajes, escondites, asociación de colores, conexión de las diferentes partes de la placa Makey Makey.
    Identificar la vinculación de la expresión oral y grabación de audios al pensamiento computacional mediante aplicaciones y extensiones.

Siguiente

Volver
InnovaRetosCLM 25/26 – Servicio de Innovación Educativa de JCCM Imágenes creadas con Gemini y ChatGPT
ESCONDITES DE EGIPTO
MATERIALES NECESARIOS
DISPOSITIVOS
DESCARGAS
OTROS

Dados
OTROS

Placa Makey Makey

Scratch 3.0 instalado u online Hoja de investigación

Encuadernadores

Ordenador mejor o tablet

Obra publicada con Licencia Creative Commons CC BY-NC-SA InnovaRetosCLM 2025 – Servicio de Innovación Educativa de JCCM

Siguiente

Volver
ESCONDITES DE EGIPTO
VÍDEOS

    Fin de reto 1 - Captura del culpable
    Inicio del Reto 2- Enigma en la Pirámide.
    Fin de reto 2- Acceso a la Pirámide

¡Novedad!

Siguiente

Volver
InnovaRetosCLM 25/26 – Servicio de Innovación Educativa de JCCM Imágenes creadas con Gemini y ChatGPT
ESCONDITES DE EGIPTO
ENTREGAS

En este apartado te indicaremos los pasos a seguir para entregar tu proyecto:

1. Las evidencias necesarias para obtener la insignia correspondiente son las siguientes:

        Fotografías del alumnado manipulando y conectando la HOJA DE INVESTIGACIÓN INTERACTIVA.
        Un video breve de cómo funciona el audio tocando la HOJA INTERACTIVA.

2. Proceso de entrega. Incluye toda la información anterior en un fichero denominado ""nombrecentro_curso_reto"". Ve al formulario de entregas para la Categoría JUNIOR, rellena los campos y adjunta el fichero con las evidencias.

Entregar evidencias

Obra publicada con Licencia Creative Commons CC BY-NC-SA InnovaRetosCLM 2025 – Servicio de Innovación Educativa de JCCM

Volver";Lagata Crhistie coordina la Operación desde Londres para capturar al culpable del robo de la piedra de Rosetta. Herclaw y Miauple están en el tren y han llegado a Egipto persiguiendo a los sospechos. Los sospechosos han viajado en tren y pretenden esconderse en diferentes monumentos Egipcios.
INNOVARETOS2025;InnovaRetos CLM (Fase II);Secundaria;"1º ESO; 2º ESO; 3º ESO";12-15 años;Actividad desconectada;El rastro de Alan en el Orient Express;https://view.genially.com/6995a409514010b9baa02362;Educación Secundaria, Actividad desconectada, Entrenamiento, Egiptología / narrativa histórica, Gamificación / misterio, Pensamiento computacional, Trabajo cooperativo, INNOVARETOS;"ENTRENAMIENTO 1
CATEGORÍA GENIUS
Desconectada
El rastro de Alan en el Orient Express
Edad recomendada: A partir de 12 años
GUÍA DIDÁCTICA

Descripción

Desarrollo
Temporalización: 1 sesión (55 min.)

Objetivos

Materiales
Área / materia: Matemáticas, Tecnología y Digitalización, Física y Química, Biología y Geología.

Sospechosos

Vídeos

Entregas
Recursos: Material imprimible
InnovaRetosCLM 25/26 – Servicio de Innovación Educativa de JCCM Autoría: Thomas Rondet Imágenes creadas con Gemini y Grok
El rastro de Alan en el Orient Express
DESCRIPCIÓN

El reto “El rastro de Alan en el Orient Express” es una propuesta del Servicio de Innovación Educativa de JCCM diseñada para trabajar el pensamiento computacional y la resolución estratégica de problemas a través de una narrativa gamificada. A lo largo de la actividad, el alumnado acompañará a la detective Lagatha Christie y a su equipo en la persecución de Alan Salton tras el robo de la Piedra de Rosetta. Mediante cinco retos consecutivos —basados en lógica, análisis de redes, planificación de rutas y razonamiento temporal— deberán descifrar pistas, optimizar recursos y verificar hipótesis para avanzar en la investigación. La propuesta combina narrativa y desafíos tipo Bebras para fomentar el razonamiento estructurado, la toma de decisiones fundamentadas y el trabajo cooperativo en un contexto lúdico. Para una explicación más detallada puede consultarse la Guía Didáctica.
Guía y solución para el profesorado

Obra publicada con Licencia Creative Commons CC BY-NC-SA InnovaRetosCLM 2025 – Servicio de Innovación Educativa de JCCM

Volver
El rastro de Alan en el Orient Express

Reto 5

Reto 1

Reto 4

Reto 3

Reto 2
DESARROLLO

El reto comienza con una actividad de motivación inicial, llevando a cabo la visualización del vídeo introductorio de la fase 2 añadiéndole algo de misterio. Se recuerdan los personajes Lagatha Christie, Herclaw Poirot y Miss Miauple. La propuesta se estructura en cinco retos consecutivos que deben resolverse en orden. Cada uno se introduce a través de la narrativa integrada en el Genially, que marca el contexto y da sentido a la actividad. Es imprescindible leerla antes de abordar cada reto. Los retos deben imprimirse previamente y entregarse a cada grupo, de modo que toda la clase avance de forma sincronizada en la resolución de los retos. Cada reto se activa dentro del Genially al pulsar el botón correspondiente. Al hacerlo, se abre una ventana emergente con el contenido necesario para su desarrollo. El docente es quien dirige la narrativa, marca el ritmo de la sesión y abre el tiempo destinado a la resolución de cada uno de los cinco retos.

¡Próximamente!

Obra publicada con Licencia Creative Commons CC BY-NC-SA InnovaRetosCLM 2025 – Servicio de Innovación Educativa de JCCM

Siguiente
El rastro de Alan en el Orient Express

Reto 5

Reto 1

Reto 4

Reto 3

Reto 2
RETO 1

La detective Lagatha Christie no se equivoca: si la Piedra de Rosetta salió de Londres, tuvo que hacerlo en tren. Miss Miauple y Herclaw Poirot han llegado a la Estación Central con una única misión: averiguar cómo Alan Salton logró introducir la pieza robada en el Orient Express sin levantar sospechas. El registro oficial de viajeros está guardado en un antiguo cofre de seguridad. El problema es que el guarda encargado de custodiarlo es tremendamente olvidadizo. Para no perder la combinación, dejó anotadas una serie de pistas… pero, como suele ocurrir, las escribió en clave. Vuestra misión es descifrar la secuencia correcta de símbolos que abre el candado. Cuando logréis abrir el cofre, accederéis al registro de viajeros. Y entonces sabremos si Alan Salton viajó solo… o si alguien le ayudó.

Acceso al reto 1

Obra publicada con Licencia Creative Commons CC BY-NC-SA InnovaRetosCLM 2025 – Servicio de Innovación Educativa de JCCM

Siguiente
El rastro de Alan en el Orient Express

Reto 5

Reto 1

Reto 4

Reto 3

Reto 2
RETO 2

Miss Miauple abre el registro de viajeros esperando encontrar un nombre… pero lo que aparece es aún más inquietante. Los ocho sospechosos que Lagatha Christie tenía bajo vigilancia estuvieron en la estación el mismo día que desapareció la Piedra de Rosetta. Hay un dato clave: solo quedaba un billete de primera clase para el Orient Express. Alan Salton consiguió subir al tren. No pudo hacerlo solo. Tres de los sospechosos colaboraron activamente para que obtuviera ese último billete. Los otros cuatro no participaron. Vuestra misión es identificar exactamente qué tres personas actuaron como cómplices. No basta con sospechar. Solo una combinación de tres nombres encaja perfectamente con todas las condiciones.

Acceso al reto 2

Obra publicada con Licencia Creative Commons CC BY-NC-SA InnovaRetosCLM 2025 – Servicio de Innovación Educativa de JCCM

Siguiente
El rastro de Alan en el Orient Express

Reto 5

Reto 1

Reto 4

Reto 3

Reto 2
RETO 3

Cuando el tren por fin abandonó la estación, Alan Salton aprovechó un descuido del maquinista y accedió a la sala de máquinas. Cuando el maquinista ve a Miss Miauple y a Herclaw Poirot les alerta: la consola de control ha sido comprometida. El sistema que regula el motor está formado por múltiples nodos interconectados, cada uno equivalente a un procesador que mantiene el tren en funcionamiento. Según el diagnóstico preliminar, dos virus se han propagado por la red interna. El problema es crítico: si la infección no se contiene correctamente, el motor no arrancará. Disponéis de una cantidad limitada de antivirus. No podéis proteger todos los nodos.

Acceso al reto 3

Obra publicada con Licencia Creative Commons CC BY-NC-SA InnovaRetosCLM 2025 – Servicio de Innovación Educativa de JCCM

Siguiente
El rastro de Alan en el Orient Express

Reto 5

Reto 1

Reto 4

Reto 3

Reto 2
RETO 4

Alan ha logrado sabotear el motor, pero no pudo quedarse en la sala de máquinas. Salió del vagón tractor y se introdujo en el siguiente: el depósito de carbón que alimenta la locomotora. El interior no es un espacio abierto. El carbón está almacenado formando muros compactos que crean un auténtico laberinto. Además, la carga está distribuida en dos alturas. Alan puede desplazarse por la planta superior o por la inferior y, en determinados puntos, saltar de una a otra. Lo que no puede hacer es atravesar los muros de carbón. Hay que saber cuánto tiempo tardó en recorrerlo, porque varios testigos afirman cifras diferentes. Los investigadores deben saber si pueden fiarse de alguno de ellos.

Acceso al reto 4

Obra publicada con Licencia Creative Commons CC BY-NC-SA InnovaRetosCLM 2025 – Servicio de Innovación Educativa de JCCM

Siguiente
El rastro de Alan en el Orient Express

Reto 5

Reto 1

Reto 4

Reto 3

Reto 2
RETO 5

Tras atravesar el vagón del carbón, los detectives localizan a un anciano ferroviario que lo vio todo. Ahora saben que es un testigo fiable. Sabe algo crucial sobre cómo salió la Piedra de Rosetta de Londres. Pero no hablará todavía. Está indignado. Acaba de perder una partida contra un viejo amigo y está convencido de que le han hecho trampas. Si queréis su información, primero debéis resolver su disputa. El juego no es un tres-en-raya normal. Es una variante llamada eco-tres-en-raya: las fichas no permanecen para siempre en el tablero. Cada ficha dura exactamente tres turnos. Después, desaparece.

Acceso al reto 5

Obra publicada con Licencia Creative Commons CC BY-NC-SA InnovaRetosCLM 2025 – Servicio de Innovación Educativa de JCCM

Siguiente
El rastro de Alan en el Orient Express
OBJETIVOS

    Desarrollar el pensamiento lógico y computacional mediante la resolución de problemas con reglas, restricciones y procesos dinámicos.
    Aplicar estrategias de análisis y toma de decisiones optimizando recursos limitados en distintos escenarios.
    Argumentar soluciones basadas en evidencias, verificando hipótesis y descartando conclusiones intuitivas sin fundamento.

Obra publicada con Licencia Creative Commons CC BY-NC-SA InnovaRetosCLM 2025 – Servicio de Innovación Educativa de JCCM

Volver
El rastro de Alan en el Orient Express
MATERIALES NECESARIOS
DESCARGAS

Retos alumnado Soluciones para docentes Guía didáctica

Obra publicada con Licencia Creative Commons CC BY-NC-SA InnovaRetosCLM 2025 – Servicio de Innovación Educativa de JCCM

Volver
El rastro de Alan en el Orient Express
VÍDEOS

    Presentación de InnovaRetosCLM 25-26
    Inicio de reto 2 - El enigma de la pirámide 

¡Próximamente!

Obra publicada con Licencia Creative Commons CC BY-NC-SA InnovaRetosCLM 2025 – Servicio de Innovación Educativa de JCCM

Volver
El rastro de Alan en el Orient Express
PASO AL RETO 2

Tras completar el entrenamiento, el equipo de detectives ya está preparado para enfrentarse a una investigación real. Las habilidades que habéis puesto en práctica, analizar pistas, descifrar códigos, planificar estrategias y comprobar hipótesis, serán ahora fundamentales. El rastro de la Piedra de Rosetta continúa, y nuevas pistas han aparecido lejos de Londres. Es momento de aplicar todo lo aprendido. Comienza el reto.

Obra publicada con Licencia Creative Commons CC BY-NC-SA InnovaRetosCLM 2025 – Servicio de Innovación Educativa de JCCM

Volver
El vagón del carbón

Este reto está basado en una actividad Bebras de búsqueda de caminos en un espacio con dos niveles superpuestos. Tenemos un escenario dividido en casillas, con muros que impiden el paso entre algunas de ellas. Existen dos plantas exactamente alineadas: cada casilla del nivel superior coincide verticalmente con una del nivel inferior. Las reglas del movimiento son: Se puede avanzar a una casilla contigua en la misma planta si no hay muro. (1 segundo) No se pueden atravesar muros. Se puede cambiar de planta pasando a la casilla equivalente del otro nivel (cuando el diseño lo permita). (5 segundos subir, 1 segundo bajar)
Tenéis el reto explicado con más detalle en la hoja del reto.
La red infectada de Alan Salton

Tenemos una red de ordenadores representada mediante nodos conectados entre sí. Inicialmente, dos nodos están infectados: uno por el virus tipo 1 y otro por el virus tipo 2. Cada “día”, cada virus se propaga a todos los nodos directamente conectados a los que ya tiene infectados. Si un nodo llega a estar infectado por ambos virus, se sobrecarga y se desactiva. Los nodos desactivados dejan de propagar la infección en los días siguientes. Con el paso del tiempo, todos los nodos terminan infectados o desactivados. El objetivo no es eliminar todos los virus, sino decidir en qué ordenadores conviene instalar el antivirus para garantizar que el sistema siga funcionando.
El cofre del guarda

El registro oficial de viajeros está guardado en un antiguo cofre de seguridad. Como Arthur, el guarda encargado de custodiarlo, es tremendamente olvidadizo dejó anotadas una serie de pistas… pero, como suele ocurrir, las escribió en clave.
Tenéis el reto explicado con más detalle en la hoja del reto.";El reto comienza con una actividad de motivación inicial, llevando a cabo la visualización del vídeo introductorio de la fase 2 añadiéndole algo de misterio. Se recuerdan los personajes Lagatha Christie, Herclaw Poirot y Miss Miauple.
INNOVARETOS2025;InnovaRetos CLM (Fase II);Secundaria;"1º ESO; 2º ESO; 3º ESO";12-15 años;Actividad desconectada;El destino de la Piedra de Rosetta;https://view.genially.com/69a818acde9e1f1b2e749b62;Educación Secundaria, Actividad desconectada, Reto, Fomento de la lectura, Egiptología / narrativa histórica, Gamificación / misterio, Programación, Pensamiento computacional, Trabajo cooperativo, INNOVARETOS;"RETO 1
CATEGORÍA GENIUS
Desconectada
El destino de la Piedra de Rosetta
Edad recomendada: A partir de 12 años
GUÍA DIDÁCTICA

Descripción

Desarrollo
Temporalización: 1 sesión (55 min.)

Objetivos

Materiales
Área / materia: Matemáticas, Tecnología y Digitalización, Física y Química, Biología y Geología.

Sospechosos

Vídeos

Entregas
Recursos: Material imprimible
InnovaRetosCLM 25/26 – Servicio de Innovación Educativa de JCCM Autoría: Thomas Rondet Imágenes creadas con Gemini y Grok
El destino de la Piedra de Rosetta
DESCRIPCIÓN

El destino de la Piedra de Rosetta es una propuesta del Servicio de Innovación Educativa de la JCCM orientada al desarrollo del pensamiento computacional y la resolución estratégica de problemas mediante una narrativa gamificada. A lo largo de la experiencia, el alumnado acompaña a los detectives en la persecución del destino de la Piedra de Rosetta. A través de cinco retos consecutivos deberán interpretar información, modelizar situaciones, contrastar hipótesis y tomar decisiones fundamentadas para avanzar en la investigación. La propuesta integra narrativa y desafíos inspirados en el formato Bebras, promoviendo el cambio de representación, la descomposición de problemas, la identificación de patrones y el trabajo cooperativo en un entorno lúdico y exigente. Para una explicación más detallada sobre la fundamentación pedagógica, la secuenciación y las orientaciones metodológicas, puede consultarse la Guía Didáctica.
Guía para el alumnado

Obra publicada con Licencia Creative Commons CC BY-NC-SA InnovaRetosCLM 2025 – Servicio de Innovación Educativa de JCCM

Volver
El destino de la Piedra de Rosetta

Reto 5

Reto 1

Reto 4

Reto 3

Reto 2
DESARROLLO

La propuesta se organiza en cinco retos consecutivos que deben resolverse en orden, ya que cada uno aporta información clave para avanzar en la investigación. Se comienza con una actividad motivación, mediante la visualización del vídeo introductorio correspondiente a la fase 2, presentado en clave narrativa para generar expectativa y situar al alumnado en el contexto de la historia. La lectura atenta de esta narrativa es imprescindible antes de iniciar la resolución, ya que contiene información relevante para comprender la situación. Los materiales de cada reto deben imprimirse previamente y entregarse a los grupos de trabajo, permitiendo que toda la clase avance de manera sincronizada. El docente asume un papel clave en la dinamización de la sesión: dirige la narrativa, regula los tiempos, activa cada reto y establece el momento de inicio y cierre de la resolución.

¡Próximamente!

Obra publicada con Licencia Creative Commons CC BY-NC-SA InnovaRetosCLM 2025 – Servicio de Innovación Educativa de JCCM

Siguiente
El destino de la Piedra de Rosetta

Reto 5

Reto 1

Reto 4

Reto 3

Reto 2
RETO 1

Hay interferencias graves en los aparatos electrónicos. En la estación de Luxor las pantallas muestran código extraños donde antes había información clara. En esta ocasión, la pista no está en un objeto físico, sino en la información que ha ido dejando tras de sí. Un mensaje aparentemente caótico, una secuencia que a simple vista parece desordenada… pero que responde a una lógica precisa. Herclaw Poirot sospecha que no se trata de un simple código, sino de una estructura que debe interpretarse correctamente. Miss Miauple ya ha detectado que hay una regularidad, aunque no es evidente. Vuestra misión es analizar la información disponible, descubrir la regla que la organiza y reconstruir el mensaje correcto.

Obra publicada con Licencia Creative Commons CC BY-NC-SA InnovaRetosCLM 2025 – Servicio de Innovación Educativa de JCCM

Siguiente
El destino de la Piedra de Rosetta

Reto 5

Reto 1

Reto 4

Reto 3

Reto 2
RETO 2

La pista obtenida en el primer desafío conduce al equipo una cafetería en el zoco de Luxor. Allí se encuentran con Mia Buenavista jugando al piedra, papel y tijeras. Ella asegura que ha ganado, pero sus contrincantes no están muy convecidos. Si queréis que hable, tendréis que ayudarla. Miss Miauple ha logrado reconstruir parte de la secuencia de jugadas, pero no todas. Herclaw Poirot sospecha que el resultado de ese enfrentamiento no fue casual: alguien necesitaba asegurarse de ganar. Vuestra misión es analizar las rondas registradas y determinar qué estrategia se estaba siguiendo. ¿Fue azar? ¿Hubo patrón? Si comprendéis la lógica del juego, entenderéis el acuerdo que se selló en ese vagón. Y eso os acercará un paso más al destino de la Piedra de Rosetta.

Obra publicada con Licencia Creative Commons CC BY-NC-SA InnovaRetosCLM 2025 – Servicio de Innovación Educativa de JCCM

Siguiente
El destino de la Piedra de Rosetta

Reto 5

Reto 1

Reto 4

Reto 3

Reto 2
RETO 3

En el zoco, Mia Buenavista revela a los detectives una nueva pista: en un viejo baúl cercano se encuentra un antiguo proyector de estrellas utilizado para orientarse en el desierto. Debido a las interferencias provocadas por la activación de la Piedra de Rosetta, los sistemas GPS no funcionan, así que el equipo deberá recurrir a este mecanismo tradicional para encontrar la siguiente localización. El proyector está desmontado y su manual de montaje aparece escrito en un extraño lenguaje numérico conocido como el Código de Thot. Cada número indica distancias en las varillas del mecanismo y el número de estrellas (pesos) que deben colgar de sus extremos para que la estructura quede equilibrada. El objetivo del reto es interpretar correctamente el código y reconstruir el móvil de constelaciones. Si lo consiguen, las estrellas señalarán el siguiente destino de la investigación en el desierto cercano a Luxor.

Obra publicada con Licencia Creative Commons CC BY-NC-SA InnovaRetosCLM 2025 – Servicio de Innovación Educativa de JCCM

Siguiente
El destino de la Piedra de Rosetta

Reto 5

Reto 1

Reto 4

Reto 3

Reto 2
RETO 4

Las constelaciones del proyector señalan el siguiente destino: una pirámide situada en las cercanías de Luxor. Al llegar, los detectives se encuentran con el guardián del recinto. Antes de permitirles el paso, les propone ayudarle con uno de sus curiosos pasatiempos. El guardián dedica su tiempo a observar las telarañas que aparecen en las puertas del complejo y a analizar cómo están conectados sus puntos de anclaje. Para ello utiliza una tabla especial donde registra cada unión entre los puntos de la red. En este reto, el alumnado deberá interpretar las conexiones de la telaraña y representarlas correctamente en una tabla de doble entrada, identificando qué puntos están unidos entre sí. Si logran reconstruir correctamente la red del guardián, los detectives podrán continuar su camino hacia el interior de la pirámide.

Obra publicada con Licencia Creative Commons CC BY-NC-SA InnovaRetosCLM 2025 – Servicio de Innovación Educativa de JCCM

Siguiente
El destino de la Piedra de Rosetta

Reto 5

Reto 1

Reto 4

Reto 3

Reto 2
RETO 5

Tras resolver el desafío del guardián, los detectives pueden avanzar por el interior del recinto hasta llegar a una antigua puerta de ladrillos que bloquea el acceso a la pirámide. Los bloques parecen formar una estructura inestable que alguien dejó preparada como si fuese un rompecabezas. Junto a la puerta hay un espacio vacío donde se puede construir una nueva estructura utilizando los ladrillos disponibles. Sin embargo, no todos son iguales: existen tres tipos distintos de ladrillos, y deben colocarse siguiendo un orden preciso para que la construcción sea estable. En este reto, el alumnado deberá analizar las reglas de colocación y reorganizar los ladrillos de forma sistemática para levantar correctamente la nueva estructura. Si consiguen hacerlo, la puerta se abrirá y los detectives podrán descubrir qué se esconde realmente en el interior de la pirámide.

Obra publicada con Licencia Creative Commons CC BY-NC-SA InnovaRetosCLM 2025 – Servicio de Innovación Educativa de JCCM

Siguiente
El destino de la Piedra de Rosetta
OBJETIVOS

    Desarrollar el pensamiento lógico y computacional mediante la resolución de problemas con reglas, restricciones y procesos dinámicos.
    Aplicar estrategias de análisis y toma de decisiones optimizando recursos limitados en distintos escenarios.
    Argumentar soluciones basadas en evidencias, verificando hipótesis y descartando conclusiones intuitivas sin fundamento.

Obra publicada con Licencia Creative Commons CC BY-NC-SA InnovaRetosCLM 2025 – Servicio de Innovación Educativa de JCCM

Volver
El destino de la Piedra de Rosetta
MATERIALES NECESARIOS
DESCARGAS

Retos alumnado Guía didáctica

Obra publicada con Licencia Creative Commons CC BY-NC-SA InnovaRetosCLM 2025 – Servicio de Innovación Educativa de JCCM

Volver
El destino de la Piedra de Rosetta
VÍDEOS

    Presentación de InnovaRetosCLM 25-26
    Inicio de reto 2 - El enigma de la pirámide
    Cámaras de seguridad del museo
    Fin de reto 2

¡Próximamente!

¡Próximamente!

Obra publicada con Licencia Creative Commons CC BY-NC-SA InnovaRetosCLM 2025 – Servicio de Innovación Educativa de JCCM

Volver

¿Seguro que quieres desvelar el misterio?

Nombre completo del culpable
El destino de la Piedra de Rosetta
ENTREGAS

En este apartado te indicaremos los pasos a seguir para entregar tu proyecto:

1. Las evidencias necesarias para obtener la insignia correspondiente son las siguientes:- Fotografías o vídeo del alumnado resolviendo el reto.2. Proceso de entrega. Ve al formulario de entregas para la Categoría GENIUS, rellena los campos y adjunta el fichero con las evidencias.

Entregar evidencias

¡Próximamente!

Obra publicada con Licencia Creative Commons CC BY-NC-SA InnovaRetosCLM 2025 – Servicio de Innovación Educativa de JCCM";La propuesta se organiza en cinco retos consecutivos que deben resolverse en orden, ya que cada uno aporta información clave para avanzar en la investigación. Se comienza con una actividad motivación, mediante la visualización del vídeo introductorio correspondiente a la fase 2, presentado en clave…
INNOVARETOS2025;InnovaRetos CLM (Fase II);Secundaria;"1º ESO; 2º ESO; 3º ESO";12-15 años;"Microbit; Huskylens";Tras la Piedra de Rosetta;https://view.genially.com/69a348d115fd3ba86e82cebd;Educación Secundaria, Microbit & Huskylens, Entrenamiento, Fomento de la lectura, Egiptología / narrativa histórica, Gamificación / misterio, Robótica educativa, Programación, Visión artificial, INNOVARETOS;"ENTRENAMIENTO
CATEGORÍA GENIUS
Robótica
Tras la Piedra de Rosetta
Edad recomendada: A partir de 12 años
GUÍA DIDÁCTICA

Descripción

Desarrollo
Temporalización: 4 sesiones (50 min.)

Objetivos

Materiales
Área / materia: Tecnología y DigitalizaciónDesarrollo Digital

Vídeos
Recursos: Micro:bit Huskylens Display LCD 1602
InnovaRetosCLM 25/26 – Servicio de Innovación Educativa de JCCM Autoría: Javier Rubio Claramonte
Tras la Piedra de Rosetta
DESCRIPCIÓN

Tras la detención del ladrón de la Piedra de Rosseta Alan Salton, la comisaria de Scotland Yard Lagatha Christie junto a su felino equipo de detectives Herclaw Poirot y Miss Miauple tienen que seguir las pistas para localizar la piedra robada. Un cómplice ayudó a Alan Salton a robar la piedra y es el que la traslada a un destino oculto. En la detención averiguaron que el cómplice va a coger el tren Orient Express de las 16:00 aunque desconocen quien es y cúal es su destino. Nuestros intrépidos detectives deciden ir tras la Piedra Rosetta para ello la comisaria Lagatha Christie se quedará en la comisaría central coordinando la operación mientras que Herclaw y Miss Miauple cogerán el tren Orient Express. Su misión es moverse por los distintos vagones recopilando pistas en cada uno de ellos y reportar continuamente la información a la comisaria Lagatha Christie, la cual dispone de una máquina de cifrados en código de colores que permitirá conocer el destino del tren donde bajará el cómplice.

Obra publicada con Licencia Creative Commons CC BY-NC-SA InnovaRetosCLM 2025 – Servicio de Innovación Educativa de JCCM

Siguiente
Tras la Piedra de Rosetta
DESCRIPCIÓN

En su investigación, los detectives escanearán distintos códigos de colores situados en los vagones utilizando la lupa inteligente (HuskyLens AI Camera conectada a la tarjeta micro:bit). Al hacerlo, obtendrán pistas que les proporcionarán una doble información:

    Por un lado, las pistas les guiarán en su investigación indicando a qué vagón deben dirigirse para continuar investigando. Esta información se mostrará en el display LCD 1602.

    Por otro lado, enviarán información a la comisaria Lagatha Christie mediante comunicación por radio. Para ello se utilizarán dos tarjetas micro:bit: una para Herclaw y Miss Miauple y otra para la comisaria Lagatha Christie. De este modo, irán transmitiendo las pistas necesarias para descifrar el destino donde el cómplice planea bajar del tren.

Ahora tu decides ¿ayudaras a los detectives a averiguar el destino al que se dirige la Piedra de Rosseta? Antes de comenzar el entrenamiento ve a la zona de descargas y descárgate todos los recursos e imprímelos. Para obtener una explicación más amplia puedes descargar la Guía Didáctica.

Obra publicada con Licencia Creative Commons CC BY-NC-SA InnovaRetosCLM 2025 – Servicio de Innovación Educativa de JCCM

Siguiente

Anterior
Tras la Piedra de Rosetta
DESCRIPCIÓN

Video de funcionamiento: Cuando los detectives Herclaw y Miss Miauple escanean un código de color en un vagón utilizando su lupa (huskylens), en la matriz de LED de su micro:bit aparece un número asociado al color que se ha detectado. Al mismo tiempo, en la pantalla LCD se indica cuál es el siguiente vagón al que deben dirigirse para continuar con la investigación. Además, se envía vía radio ese número a la micro:bit de la comisaria Lagatha Christie, que se encuentra en la central, para que pueda decodificarlo en una letra asociada a dicho color. En el vídeo, al escanear el color verde se envía a Lagatha Christie el número “1”; al recibirlo, en la matriz de LED de su micro:bit aparece la letra “E”. Los seis colores escaneados corresponden a seis letras que, una vez descifradas, permitirán descubrir el destino donde el cómplice planea bajarse del tren.

Obra publicada con Licencia Creative Commons CC BY-NC-SA InnovaRetosCLM 2025 – Servicio de Innovación Educativa de JCCM

Volver

Anterior
Tras la Piedra de Rosetta
OBJETIVOS

    Aprender a configurar en el sensor Huskylens de visión artificial con IA el reconocimiento de colores y sus comunicaciones con placas programables micro:bit.
    Aprender a programar la placa microcontroladora micro:bit para el tratamiento de información procedente del sensor de visión artificial Huskylens.
    Aprender a programar el display LCD 1602 para visualización de datos y sus comunicaciones con la placa micro:bit.
    Aprender a programar las comunicaciones entre placas microcontroladoras micro:bit.

Obra publicada con Licencia Creative Commons CC BY-NC-SA InnovaRetosCLM 2025 – Servicio de Innovación Educativa de JCCM

Volver
Tras la Piedra de Rosetta
DESARROLLO

Esta actividad consta de la secuencia de cinco PASOS diferentes que pueden desarrollarse en cuatro sesiones dependiendo de la experiencia previa del alumnado. PASO1: configuración de la cámara Huskylens. Cada grupo aprenderá la configuración básica de la cámara Huskylens para el reconocimiento de colores (Color Recognition) y las comunicaciones con la tarjeta micro:bit. PASO2: programación de la tarjeta micro:bit con la cámara Huskylens. En este paso cada grupo aprenderá a programar la tarjeta micro:bit para interpretar la información de reconocimiento de colores procedente de la cámara Huskylens. PASO3: programación de la tarjeta micro:bit para gestión del display LCD 1602. En este apartado cada grupo aprenderá a programar la tarjeta micro:bit para poder mostrar la información en la pantalla del display LCD 1602. PASO4: programación de las comunicaciones entre las tarjetas micro:bit. En este apartado cada grupo programará las tarjetas micro:bit para que puedan intercambiar datos entre ellas. PASO5: probando el entrenamiento.
INDICE

PASO1

PASO2

PASO3

PASO4

PASO5

Obra publicada con Licencia Creative Commons CC BY-NC-SA InnovaRetosCLM 2025 – Servicio de Innovación Educativa de JCCM
PASO1: configuración de la cámara Huskylens

En este apartado cada grupo aprenderá la configuración básica de la cámara Huskylens para el reconocimiento de colores (Color Recognition) y las comunicaciones con la tarjeta micro:bit. En su investigación en los vagones del tren Herclaw y Miss Miauple descubren que cada vagón tiene un código de color que deben escanear con la lupa inteligente y enviar vía radio a la comisaria Lagatha Christie.

¿Alimentación y conexiones?

¿Qué es Huskylens?

Partes Huskylens

Ajustes comunicaciones

Obra publicada con Licencia Creative Commons CC BY-NC-SA InnovaRetosCLM 2025 – Servicio de Innovación Educativa de JCCM

Siguiente
PASO1: Modo ""Color Recognition""

Entrenaremos la cámara Huskylens para que reconozca los siguientes seis colores utilizando el modo de trabajo ""Color Recognition"" (reconocimiento de colores) asignándoles un identificador numérico ID al identificarlos (ID1, ID2...).

En la cámara Huskylens mediante el botón de función elegiremos el modo Color Recognition. Para iniciar el aprendizaje, enfocaremos el color que queremos identificar y esperaremos a que quede completamente enmarcado sobre la cruz amarilla. Pulsaremos el botón de aprendizaje y aparecerá sobre el marco del color reconocido el texto Color ID1. A partir de este momento, cada vez que se detecte el rostro aprendido se presentará un marco azul con la etiqueta “Color:ID1”. Si seguidamente quisiéramos aprender otro color diferente, la cámara pediría olvidar lo aprendido, para evitar esto en nuestra tarea tendremos que usar el aprendizaje múltiple.

Aprendizaje múltiple

Obra publicada con Licencia Creative Commons CC BY-NC-SA InnovaRetosCLM 2025 – Servicio de Innovación Educativa de JCCM

Fin Sección

Anterior
PASO2: programación de la tarjeta micro:bit con la cámara Huskylens

En este paso cada grupo aprenderá a programar la tarjeta micro:bit para interpretar la información de reconocimiento colores procedente de la cámara Huskylens, para ello partiremos del entrenamiento de reconocimiento de los seis colores realizado en el PASO1. Desde el entorno de programación de MAKECODE para micro:bit programaremos el código de bloques del apartado ""Programación"". Previamente instalaremos la extensión de la cámara Huskylens en makecode.

Programación

Extensión

Micro:bit

Obra publicada con Licencia Creative Commons CC BY-NC-SA InnovaRetosCLM 2025 – Servicio de Innovación Educativa de JCCM

Fin Sección
PASO3: programación de la tarjeta micro:bit para gestión del display LCD 1602

En este paso cada grupo aprenderá a programar la tarjeta micro:bit para mostrar la información en la pantalla del display LCD 1602. Cablearemos el display LCD 1602 de acuerdo al esquema de cableado del apartado ""Cableado"" y después desde el entorno de programación de MAKECODE para micro:bit programaremos el código de bloques del apartado ""Programación"". Previamente instalaremos la extensión makerbit-lcd1602 del display LCD 1602 en makecode.

Cableado conjunto

Programación

Extensión

Obra publicada con Licencia Creative Commons CC BY-NC-SA InnovaRetosCLM 2025 – Servicio de Innovación Educativa de JCCM

Fin Sección
PASO4: programación de las comunicaciones entre las tarjetas micro:bit

Durante la investigación Herclaw y Miss Miauple tienen como misión escanear el código de color en cada vagón. En este apartado programaremos su tarjeta micro.bit para enviar a la comisaria Lagatha Christie la información asociada a cada código de color. Continuaremos con la programación de la tarjeta micro.bit donde recibirá los mensajes la comisaria Lagatha Christie para que pueda decodificar el mensaje.

Micro:bit Herclaw y Miss Miauple

Micro:bit Lagatha Christie

Obra publicada con Licencia Creative Commons CC BY-NC-SA InnovaRetosCLM 2025 – Servicio de Innovación Educativa de JCCM

Fin Sección
PASO5: probando el entrenamiento

Una vez que ya hemos montado, configurado y programado los dispositivos probaremos el entrenamiento.

    Coloca sobre la mesa los vagones del tren en el orden que quieras.
    Herclaw y Miss Miauple comenzarán en el vagón con el código de color verde, al escanearlo les indicará en la pantalla del LCD 1602 el siguiente vagón al que ir (aparecerá el nombre de un sospechoso que puede ser el cómplice que huye con la Piedra de Rosetta).
    Al escanear el código de color del vagón se enviará un número a la comisaria Lagatha Christie que una vez decodificado se mostrará en la matriz de leds en forma de letra (Se enviará un número desde la tarjeta micro:bit de Herclaw y Miss Miauple a la tarjeta micro:bit de Lagatha Christie).
    Herclaw y Miss Miauple al recorrer todos los vagones enviaran todos los números a Lagatha Christie, obteniendo ésta todas las letras, averiguando al unir de forma secuencial las letras recibidas el destino oculto del tren (""EGIPTO"").

Obra publicada con Licencia Creative Commons CC BY-NC-SA InnovaRetosCLM 2025 – Servicio de Innovación Educativa de JCCM

Fin Sección
Tras la Piedra de Rosetta
MATERIALES NECESARIOS
DISPOSITIVOS
DESCARGAS
OTROS

Cableado

Huskylens, micro:bit y LDC 1602

Imágenes imprimibles Modelo 3D Huskylens Guía didáctica Programa MakeCode

Obra publicada con Licencia Creative Commons CC BY-NC-SA InnovaRetosCLM 2025 – Servicio de Innovación Educativa de JCCM

Volver
Tras la Piedra de Rosetta
VÍDEOS

    Presentación de InnovaRetosCLM 25-26
    Inicio de reto 1 - El misterio de la piedra de Rosetta
    Cámaras de seguridad del museo
    Fin de reto 1 - Captura del culpable

Obra publicada con Licencia Creative Commons CC BY-NC-SA InnovaRetosCLM 2025 – Servicio de Innovación Educativa de JCCM

Volver
Características Físicas

El dispositivo cuenta con dos botones:

    Función: para acceder a los modos de funcionamiento y configuraciones de la cámara. Se acciona presionando y también en modo dial (giro izquierda-derecha).
    Aprendizaje: que se acciona presionando.

Extensión DFRobot_HuskyLens

Desde el entorno de programación de Makecode procederemos a añadir la extensión DFRobot_HuskyLens.
Programación

El propósito de este código es el enviar a la camisaria Lagatha Christie los datos asociados a cada código de color escaneado. Tendremos que completar el código para los seis colores entrenados en el reconocimiento.

Imagen extraída del editor MakeCode (CC BY-SA)
Ajustes Generales

Una vez encendida la cámara nos desplazamos a modo dial (botón de función) hasta localizar la opción General Settings.

Para desplazarte por los menús con el botón de función a izquierda-derecha, selecciona con pulsación breve o con el mismo dial dependiendo del parámetro.

Pulsaremos el botón de función para acceder al ajuste de diversos parámetros del dispositivo. La opción Protocol Type nos permite establecer el protocolo de comunicación con otros dispositivos a los que conectemos HuskyLens. Elegiremos I2C.
Cableado

Para conectar el display LCD 1602 utilizaremos el puerto de comunicaciones del protocolo I2C.

    Conectaremos un cable negro desde el conector GND (-) del puerto I2C hasta cualquier pin (GND) de la placa micro:bit.
    Conectaremos un cable rojo desde el conector VCC (+) del puerto I2C hasta el conector de alimentación (cable rojo) del portapilas.
    Conectaremos un cable verde desde el conector SDA (Serial DAta) del puerto I2C hasta el pin P20 de la placa de expansión de micro:bit (utilizaremos este cable para enviar los datos).
    Conectaremos un cable azul desde el conector SCL (Serial Clock) del puerto I2C hasta el pin P19 de la placa de expansión de micro:bit (utilizaremos este cable para sincronizar los datos).

Para un funcionamiento óptimo la cámara Huskylens precisa un voltaje de de 3,3 V y el display LCD 1602 de 5 V
Huskylens

HuskyLens es una cámara de visión artificial con inteligencia artificial (IA) diseñada para proyectos educativos y maker. Incorpora funciones como reconocimiento facial, seguimiento y reconocimiento de objetos, seguimiento de líneas, reconocimiento de colores y lectura de códigos QR. Se conecta a microcontroladores populares como Arduino, Raspberry Pi y micro:bit, permitiendo a los usuarios crear proyectos interactivos y avanzados sin necesidad de una programación compleja.
Programación

El propósito de este código es el de mostrar un número (correspondiente con el ID del color reconocido, ID1, ID2...) en el la matriz de leds de la tarjeta micro.bit cuando se reconozca el color con el identificador de la Huskylens ID1, ID2, ID3... Para esta actividad tendremos que programar los 6 colores del entrenamiento.

Imagen extraída del editor MakeCode (CC BY-SA)
Programación

El propósito de este código es el de mostrar por la pantalla del display LCD 1602 la información que verán Herclaw y Miss Miauple para saber cual es el siguiente vagón donde investigar.

Imagen extraída del editor MakeCode (CC BY-SA)

    Situados en el menú en Color Recognition realizaremos una pulsación larga en el botón de función. Aparecerán varias opciones, entre las que figura Learning multiple. Haremos una pulsación corta para seleccionar y giramos el dial para que la barra en pantalla aparezca en color azul, pulsamos de nuevo en el botón de función para consolidar el ajuste.
    Para terminar, nos dirigimos a Save&Return y guardamos los cambios. Ahora la cámara nos permitirá aprender más de una cara, siguiendo el mismo procedimiento explicado en el primer ejemplo.

    Por cada rostro aprendido se asignarán las ID2, ID3, ID4, y así sucesivamente. Para finalizar el aprendizaje, pulsaremos el botón de función.

Alimentación y conexiones

    HuskyLens trabaja con un rango de voltaje de 3.3 V.
    Para conectar la Huskylens a la placa de extensión Magician:bit usamos el conector UART/I2C, el cual dispone de 4 cables como podemos ver en la imagen: rojo, negro, azul y verde.
    Los cables rojo y negro darán alimentación al dispositivo. Los conectamos a los pines + y - respectivamente.
    El cable verde se conecta al pin SDA (datos) y el cable azul al pin SCL (reloj).
    Finalmente introducimos la placa micro:bit en la placa de expansión y lo conectamos al PC.

    Situados en el menú en Face Recognition realizaremos una pulsación larga en el botón de función. Aparecerán varias opciones, entre las que figura Learning multiple. Haremos una pulsación corta para seleccionar y giramos el dial para que la barra en pantalla aparezca en color azul, pulsamos de nuevo en el botón de función para consolidar el ajuste.
    Para terminar, nos dirigimos a Save&Return y guardamos los cambios. Ahora la cámara nos permitirá aprender más de una cara, siguiendo el mismo procedimiento explicado en el primer ejemplo.

Microbit

    Micro:bit es una placa programable con multitud de posibilidades. Podéis acceder a la página oficial de Micro:bit para explorar todas sus características.

    Existen distintos entornos de programación. En esta guía utilizaremos el entorno MakeCode de Microsoft, donde programaremos con bloques de código similar al entorno de programación de Scratch.

    El entorno de MakeCode nos permite visualizar en un simulador lo que estamos programando. El resultado de la programación no será visible en nuestra placa hasta que no descarguemos el programa a la propia placa. Por lo tanto, cualquier cambio que hagamos en la programación lo podemos visualizar en el momento en el simulador, pero no en la placa (hasta que no descarguemos de nuevo el programa)..

Extensión makerbit-lcd1602

Desde el entorno de programación de Makecode procederemos a añadir la extensión makerbit-lcd1602.
Programación

Este programa resuelve el enigma asociando con una letra cada valor numérico recibido desde la tarjeta micro:bit de Herclaw y MIss Miauple después del escaneo de un color en un vagón. En el ejemplo al escanear el color verde se mostrará la letra ""E"" por la matriz de leds de la comisaria Lagatha Christie. Tendremos que completar el código para los seis mensajes recibidos.

Imagen extraída del editor MakeCode (CC BY-SA)";Esta actividad consta de la secuencia de cinco PASOS diferentes que pueden desarrollarse en cuatro sesiones dependiendo de la experiencia previa del alumnado. PASO1: configuración de la cámara Huskylens.
INNOVARETOS2025;InnovaRetos CLM (Fase II);Secundaria;"1º ESO; 2º ESO; 3º ESO";12-15 años;"Microbit; Máquina educable";Tras la Sombra del Cómplice - M.E.;https://view.genially.com/69a944a5616dedc232f2eecd;Educación Secundaria, Microbit & Máquina educable, Reto, Egiptología / narrativa histórica, Gamificación / misterio, Robótica educativa, Programación, Visión artificial, INNOVARETOS;"RETO
CATEGORÍA GENIUS
Robótica
Tras la Sombra del Cómplice - M.E.
Edad recomendada: A partir de 12 años
GUÍA DIDÁCTICA

Descripción

Desarrollo
Temporalización: 4 sesiones (50 min.)

Recursos

Objetivos
Área / materia: Tecnología y DigitalizaciónDesarrollo Digital

Vídeos

Materiales

Entregas
Recursos: Micro:bit Máquina Educable Display LCD 1602
InnovaRetosCLM 25/26 – Servicio de Innovación Educativa de JCCM Autoría: Javier Rubio Claramonte
Tras la Sombra del Cómplice
DESCRIPCIÓN

Tras la detención del ladrón de la Rosetta Stone, Alan Salton, la comisaria de Scotland Yard, Lagatha Christie, junto a su felino equipo de detectives, Herclaw Poirot y Miss Miauple, siguieron las pistas para localizar la piedra robada por su cómplice. Nuestros intrépidos detectives tomaron el tren Orient Express en la estación Victoria con el objetivo de descubrir quién era el cómplice y en qué lugar pensaba bajar del tren. Tras investigar durante el viaje, lograron averiguar el destino donde el cómplice tenía previsto descender: El Cairo, en Egipto. Sin embargo, a pesar de sus esfuerzos, no consiguieron descubrir cuál de los posibles sospechosos era realmente el cómplice. Una vez en El Cairo, se proponen descubrir quién es el cómplice y recuperar la piedra Rosetta. ¿Nos ayudáis a averiguar el nombre del cómplice que ayudó a Alan Salton a robar la Piedra de Rosetta?

Obra publicada con Licencia Creative Commons CC BY-NC-SA InnovaRetosCLM 2025 – Servicio de Innovación Educativa de JCCM

Siguiente
Tras la Sombra del Cómplice
DESCRIPCIÓN

Para esta misión tendréis que recorrer distintos lugares emblemáticos de Egipto (templos, pirámides, obeliscos...) que os guiarán hasta el lugar donde se encuentra el cómplice de Alan Salton con la Piedra de Rosetta. En su investigación, los detectives tendrán que escanear unos jeroglíficos que encontrarán en los distintos lugares emblemáticos utilizando una nueva lupa inteligente (la máquina educable de Google). Al hacerlo, obtendrán pistas que les proporcionarán una doble información:

    Por un lado, las pistas les guiarán en su investigación indicando a qué lugar emblemático deben dirigirse a continuación. Esta información se mostrará en un display LCD 1602.

    Por otro lado, enviarán información a la comisaria Lagatha Christie mediante una comunicación por radio. Para ello se utilizarán dos micro:bit: uno para Herclaw y Miss Miauple y otro para Lagatha Christie. El objetivo será ir descifrando, poco a poco, las letras que forman el nombre del cómplice.

Obra publicada con Licencia Creative Commons CC BY-NC-SA InnovaRetosCLM 2025 – Servicio de Innovación Educativa de JCCM

Siguiente

Anterior
Tras la Sombra del Cómplice
DESCRIPCIÓN

Explicación del funcionamiento: Cuando los detectives Herclaw y Miss Miauple escanean un jeroglífico en un lugar emblemático, en la matriz de LED de su tarjeta micro:bit aparece un símbolo egipcio asociado a ese jeroglífico. Al mismo tiempo, en la pantalla LCD 1602 se indica cuál es el siguiente lugar emblemático al que deben dirigirse para continuar con la investigación. Además, se envía vía radio una pareja de valores (letra y número) codificada con el Cuadrado de Polibio a la micro:bit de la comisaria Lagatha Christie, que se encuentra en la central. Allí, ese mensaje se decodifica para obtener las letras asociadas al jeroglífico escaneado, lo que permitirá ir reconstruyendo poco a poco el nombre del sospechoso.

Para obtener una explicación más amplia puedes descargar la Guía Didáctica

Obra publicada con Licencia Creative Commons CC BY-NC-SA InnovaRetosCLM 2025 – Servicio de Innovación Educativa de JCCM

Volver

Anterior
Tras la Sombra del Cómplice
OBJETIVOS

    Aprender a configurar la máquina educable de GOOGLE para el reconocimiento de imágenes y sus comunicaciones con placas programables micro:bit.
    Aprender a programar la placa microcontroladora micro:bit para el tratamiento de información procedente de la máquina educable de GOOGLE.
    Aprender a programar el display LCD 1602 para visualización de datos y sus comunicaciones con la placa micro:bit.
    Aprender a programar las comunicaciones entre placas microcontroladoras micro:bit.

Obra publicada con Licencia Creative Commons CC BY-NC-SA InnovaRetosCLM 2025 – Servicio de Innovación Educativa de JCCM

Volver
Tras la Sombra del Cómplice
RECURSOS DEL RETO

Para resolver este reto dispones de los siguientes recursos:

    RECURSO1: configuración de la máquina educable para el reconocimiento de imágenes. En este apartado se explica la configuración básica de la máquina educable (Teacheable Machine de Google) para el reconocimiento de imágenes (Proyecto Imágen)
    RECURSO2: programación de la tarjeta micro:bit con la máquina educable. En este apartado se explica como programar la tarjeta micro:bit para interpretar la información de reconocimiento de las imágenes (jerolíficos) procedente de la máquina educable.
    RECURSO3: programación de la tarjeta micro:bit para gestión del display LCD 1602. En este apartado se explica como cablear y programar la tarjeta micro:bit para poder mostrar la información en la pantalla del display LCD 1602.
    RECURSO4: Cifrado Cuadrado de Polibio.
    RECURSO5: programación de las comunicaciones entre las tarjetas micro:bit. En este apartado se explica como programar las tarjetas micro:bit para que puedan intercambiar datos entre ellas.

INDICE

RECURSO1

RECURSO2

RECURSO3

RECURSO4

RECURSO5

Obra publicada con Licencia Creative Commons CC BY-NC-SA InnovaRetosCLM 2025 – Servicio de Innovación Educativa de JCCM

Avanza
RECURSO1: configuración de la máquina educable

La máquina educable de Google es una herramienta que permite entrenar a un equipo informático para que reconozca imágenes, sonidos y posturas. Para este reto utilizaremos el modo de trabajo “Proyecto de imagen ? Modelo de imagen estándar” donde añadiremos un total de 5 clases (cinco imágenes de jeroglíficos a reconocer. En el siguiente enlace tenéis los jeroglíficos con los que entrenar la máquina educable. Paso 1: para el primer jeroglífico, sustituiremos la denominación de la clase de objeto “Class 1” por el identificador “ID1”. Repetiremos este mismo procedimiento hasta crear las 5 clases correspondientes. A continuación, pulsaremos en el icono de Webcam (dando previamente permiso a la cámara del ordenador). Con la imagen del primer jeroglífico situada frente a la cámara, mantendremos pulsado el botón “Mantén pulsado para grabar” para capturar varias muestras de la imagen que servirán para entrenar el modelo. Paso 2: Una vez entrenados los 6 jeroglíficos, pulsaremos “Preparar modelo”. Cuando finalice la preparación del modelo en la máquina educable de Google, podremos comprobar su funcionamiento. Si el entrenamiento ha sido correcto, el sistema mostrará un porcentaje alto de reconocimiento del jeroglífico identificado. En caso de que los porcentajes sean bajos, será necesario tomar más capturas de las imágenes y volver a pulsar “Preparar modelo” para mejorar el entrenamiento.

Obra publicada con Licencia Creative Commons CC BY-NC-SA InnovaRetosCLM 2025 – Servicio de Innovación Educativa de JCCM

Volver

Avanza
RECURSO1: configuración de la máquina educable

Paso 3: por último, exportaremos el modelo entrenado y lo subiremos a la nube. Este proceso generará un enlace (link) para la página web Ai Training, que utilizaremos para conectar el modelo de la máquina educable alojado en la nube con la tarjeta micro:bit. De este modo, la micro:bit podrá utilizar el modelo entrenado para reconocer los jeroglíficos durante la investigación.

VIDEO1

VIDEO2

VIDEO3

Volver

Obra publicada con Licencia Creative Commons CC BY-NC-SA InnovaRetosCLM 2025 – Servicio de Innovación Educativa de JCCM

Fin Sección
RECURSO2: programación de la tarjeta micro:bit con la máquina educable

Ahora que hemos entrenado la Máquina Educable, el siguiente paso es aprender a programar la tarjeta micro:bit para que pueda interpretar la información de reconocimiento de imágenes procedente del modelo entrenado. Para realizar este paso, debemos conectar la tarjeta micro:bit al puerto USB del ordenador y acceder a la aplicación web AI Training. Desde esta plataforma podremos vincular el modelo de reconocimiento de imágenes almacenado en la nube con la micro:bit, permitiendo que la tarjeta reciba e interprete los resultados del reconocimiento realizado por la máquina educable. Crearemos un proyecto nuevo en el entorno de Microsoft MakeCode para programar la tarjeta micro:bit. A continuación, iremos a la sección “Avanzado” y seleccionaremos la librería de bloques “Serial”. Esta librería nos permitirá recibir y procesar los datos enviados desde el sistema de reconocimiento de imágenes. De este modo, cuando el sistema identifique una imagen entrenada en la Teachable Machine, la micro:bit podrá interpretar la información recibida y ejecutar diferentes acciones programadas, como:

    Mostrar información en la matriz de LED de la micro:bit.

    Enviar datos mediante comunicación por radio a otra micro:bit.

    Indicar nuevas pistas o instrucciones para continuar la investigación.

Esto permitirá integrar el reconocimiento de imágenes con el comportamiento programado de la micro:bit dentro de la actividad.

Obra publicada con Licencia Creative Commons CC BY-NC-SA InnovaRetosCLM 2025 – Servicio de Innovación Educativa de JCCM

Volver

Avanza
RECURSO2: programación de la tarjeta micro:bit con la máquina educable

En la siguiente imagen “Ejemplo de Programación” podéis encontrar un modelo de referencia para comprobar el funcionamiento de la máquina educable. En este ejemplo se utilizará el entrenamiento de reconocimiento de imágenes explicado en el RECURSO1, lo que permitirá probar cómo la máquina educable identifica los jeroglíficos y envía la información correspondiente a la micro:bit para su posterior procesamiento.

Librería ""SERIAL""

Ejemplo de Programación

Obra publicada con Licencia Creative Commons CC BY-NC-SA InnovaRetosCLM 2025 – Servicio de Innovación Educativa de JCCM

Fin Sección
RECURSO3: programación de la tarjeta micro:bit para gestión del display LCD 1602

En este apartado se explica cómo programar la tarjeta micro:bit para mostrar información en la pantalla del módulo de display LCD 1602. En primer lugar, se deberá cablear el display LCD 1602 siguiendo el esquema de conexiones indicado en el apartado “Cableado”. Una vez realizadas las conexiones, accederemos al entorno de programación Microsoft MakeCode para programar la tarjeta mediante bloques, tal como se muestra en el apartado “Programación”. Antes de comenzar a programar, será necesario instalar la extensión “makerbit-lcd1602” dentro de MakeCode, que permite controlar el funcionamiento del display LCD 1602 desde la micro:bit y mostrar en su pantalla los mensajes o pistas que formarán parte de la investigación.

Cableado conjunto

Programación

Extensión

Obra publicada con Licencia Creative Commons CC BY-NC-SA InnovaRetosCLM 2025 – Servicio de Innovación Educativa de JCCM

Fin Sección
RECURSO4: cifrado Cuadrado de Polibio

El Cuadrado de Polibio es un método de cifrado de información en el que cada letra del alfabeto se sustituye por las coordenadas de su posición dentro de un cuadrado. Este sistema organiza las letras en una tabla o cuadrícula, normalmente de 5 × 5, donde cada fila y cada columna están numeradas. Para codificar una letra, se indican dos números:

            el primero corresponde a la fila,

            el segundo corresponde a la columna.

Por ejemplo, si una letra se encuentra en la fila 2 y columna 3, se representaría con el número 23 (en este ejemplo apunta a la letra H).

Obra publicada con Licencia Creative Commons CC BY-NC-SA InnovaRetosCLM 2025 – Servicio de Innovación Educativa de JCCM

Volver

Avanza
RECURSO4: Cifrado Cuadrado de Polibio

Para nuestro reto utilizaremos una versión modificada del Cuadrado de Polibio, en la que las filas estarán identificadas por letras y las columnas por números. De este modo, cada letra del mensaje se representará mediante una pareja formada por una letra y un número, que indicarán su posición dentro de la tabla. La micro:bit receptora utilizará esa pareja letra-número para localizar la posición correspondiente en la tabla y así descodificar la letra original del mensaje. Al disponer de 5 jeroglíficos, enviaremos 5 mensajes, uno por cada jeroglífico escaneado. Cada mensaje estará formado por una pareja de valores: una letra y un número, según la versión modificada del Cuadrado de Polibio que estamos utilizando. De esta manera, al completar los cinco envíos, la micro:bit receptora de la comisaria Lagatha Christie habrá recibido las cinco parejas de letra-número, que podrá decodificar para obtener las letras correspondientes y finalmente descubrir el nombre del cómplice.

Obra publicada con Licencia Creative Commons CC BY-NC-SA InnovaRetosCLM 2025 – Servicio de Innovación Educativa de JCCM

Volver

Fin Sección
RECURSO5: programación de las comunicaciones entre las tarjetas micro:bit

En este apartado programaremos una tarjeta micro:bit emisora para enviar por radio a otra tarjeta micro:bit receptora la información asociada a un jeroglífico reconocido por el sistema de máquina educable. De este modo, cada vez que se identifique un jeroglífico, la micro:bit emisora transmitirá una pareja de valores (una letra y un número) correspondientes a las coordenadas del cuadrado de Polibio, que se ha utilizado como sistema de codificación del mensaje. A continuación, continuaremos con la programación de la segunda micro:bit, la receptora. Esta tarjeta recibirá la pareja de valores (una letra y un número) enviados por radio y mostrará dos letras en la matriz de leds para indicar que los ha recibido.

Micro:bit emisora

Micro:bit receptora

Obra publicada con Licencia Creative Commons CC BY-NC-SA InnovaRetosCLM 2025 – Servicio de Innovación Educativa de JCCM

Fin Sección
Tras la Sombra del Cómplice
DESARROLLO DEL RETO

Para poder realizar el reto correctamente, es importante seguir la siguiente secuencia de pasos: 1. Preparación del material. Antes de comenzar el reto, ve a la zona de descargas, descárgate todos los recursos disponibles e imprímelos.

    En el siguiente enlace tienes todos los jeroglíficos, descárgalos e imprímelos.

    En este enlace tienes los sospechosos.

    En este enlace tienes las imágenes de los lugares emblemáticos, descárgalos e imprímelos.

    En este enlace tienes los símbolos egipcios para la matriz de leds de la micro:bit. 

2. Consulta de recursos. Al inicio de la guía en el apartado ""Recursos"" podrás encontrar ejemplos de programación e información que te ayudará a comprender cómo llevar a cabo el reto utilizando la tarjeta micro:bit y la Máquina Educable.

Obra publicada con Licencia Creative Commons CC BY-NC-SA InnovaRetosCLM 2025 – Servicio de Innovación Educativa de JCCM

Siguiente
Tras la Sombra del Cómplice
DESARROLLO DEL RETO

3. Inicio de la misión. Coloca sobre la mesa las imágenes de los lugares emblemáticos. Herclaw y Miss Miauple comenzarán la investigación en la estación de la ciudad de El Cairo. Allí deberán escanear con la lupa inteligente (máquina educable) un jeroglífico. Para ello, deberán observar la imagen del jeroglífico que aparece en la imagen de la estación y mostrarla a la cámara para que el sistema la reconozca (coge la imágen del jeroglífico y acércalo a la cámara de máquina educable). 4. Obtención de la pista. Una vez escaneado el jeroglífico, en la pantalla del display LCD 1602 aparecerá el siguiente lugar emblemático (el nombre) al que deben dirigirse para continuar con la investigación. 5. Envío del mensaje secreto. Al escanear el jeroglífico, se enviará vía radio un mensaje formado por una pareja de datos (una letra y un número) a la comisaria Lagatha Christie. Estos datos se transmitirán desde la micro:bit de Herclaw y Miss Miauple a la micro:bit de la comisaria Lagatha Christie. En el siguiente enlace tienes una tabla que relaciona cada jeroglífico con la pareja de datos a enviar a la micro:bit de Lagatha Christie. 6. Decodificación del mensaje. La comisaria Lagatha Christie recibirá los datos (una letra y un número)y los decodificará en su micro:bit utilizando un algoritmo basado en el Cuadrado de Polibio que es el sistema de cifrado en el que está encriptada la información. 7. Secuencia de los lugares emblemáticos.

Obra publicada con Licencia Creative Commons CC BY-NC-SA InnovaRetosCLM 2025 – Servicio de Innovación Educativa de JCCM

Volver

Siguiente
Tras la Sombra del Cómplice
DESARROLLO DEL RETO

8. Resolución del misterio. Al recorrer todos los lugares emblemáticos y recibir todas las parejas de números, Lagatha Christie podrá descifrar las letras correspondientes y finalmente averiguar el nombre del cómplice de Alan Salton. ¿Seréis capaces de averiguar el nombre del cómplice de Alan Salton?

Obra publicada con Licencia Creative Commons CC BY-NC-SA InnovaRetosCLM 2025 – Servicio de Innovación Educativa de JCCM

Fin Sección
Tras la Sombra del Cómplice
MATERIALES NECESARIOS
DISPOSITIVOS
DESCARGAS
OTROS

Cableado

Micro:bit y LDC 1602

Imágenes imprimibles Guía didáctica

Obra publicada con Licencia Creative Commons CC BY-NC-SA InnovaRetosCLM 2025 – Servicio de Innovación Educativa de JCCM

Volver
Tras la Piedra de Rosetta
VÍDEOS

    Presentación de InnovaRetosCLM 25-26
    Inicio de reto 1 - El misterio de la piedra de Rosetta
    Cámaras de seguridad del museo
    Fin de reto 1 - Captura del culpable

Obra publicada con Licencia Creative Commons CC BY-NC-SA InnovaRetosCLM 2025 – Servicio de Innovación Educativa de JCCM

Volver
Tras la Sombra del Cómplice
ENTREGAS

En este apartado te indicaremos los pasos a seguir para entregar tu proyecto:

1. Necesitarás las siguientes evidencias:

        Documento pdf con 2 fotografías del grupo realizando la tarea donde aparezca la cámara Huskylens y la tarjeta micro.bit. Mensaje secreto y nombre del ladrón
        Programa de makecode de la micro:bit para el reconocimiento de las imágenes (jerglíficos).
        Programa de makecode de la micro:bit para enviar y recibir en las micro:bit.

2. Incluye toda la información anterior en un fichero comprimido denominado ""nombrecentro_curso"" y envíaselo a tu profesor. 3. El profesor del grupo seleccionará el reto a enviar de entre los propuestos y lo adjuntará al formulario de entregas para la Categoría Genius en el genially de InnovaRetosCLM Curso 2025-26.

Obra publicada con Licencia Creative Commons CC BY-NC-SA InnovaRetosCLM 2025 – Servicio de Innovación Educativa de JCCM

Volver

Este programa muestra en la matriz de leds de la tarjeta micro:bit lel símbolo asociado a cada imagen de jeroglífico reconocida. De este modo, cuando el sistema identifica uno de los jeroglíficos entrenados mediante la máquina educable, la tarjeta micro:bit recibe la información y muestra en su matriz de LED el símbolo o valor correspondiente a la imagen detectada. Así, cada jeroglífico reconocido se traduce en un símbolo específico.

El propósito de este código es mostrar en la pantalla del display LCD 1602 la información que se envía cuando la máquina educable reconoce la imagen de un jeroglífico. De esta manera, cada vez que se identifica un jeroglífico, la tarjeta micro:bit recibe los datos correspondientes y los visualiza en el LCD, permitiendo a los detectives ver la pista o el siguiente lugar emblemático al que deben dirigirse durante la investigación

Imagen extraída del editor MakeCode (CC BY-SA)
Cableado

Para conectar el display LCD 1602 utilizaremos el puerto de comunicaciones del protocolo I2C.

    Conectaremos un cable negro desde el conector GND (-) del puerto I2C hasta cualquier pin (GND) de la placa micro:bit.
    Conectaremos un cable rojo desde el conector VCC (+) del puerto I2C hasta el conector de alimentación (cable rojo) del portapilas.
    Conectaremos un cable verde desde el conector SDA (Serial DAta) del puerto I2C del LCD hasta el conector SDA de la placa de expansión de micro:bit (utilizaremos este cable para enviar los datos).
    Conectaremos un cable naranja desde el conector SCL (Serial Clock) del puerto I2C hasta hasta el conector SCL de la placa de expansión de micro:bit (utilizaremos este cable para sincronizar los datos).

Para un funcionamiento óptimo el display LCD 1602 precisa un voltaje de 5 V

El propósito de este código de bloques es el enviar a la micro:bit receptora un número y una letra (cifrado cuadrado de Polibio).

Imagen extraída del editor MakeCode (CC BY-SA)
Extensión makerbit-lcd1602

Desde el entorno de programación de Makecode procederemos a añadir la extensión makerbit-lcd1602.

Este programa recibe dos valores (una letra y un número) y muestra por la matriz de leds dos letras.

Imagen extraída del editor MakeCode (CC BY-SA)";Tras la detención del ladrón de la Rosetta Stone, Alan Salton, la comisaria de Scotland Yard, Lagatha Christie, junto a su felino equipo de detectives, Herclaw Poirot y Miss Miauple, siguieron las pistas para localizar la piedra robada por su cómplice.
INNOVARETOS2025;InnovaRetos CLM (Fase II);Secundaria;"1º ESO; 2º ESO; 3º ESO";12-15 años;"Microbit; Huskylens";Tras la Sombra del Cómplice - Husky;https://view.genially.com/69acb10cc3e1945b75d36191;Educación Secundaria, Microbit & Huskylens, Reto, Egiptología / narrativa histórica, Gamificación / misterio, Robótica educativa, Programación, Visión artificial, INNOVARETOS;"RETO
CATEGORÍA GENIUS
Robótica
Tras la Sombra del Cómplice - Husky
Edad recomendada: A partir de 12 años
GUÍA DIDÁCTICA

Descripción

Desarrollo
Temporalización: 4 sesiones (50 min.)

Objetivos

Recursos
Área / materia: Tecnología y DigitalizaciónDesarrollo Digital

Vídeos

Materiales

Entregas
Recursos: Micro:bit Huskylens Display LCD 1602
InnovaRetosCLM 25/26 – Servicio de Innovación Educativa de JCCM Autoría: Javier Rubio Claramonte
Tras la Sombra del Cómplice
DESCRIPCIÓN

Tras la detención del ladrón de la Rosetta Stone, Alan Salton, la comisaria de Scotland Yard, Lagatha Christie, junto a su felino equipo de detectives, Herclaw Poirot y Miss Miauple, siguieron las pistas para localizar la piedra robada por su cómplice. Nuestros intrépidos detectives tomaron el tren Orient Express en la estación Victoria con el objetivo de descubrir quién era el cómplice y en qué lugar pensaba bajar del tren. Tras investigar durante el viaje, lograron averiguar el destino donde el cómplice tenía previsto descender: El Cairo, en Egipto. Sin embargo, a pesar de sus esfuerzos, no consiguieron descubrir cuál de los posibles sospechosos era realmente el cómplice. Una vez en El Cairo, se proponen descubrir quién es el cómplice y recuperar la piedra Rosetta. ¿Nos ayudáis a averiguar el nombre del cómplice que ayudó a Alan Salton a robar la Piedra de Rosetta?

Obra publicada con Licencia Creative Commons CC BY-NC-SA InnovaRetosCLM 2025 – Servicio de Innovación Educativa de JCCM

Siguiente
Tras la Sombra del Cómplice
DESCRIPCIÓN

Para esta misión tendréis que recorrer distintos lugares emblemáticos de Egipto (templos, pirámides, obeliscos...) que os guiarán hasta el lugar donde se encuentra el cómplice de Alan Salton con la Piedra de Rosetta. En su investigación, los detectives tendrán que escanear unos jeroglíficos que encontrarán en los distintos lugares emblemáticos utilizando su lupa inteligente (cámara Huskylens). Al hacerlo, obtendrán pistas que les proporcionarán una doble información:

    Por un lado, las pistas les guiarán en su investigación indicando a qué lugar emblemático deben dirigirse a continuación. Esta información se mostrará en un display LCD 1602.

    Por otro lado, enviarán información a la comisaria Lagatha Christie mediante una comunicación por radio. Para ello se utilizarán dos micro:bit: uno para Herclaw y Miss Miauple y otro para Lagatha Christie. El objetivo será ir descifrando, poco a poco, las letras que forman el nombre del cómplice.

Obra publicada con Licencia Creative Commons CC BY-NC-SA InnovaRetosCLM 2025 – Servicio de Innovación Educativa de JCCM

Siguiente

Anterior
Tras la Sombra del Cómplice
DESCRIPCIÓN

Explicación del funcionamiento: Cuando los detectives Herclaw y Miss Miauple escanean un jeroglífico en un lugar emblemático, en la matriz de LED de su tarjeta micro:bit aparece un símbolo egipcio asociado a ese jeroglífico. Al mismo tiempo, en la pantalla LCD 1602 se indica cuál es el siguiente lugar emblemático al que deben dirigirse para continuar con la investigación. Además, se envía vía radio una pareja de valores (letra y número) codificada con el Cuadrado de Polibio a la micro:bit de la comisaria Lagatha Christie, que se encuentra en la central. Allí, ese mensaje se decodifica para obtener las letras asociadas al jeroglífico escaneado, lo que permitirá ir reconstruyendo poco a poco el nombre del sospechoso.

Para obtener una explicación más amplia puedes descargar la Guía Didáctica

Obra publicada con Licencia Creative Commons CC BY-NC-SA InnovaRetosCLM 2025 – Servicio de Innovación Educativa de JCCM

Volver

Anterior
Tras la Sombra del Cómplice
OBJETIVOS

    Aprender a configurar la cámara Huskylens para el reconocimiento de imágenes y sus comunicaciones con placas programables micro:bit.
    Aprender a programar la placa microcontroladora micro:bit para el tratamiento de información procedente de la cámara Huskylens.
    Aprender a programar el display LCD 1602 para visualización de datos y sus comunicaciones con la placa micro:bit.
    Aprender a programar las comunicaciones entre placas microcontroladoras micro:bit.

Obra publicada con Licencia Creative Commons CC BY-NC-SA InnovaRetosCLM 2025 – Servicio de Innovación Educativa de JCCM

Volver
Tras la Sombra del Cómplice
DESARROLLO DEL RETO

Para poder realizar el reto correctamente, es importante seguir la siguiente secuencia de pasos: 1. Preparación del material. Antes de comenzar el reto, ve a la zona de descargas, descárgate todos los recursos disponibles e imprímelos.

    En el siguiente enlace tienes todos los jeroglíficos, descárgalos e imprímelos.

    En este enlace tienes los sospechosos.

    En este enlace tienes las imágenes de los lugares emblemáticos, descárgalos e imprímelos.

    En este enlace tienes los símbolos egipcios para la matriz de leds de la micro:bit. 

2. Consulta de recursos. Al inicio de la guía en el apartado ""Recursos"" podrás encontrar ejemplos de programación e información que te ayudará a comprender cómo llevar a cabo el reto.

Obra publicada con Licencia Creative Commons CC BY-NC-SA InnovaRetosCLM 2025 – Servicio de Innovación Educativa de JCCM

Siguiente
Tras la Sombra del Cómplice
DESARROLLO DEL RETO

3. Inicio de la misión. Coloca sobre la mesa las imágenes de los lugares emblemáticos. Herclaw y Miss Miauple comenzarán la investigación en la estación de la ciudad de El Cairo. Allí deberán escanear con la lupa inteligente (Huskylens) un jeroglífico. Para ello, deberán escanear con la cámara Huskylens la imagen del jeroglífico (escarabajo) que aparece en la imagen de la estación. 4. Obtención de la pista. Una vez escaneado el jeroglífico, en la pantalla del display LCD 1602 aparecerá el siguiente lugar emblemático (nombre) al que deben dirigirse para continuar con la investigación. 5. Envío del mensaje secreto. Al escanear el jeroglífico, se enviará vía radio un mensaje formado por una pareja de datos (una letra y un número) a la comisaria Lagatha Christie. Estos datos se transmitirán desde la micro:bit de Herclaw y Miss Miauple a la micro:bit de la comisaria Lagatha Christie. En el siguiente enlace tienes una tabla que relaciona cada jeroglífico con la pareja de datos a enviar a la micro:bit de Lagatha Christie. 6. Decodificación del mensaje. La comisaria Lagatha Christie recibirá los datos (una letra y un número) y los decodificará en su micro:bit utilizando un algoritmo basado en el Cuadrado de Polibio que es el sistema de cifrado en el que está encriptada la información. 7. Secuencia de los lugares emblemáticos. La investigación llevará la siguiente secuencia de lugares emblemáticos.

Obra publicada con Licencia Creative Commons CC BY-NC-SA InnovaRetosCLM 2025 – Servicio de Innovación Educativa de JCCM

Volver

Siguiente
Tras la Sombra del Cómplice
DESARROLLO DEL RETO

8. Resolución del misterio. Al recorrer todos los lugares emblemáticos y recibir todas las parejas de números, Lagatha Christie podrá descifrar las letras correspondientes y finalmente averiguar el nombre del cómplice de Alan Salton. ¿Seréis capaces de averiguar el nombre del cómplice de Alan Salton?

Obra publicada con Licencia Creative Commons CC BY-NC-SA InnovaRetosCLM 2025 – Servicio de Innovación Educativa de JCCM

Volver

Fin Sección
Tras la Sombra del Cómplice
RECURSOS DEL RETO

Para resolver este reto dispones de los siguientes recursos:

    RECURSO1: configuración de la cámara Husky lens. Se seguirá el mismo procedimiento explicado para el reconocimiento de colores en el entrenamiento Tras la Piedra de Roseta pero se utilizará el modo de trabajo Object Classificatión (clasificación de objetos).
    RECURSO2: programación de la tarjeta micro:bit con la cámara Huskylens. Se seguirá el ejemplo de programación explicado en el entrenamiento Tras la Piedra de Roseta con el modo de trabajo Object Classificatión (clasificación de objetos).
    RECURSO3: programación de la tarjeta micro:bit para gestión del display LCD 1602. Se seguirá el ejemplo de programación explicado en el entrenamiento Tras la Piedra de Roseta.
    RECURSO4: cifrado Cuadrado de Polibio.
    RECURSO5: programación de las comunicaciones entre las tarjetas micro:bit. En este apartado se explica como programar las tarjetas micro:bit para que puedan intercambiar datos entre ellas.

INDICE

RECURSO4

RECURSO5

Obra publicada con Licencia Creative Commons CC BY-NC-SA InnovaRetosCLM 2025 – Servicio de Innovación Educativa de JCCM

Siguiente
RECURSO4: cifrado Cuadrado de Polibio

El Cuadrado de Polibio es un método de cifrado de información en el que cada letra del alfabeto se sustituye por las coordenadas de su posición dentro de un cuadrado. Este sistema organiza las letras en una tabla o cuadrícula, normalmente de 5 × 5, donde cada fila y cada columna están numeradas. Para codificar una letra, se indican dos números:

            el primero corresponde a la fila,

            el segundo corresponde a la columna.

Por ejemplo, si una letra se encuentra en la fila 2 y columna 3, se representaría con el número 23 (en este ejemplo apunta a la letra H).

Siguiente

Obra publicada con Licencia Creative Commons CC BY-NC-SA InnovaRetosCLM 2025 – Servicio de Innovación Educativa de JCCM

Volver
RECURSO4: Cifrado Cuadrado de Polibio

Para nuestro reto utilizaremos una versión modificada del Cuadrado de Polibio, en la que las filas estarán identificadas por letras y las columnas por números. De este modo, cada letra del mensaje se representará mediante una pareja formada por una letra y un número, que indicarán su posición dentro de la tabla. La micro:bit receptora utilizará esa pareja letra-número para localizar la posición correspondiente en la tabla y así descodificar la letra original del mensaje. Al disponer de 5 jeroglíficos, enviaremos 5 mensajes, uno por cada jeroglífico escaneado. Cada mensaje estará formado por una pareja de valores: una letra y un número, según la versión modificada del Cuadrado de Polibio que estamos utilizando. De esta manera, al completar los cinco envíos, la micro:bit receptora de la comisaria Lagatha Christie habrá recibido las cinco parejas de letra-número, que podrá decodificar para obtener las letras correspondientes y finalmente descubrir el nombre del cómplice.

Obra publicada con Licencia Creative Commons CC BY-NC-SA InnovaRetosCLM 2025 – Servicio de Innovación Educativa de JCCM

Volver

Fin Sección
RECURSO5: programación de las comunicaciones entre las tarjetas micro:bit

En este apartado programaremos una tarjeta micro:bit emisora para enviar por radio a otra tarjeta micro:bit receptora la información asociada a un jeroglífico reconocido por el sistema de Huskylens. De este modo, cada vez que se identifique un jeroglífico, la micro:bit emisora transmitirá una pareja de valores (una letra y un número) correspondientes a las coordenadas del cuadrado de Polibio, que se ha utilizado como sistema de codificación del mensaje. A continuación, continuaremos con la programación de la segunda micro:bit, la receptora. Esta tarjeta recibirá la pareja de valores (una letra y un número) enviados por radio y mostrará dos letras en la matriz de leds para indicar que los ha recibido.

Micro:bit emisora

Micro:bit receptora

Obra publicada con Licencia Creative Commons CC BY-NC-SA InnovaRetosCLM 2025 – Servicio de Innovación Educativa de JCCM

Fin Sección
Tras la Sombra del Cómplice
MATERIALES NECESARIOS
DISPOSITIVOS
DESCARGAS
OTROS

Cableado

Micro:bit y LDC 1602

Imágenes imprimibles Guía didáctica

Obra publicada con Licencia Creative Commons CC BY-NC-SA InnovaRetosCLM 2025 – Servicio de Innovación Educativa de JCCM

Volver
Tras la Piedra de Rosetta
VÍDEOS

    Presentación de InnovaRetosCLM 25-26
    Inicio de reto 1 - El misterio de la piedra de Rosetta
    Cámaras de seguridad del museo
    Fin de reto 1 - Captura del culpable
    Inicio de reto 2

Obra publicada con Licencia Creative Commons CC BY-NC-SA InnovaRetosCLM 2025 – Servicio de Innovación Educativa de JCCM

Volver
Tras la Sombra del Cómplice
ENTREGAS

En este apartado te indicaremos los pasos a seguir para entregar tu proyecto:

1. Necesitarás las siguientes evidencias:

        Documento pdf con 2 fotografías del grupo realizando la tarea donde aparezca la cámara Huskylens y la tarjeta micro.bit. Mensaje secreto y nombre del ladrón
        Programa de makecode de la micro:bit para el reconocimiento de las imágenes (jerglíficos).
        Programa de makecode de la micro:bit para enviar y recibir en las micro:bit.

2. Incluye toda la información anterior en un fichero comprimido denominado ""nombrecentro_curso"" y envíaselo a tu profesor. 3. El profesor del grupo seleccionará el reto a enviar de entre los propuestos y lo adjuntará al formulario de entregas para la Categoría Genius en el genially de InnovaRetosCLM Curso 2025-26.

Obra publicada con Licencia Creative Commons CC BY-NC-SA InnovaRetosCLM 2025 – Servicio de Innovación Educativa de JCCM

Volver

El propósito de este código de bloques es el enviar a la micro:bit receptora un número y una letra (cifrado cuadrado de Polibio).

Imagen extraída del editor MakeCode (CC BY-SA)

Este programa recibe dos valores (una letra y un número) y muestra por la matriz de leds dos letras.

Imagen extraída del editor MakeCode (CC BY-SA)";Tras la detención del ladrón de la Rosetta Stone, Alan Salton, la comisaria de Scotland Yard, Lagatha Christie, junto a su felino equipo de detectives, Herclaw Poirot y Miss Miauple, siguieron las pistas para localizar la piedra robada por su cómplice.
INNOVARETOS2025;InnovaRetos CLM (Fase II);Secundaria;"1º ESO; 2º ESO; 3º ESO";12-15 años;Diseño 3D;Pasajeros al Tren de los Bloques: Rumbo al Misterio de Rosetta.;https://view.genially.com/69960cc7dbda3f61377a9c89;Educación Secundaria, Diseño 3D, Entrenamiento, Egiptología / narrativa histórica, Gamificación / misterio, Programación, STEAM, INNOVARETOS;"CATEGORÍA GENIUS
ENTRENAMIENTO
Diseño 3D: CodeBlock de TinkerCad
Pasajeros al Tren de los Bloques: Rumbo al Misterio de Rosetta.
Edad recomendada: A partir de 12 años
GUÍA DIDÁCTICA

Descripción

Desarrollo
Temporalización: 3 sesiones (55 min.)

Objetivos

Materiales
Materia: Tecnología y Digitalización, Desarrollo Digital, y Educación Plástica, Visual y Audiovisual

Vídeos
Recursos: Herramienta online TinkerCad
InnovaRetosCLM 25/26 – Servicio de Innovación Educativa de JCCM Autoría: Raúl Casanova Sánchez Imágenes creadas con Gemini.
Pasajeros al Tren de los Bloques: Rumbo al Misterio de Rosetta.
DESCRIPCIÓN

¡Londres ha sido solo el comienzo! Gracias a vuestro ingenio, los detectives Hercule Poirot y Miss Miauple han logrado atrapar al ladrón, pero el rastro de la Piedra Rosetta no termina aquí. Las últimas pistas apuntan a que el tesoro ha cruzado fronteras y se encuentra oculto en el corazón de Egipto. Para resolver este enigma internacional, nuestros detectives deben emprender un viaje épico a bordo del legendario Orient Express. Sin embargo, este no es un viaje ordinario: el tren no está listo y necesitamos ingenieros capaces de construirlo desde cero. Vuestra tarea es un desafío de ingeniería con código y es fundamental que dominéis Codeblocks de Tinkercad. En lugar de usar herramientas de diseño convencionales, aprenderéis a utilizar la lógica de programación por bloques, para dar forma a una potente locomotora de vapor.

Este entrenamiento es vital. Si lográis construir esta máquina pieza a pieza mediante código, estaréis preparados para el reto final: rediseñar la Piedra Rosetta del futuro cuando lleguemos a las pirámides. ¿Te atreves a convertirte en un arquitecto del código? ¡El tren está a punto de salir!

¿Te subes al tren?

Obra publicada con Licencia Creative Commons CC BY-NC-SA InnovaRetosCLM 2025 – Servicio de Innovación Educativa de JCCM

Volver
Pasajeros al Tren de los Bloques: Rumbo al Misterio de Rosetta.
DESARROLLO

Esta actividad consta de cuatro fases o pasos diferentes. PASO 1: Conocer el entorno de Codeblocks en Tinkercad. Identificar las herramientas y objetos que se van a utilizar para programar el diseño. PASO 2: Bocetado del objeto a diseñar. Realizar un boceto a mano de la locomotora. PASO 3: Programación en Codeblocks. Programar con los elementos de Codeblock la locomotora. PASO 4: Exportar el diseño como objeto de librería. Exportar la locomotora a un objeto dentro de la colección ""Tus creaciones"" para ser utilizado desde diseño 3D.
INDICE

PASO 1

PASO 2

PASO 3

PASO 4

Volver

Obra publicada con Licencia Creative Commons CC BY-NC-SA InnovaRetosCLM 2025 – Servicio de Innovación Educativa de JCCM
Paso 1: Entorno de Codeblocks.

Desde diseño, pincha en Crear, y elige la opción ""Bloques de código"". Aparecerá una pantalla como ésta.

Volver

Obra publicada con Licencia Creative Commons CC BY-NC-SA InnovaRetosCLM 2025 – Servicio de Innovación Educativa de JCCM
Paso 2: Análisis y bocetado del diseño.

Antes de empezar a programar en Codeblocks, es fundamental realizar un estudio visual de la locomotora que queremos diseñar. Aquí se presenta el boceto que vamos a codificar en los siguientes pasos. Sobre la imagen identifica las formas geométricas simples que hay que utilizar el el diseño con el código, así como sus dimensiones.

Es importante tener claro los ejes de coordenadas para no liarse cuando se realizan los desplazamientos una vez creada la figura geométrica simple.

En la zona donde se visualiza el objeto diseñado, los ejes vienen diferenciados por colores, y su correspondencia es: El eje rojo es el eje X. El eje verde es el eje Y. El eje azul es el eje Z.

Volver

Obra publicada con Licencia Creative Commons CC BY-NC-SA InnovaRetosCLM 2025 – Servicio de Innovación Educativa de JCCM
Paso 3: Diseñando con Codeblocks.

Para construir nuestra locomotora vamos a dividir el proceso en cuatro partes.

    Construcción de base y la caldera de la locomotora. En este proceso tomaremos contacto con Codeblocks y pondremos los cimientos para construir nuestra locomotora.
    Construcción de la cabina. En esta parte ampliaremos nuestros conocimiento de Codeblocks realizando operaciones booleanas de restar objetos y generar huecos dentro de una pieza.
    Construcción de las ruedas. Aquí verás lo útil que es Codeblocks para crear este tipo de piezas de revolución, y elementos repetitivos, que un diseño 3D hubiera sido mucho más complicado.
    Añadir chimenea y adornos. Aunque esta parte es muy sencilla, es mejor realizarla al final, ya que son pequeños detalles que vamos añadir a nuestra locomotora. 

Paso 3.1

Paso 3.2

Paso 3.3

Paso 3.4

Volver

Obra publicada con Licencia Creative Commons CC BY-NC-SA InnovaRetosCLM 2025 – Servicio de Innovación Educativa de JCCM
Paso 3: Diseñando con Codeblocks.
Paso 3.1: Creamos la base y caldera locomotora 1/2.

Para comenzar nuestra locomotora vamos a empezar creando la base y la caldera. Para ello selecionamos la sección ""Formas"" y atrastramos el cubo a la zona de trabajo. Ampliamos las opciones del código del Cubo clicando en "">"" y podemos definir las dimensiones modificando las que salen por defecto.

Podemos ver que sucede si pulsamos sobre el ""Play"" o directamente sobre la pieza de código que hemos llevado a la zona de trabajo. Ahora hay que colocar el prisma en la ubicación correcta, para ello usamos el bloque morado ""Modificar"" y arrastramos el bloque ""Mover"", dandole la coordenadas correctas.

Continuación

Volver a paso 3

Obra publicada con Licencia Creative Commons CC BY-NC-SA InnovaRetosCLM 2025 – Servicio de Innovación Educativa de JCCM
Paso 3: Diseñando con Codeblocks.
Paso 3.1: Creamos la base y caldera locomotora. 2/2

Continuamos con la creación del cuerpo de la cladera, y para ello arrastramos el bloque ""Cilindro"", dimensionamos y modificamos su ubicación con los códigos ""Mover"" y ""Girar alrededor"". El código completo (unido al anterior) queda de la siguiente forma:

Observa que hay un código incial ""Crear nuevo objeto"" que se ha obtenido de la sección de color blanco ""Heredado"".Este bloque no sería necesario para la ejecución del diseño en la pantalla de visualización, pero es muy interesante para que nos sirva de guía de todos los bloques que vamos a utilizar, según se va complicando nuestro diseño.

Volver

Obra publicada con Licencia Creative Commons CC BY-NC-SA InnovaRetosCLM 2025 – Servicio de Innovación Educativa de JCCM

Volver a paso 3
Paso 3: Diseñando con Codeblocks.
Paso 3.2: Construcción de la cabina de la locomotora. 1/2

La parte de la cabina, es una parte compleja ya que tendremos que usar operaciones Booleanas, usando el concepto de hueco, como ya se ha utilizado en el entrenamiento y reto anterior de InnovaRetos, pero en la construcción de diseño 3D. Lo primero será crear dos primas , pero uno dentro del otro de forma que sea un poco más pequeño. El prisma menor lo diseñaremos como ""hueco"" y poder restar sobre el anterior.

Obra publicada con Licencia Creative Commons CC BY-NC-SA InnovaRetosCLM 2025 – Servicio de Innovación Educativa de JCCM

Continuación

Volver a paso 3
Paso 3: Diseñando con Codeblocks.
Paso 3.2: Cronstrucción de la cabina de la locomotora. 2/2

Ahora vamos con la parte de las ventanas. Crearemos un prisma rectangular, lo copiamos, giramos y colocamos en la posición correcta, y realizamos la operación booleana de restar, ya que los crearemos como huecos. Unimos esta parte del código a la anterior de crear nuevo objeto ""Cabina"".

Volver

Obra publicada con Licencia Creative Commons CC BY-NC-SA InnovaRetosCLM 2025 – Servicio de Innovación Educativa de JCCM

Volver a paso 3
Paso 3: Diseñando con Codeblocks.
Paso 3.3: Cronstrucción de las ruedas.1/3

Estás a punto de descubrir una herramienta muy interesante y potente para la creación de figuras repetitivas. Lo primero será crear una rueda con todos sus ejes. Para ello creamos un tubo que será el exterior del la rueda, y un cilindro que hará la función de eje. Pero lo importante o novedoso es la creación de los radios de la rueda. Avanza a la página siguiente para entender la parte del bucle, en el que se ha utilizado un contador.

Continuación

Obra publicada con Licencia Creative Commons CC BY-NC-SA InnovaRetosCLM 2025 – Servicio de Innovación Educativa de JCCM

Volver a paso 3
Paso 3: Diseñando con Codeblocks.
Paso 3.3: Cronstrucción de las ruedas. 2/3

¿Por qué usamos un bucle? La respuesta es sencilla, queremos contruir 6 radios en la rueda, aunque visualmente parecen 12 radios, ya que atraviesan la parte central del eje de la rueda y por lo tanto es un proceso repetitivo que podemos automatizar. Además podemos parametrizar el giro de cada uno de los diámetros. ¿Por qué el giro de 30º? Piensalo, la circunferencia son 360º, si tenemos 12 radios (6 cilindro), haciendo la división tenemos esos 30º. Con estos datos mira y analiza el código propuesto.

Continuación

Obra publicada con Licencia Creative Commons CC BY-NC-SA InnovaRetosCLM 2025 – Servicio de Innovación Educativa de JCCM

Volver a paso 3

Volver
Paso 3: Diseñando con Codeblocks.
Paso 3.3: Cronstrucción de las ruedas. 3/3

Una vez conseguida la primera rueda solo queda replicar, adaptar el tamaña y colocar en la ubicación correcta. Como ya está construida la rueda grande, adaptamos el tamaño a las ruedas pequeñas delanteras y las colocamos. Una vez diseñado las tres ruedas del lado izquierdo solo hay que agruparlas y replicarlas para trasladarlas al lado derecho de la locomotora. Este código de la izquierda es el que va a continuación de los bloques que hemos creado anteriormente..

Si quieres ver el código completo para la construcción de la ruedas pincha en el siguiente enlace.

Código completo ruedas

Volver

Obra publicada con Licencia Creative Commons CC BY-NC-SA InnovaRetosCLM 2025 – Servicio de Innovación Educativa de JCCM

Obra publicada con Licencia Creative Commons CC BY-NC-SA InnovaRetosCLM 2025 – Servicio de Innovación Educativa de JCCM

Volver a paso 3
Paso 3: Diseñando con Codeblocks.
Paso 3.4: Construimos la chimenea y adornos. 1/2

Ya estamos llegando al final, ahora vamos con la chimenea. Esta parte es muy sencilla y no necesita mucha explicación. Se trata de hacer un tronco de cono invertido. Intenta pensar en el código, pero si no le consigues pincha en el enlace de la derecha.

Código chimenea

Otra parte que podemos añadir a la locomotora es el enganche para unir al bagón. Esta parte también es muy fácil, ya que se trata de dos cilindros de diferentes diametros y unidos. La parte más compleja será colocarlos en la ubicación y orientación correcta.

Código enganche

Ahora colocamos un tejado a la cabina de forma que tenga una forma curva.

Código techo cabina

Ya solo nos faltan los pequeños detalles que le van a dar la elegancia y carisma a nuestra locomotora. Ten en cuenta que aqui podrás colocar tantos adornos como consideres. En la siguiente diapositiva podréis ver los que adornos que os sugiero realizar.

Continuación

Obra publicada con Licencia Creative Commons CC BY-NC-SA InnovaRetosCLM 2025 – Servicio de Innovación Educativa de JCCM

Volver a paso 3
Paso 3: Diseñando con Codeblocks.
Paso 3.4: Añadimos la chimenea y adornos. 2/2

Entre los adornos que os propongo añadir tenemos, unas pequeñas semiesferas y unos aros en el lateral de la caldera y una semiesfera grande en la parte delantera de la locomotora. En la imagen solo aparece los objetos nuevos, pero es recomendable que ejecutes todo el código creado hasta ahora, para ver que la ubicación de las nuevas formas está en la posición correcta. Vamos por partes:

    Semiesferas. Utilizaremos la forma de espera ya que la figura irá empotrada en el cilindro de la caldera. Primero creamos una, que colocamos en su ubicación para luego duplicar dos veces y desplazar. Una vez tenemos las tres esferas en un lado, agrupamos y duplicamos para el otro lado.
    Aros. Usaremos la forma cilindro ajustando el tamaño poco mayor que el diámetro del cilindro de la caldera. Movemos a la ubicación correcta y luego duplicamos dos veces.
    Semiesfera parte delantera. Muy simple utilizamos la forma esfera, dimensionamos y llevamos a la ubicación correcta.

Código adornos

Volver

Obra publicada con Licencia Creative Commons CC BY-NC-SA InnovaRetosCLM 2025 – Servicio de Innovación Educativa de JCCM

Volver a paso 3
Paso 4: Exportar objetos a mi librería.

Ya hemos conseguido diseñar nuestra locomotora. ¡Objetivo cumplido! Pero vamos a aprender a sacar el máximo rendimiento a Tinkercad, y combinar ambas partes, Diseño 3D y Codeblock. Ya has visto que se puede generar un objeto completo usando Codeblock, como ha sido nuestra locomotora, pero lo normal es que se utilice esta herramienta para generar figuras complejas de repetición (por ejemplo la rueda de la locomotora), y luego exportarlo como objeto de nuestra libreria para así poder incluirlo en nuestro Diseño 3D. Vamos a ver como se realiza este proceso de exportación.

    Clicar en botón ""Compartir"". 2. Marcar ""Forma 3D"". 3. Escribe el nombre y guardar.

Volver

Continuación

Obra publicada con Licencia Creative Commons CC BY-NC-SA InnovaRetosCLM 2025 – Servicio de Innovación Educativa de JCCM
Paso 4: Exportar objetos a mi librería.

Una vez guardado nuestro diseño de la locomotora, vamos a Diseño 3D y si clicamos en las librerías ""Sus creaciones"" vemos que aparece un nuevo objeto que es nuestra locomotora, y lo podremos utilizar como un objeto más para incluir dentro del Diseño 3D. Si has realizado el entrenamiento o reto del anterior InnovaRetos (Misión Londrés), ya tienes creado a alguno de nuestros felinos detectives (Lagatha Christie, Hercule Poirot y Miss Miauple). Te propongo integrar a uno de nuestros detectives dentro de la locomotora como si fuera el conductor. Si no hubieras realizado el anterior InnovaRetos, no te preocupes no es necesario realizarlo para completar este entrenamiento.

Obra publicada con Licencia Creative Commons CC BY-NC-SA InnovaRetosCLM 2025 – Servicio de Innovación Educativa de JCCM

Continuación

Obra publicada con Licencia Creative Commons CC BY-NC-SA InnovaRetosCLM 2025 – Servicio de Innovación Educativa de JCCM

Volver
Paso 4: Exportar objetos a mi librería.

¿Cómo integrar unos de nuestros detectives en la locomotora?

    Abrimos el diseño 3D de uno de nuestro detectives.
    Añadimos la forma de la locomotora dentro de ""Sus creaciones"" que hemos creado previamente.
    Dimensionamos nuestra locomotora al tamaño adecuado con relación al tamaño del detective.
    Trasladamos nuestro detective dentro de la zona de la cabina de la locomotora.
    Guardamos nuestro proyecto con un nuevo nombre.

Felidades por haber terminado el entrenamiento. Ahora ya estáis preparados para adentraros en el Reto. Ánimo y a por ello.

Volver

Obra publicada con Licencia Creative Commons CC BY-NC-SA InnovaRetosCLM 2025 – Servicio de Innovación Educativa de JCCM
Pasajeros al Tren de los Bloques: Rumbo al Misterio de Rosetta.
OBJETIVOS

    Iniciarse en el entorno de progamación de bloques Codeblocks de TinkerCad.
    Crear objetos sencillos básicos mediante el lenguaje de programación por bloques Codeblocks de TinkerCad.
    Crear objetos complejos que requieren repetición de objetos más simples mediante el lenguaje de programación por bloques Codeblocks de TinkerCad.

    Desarrollar la creatividad y la visión espacial integrando disciplinas STEAM (Ciencia, Tecnología, Ingeniería, Arte y Matemáticas).

Obra publicada con Licencia Creative Commons CC BY-NC-SA InnovaRetosCLM 2025 – Servicio de Innovación Educativa de JCCM
Pasajeros al Tren de los Bloques: Rumbo al Misterio de Rosetta.
MATERIALES NECESARIOS
DISPOSITIVOS
DESCARGAS
OTROS

    Ordenador con conexión a Internet y ratón físico para facilitar el diseño 3D.

    Cuenta en Tinkercad.

Obra publicada con Licencia Creative Commons CC BY-NC-SA InnovaRetosCLM 2025 – Servicio de Innovación Educativa de JCCM
La Piedra de Rosetta del futuro
VÍDEOS

    Presentación de InnovaRetosCLM 25-26
    Inicio de reto 1 - El misterio de la piedra de Rosetta
    Cámaras de seguridad del museo
    Fin de reto 1 - Captura del culpable

¡Novedad!

Obra publicada con Licencia Creative Commons CC BY-NC-SA InnovaRetosCLM 2025 – Servicio de Innovación Educativa de JCCM

¿Seguro que quieres desvelar el misterio?

Nombre completo del culpable
La Piedra de Rosetta del futuro
ENTREGAS

Una vez realizado el diseño de ""La Piedra de Rosetta del futuro"" crea un documento Word donde incluirás las siguientes evidencias:

    Realiza capturas de pantalla, desde el entorno de TinkerCad, de la figura 3D creada desde diferentes perspectivas, de forma que se puedan ver todas las caras escritas de la pirámide.
    Enlace al diseño creadado desde TinkerCad. 

Instrucciones para obtener el enlace.

Convierte a PDF el documento y renómbralo como IES_Nombre_del_Centro_grupo.pdf Finalmente, entrega el PDF a tu profesor/a para que lo adjunte al formulario de entrega oficial.

Entregar evidencias

Obra publicada con Licencia Creative Commons CC BY-NC-SA InnovaRetosCLM 2025 – Servicio de Innovación Educativa de JCCM

Desde tu perfil de Tinkercad entra en ""Diseños"" y sobre tu proyecto selecciona la rueda dentada. Haz clic en ""Propiedades"" y en ""Privacidad"" elige la opción ""Público"" o ""Compartir vínculo"". Guarda los cambios.

Haz clic en tu diseño (pero no en modificar). En la ventana que aparece pincha en ""Copiar vínculo"". Finalmente pega el enlace en tu documento word.";Esta actividad consta de cuatro fases o pasos diferentes. PASO 1: Conocer el entorno de Codeblocks en Tinkercad. Identificar las herramientas y objetos que se van a utilizar para programar el diseño. PASO 2: Bocetado del objeto a diseñar. Realizar un boceto a mano de la locomotora.
INNOVARETOS2025;InnovaRetos CLM (Fase II);Secundaria;"1º ESO; 2º ESO; 3º ESO";12-15 años;Diseño 3D;La Piedra de Rosetta del futuro;https://view.genially.com/6992e4f4c49d9fa903d43d9d;Educación Secundaria, Diseño 3D, Reto, Egiptología / narrativa histórica, Gamificación / misterio, Programación, STEAM, INNOVARETOS;"RETO
CATEGORÍA GENIUS
Diseño 3D: TinkerCad
La Piedra de Rosetta del futuro
Edad recomendada: A partir de 12 años
GUÍA DIDÁCTICA

Descripción

Reto
Temporalización: 3 sesiones (55 min.)

Objetivos

Materiales
Materia: Tecnología y Digitalización, Desarrollo Digital, y Educación Plástica, Visual y Audiovisual

Entregas

Vídeos
Recursos: Herramienta online TinkerCad
InnovaRetosCLM 25/26 – Servicio de Innovación Educativa de JCCM Autoría: Raúl Casanova Sánchez Imágenes creadas con Gemini.
La Piedra de Rosetta del futuro
DESCRIPCIÓN

El equipo de la comisaria Lagatha Christie, Herclaw Poirot y Miss Miauple se ha desplazado a Egipto con una misión crítica: localizar la legendaria Piedra de Rosetta. Como sabéis, este fragmento de estela del 196 a.C. fue la llave que permitió al mundo entender los jeroglíficos egipcios gracias a que contenía el mismo mensaje en tres escrituras diferentes. Sin embargo, vuestra misión en InnovaRetosCLM va un paso más allá. Os propongo diseñar la ""Piedra de Rosetta del futuro"". Para resolver este enigma, deberéis programar una pirámide de cuatro lados mediante Codeblocks en TinkerCad. El desafío es doble: cada cara debe lucir la palabra ""PAZ"" grabada en cuatro códigos distintos: español, inglés, binario y hexadecimal. Si es vuestra primera vez con Codeblocks, no os preocupéis: podéis comenzar con el Entrenamiento para afinar vuestras destrezas. Este reto pondrá a prueba no solo vuestra capacidad de programación, sino también vuestro ingenio matemático y visión geométrica. ¿Aceptáis el desafío? Pinchad en el botón para abrir las instrucciones de la misión.

Protocolo de diseño

Obra publicada con Licencia Creative Commons CC BY-NC-SA InnovaRetosCLM 2025 – Servicio de Innovación Educativa de JCCM

Volver
La Piedra de Rosetta del futuro
PROTOCOLO DE DISEÑO (RETO)

Vuestro diseño final debe cumplir estrictamente con las siguientes especificaciones técnicas para ser aceptado por la Comisaría Lagatha Christie:

    Plataforma de desarrollo: El diseño debe programarse íntegramente mediante Codeblocks en TinkerCad.
    Geometría: Debe ser una réplica a escala de la Pirámide de Giza. ¡Ojo! Deberéis investigar o calcular el ángulo exacto de sus caras para que el texto encaje perfectamente. Vuestra pirámide no debe tener unas dimensiones superiores a una base de 10x10 centímetros (100x100 mm).
    El Mensaje: En cada una de sus caras aparecerá la palabra ""PAZ"" grabada en cuatro lenguajes:
        Cara 1: En español (una sola línea).
        Cara 2: En inglés (una sola línea).
        Cara 3: En código Binario (dispuesto en tres líneas).
        Cara 4: En código Hexadecimal (dispuesto en tres líneas). 
    Acabado: Los caracteres deben quedar integrados en bajo relieve (efecto tallado en la piedra).

Expediente del caso

Si los cálculos geométricos o las traducciones a código os resultan un enigma, consultad las anotaciones secretas de nuestros detectives en el Expediente del Caso.

Volver

Obra publicada con Licencia Creative Commons CC BY-NC-SA InnovaRetosCLM 2025 – Servicio de Innovación Educativa de JCCM
La Piedra de Rosetta del futuro
ANOTACIONES EN EL EXPEDIENTE DEL CASO

Anotaciones detective Herclaw Poirot:

Anotaciones detective Miss Miauple:

    Investigación: secretos de la Gran Pirámide de Keops.
    Cálculos de ""La Piedra de Rosetta del futuro"".
    Croquis: la inclinación de las caras.

    Equivalencias en la Tabla ASCII.
    Algoritmo: El misterio del sistema Binario.
    Traducción a sistema Hexadecimal.

Pistas geométricas

Pistas codificación

Volver

Obra publicada con Licencia Creative Commons CC BY-NC-SA InnovaRetosCLM 2025 – Servicio de Innovación Educativa de JCCM
La Piedra de Rosetta del futuro
ANOTACIONES HERCLAW POIROT

La pirámide de Keops o Gran Pirámide de Guiza es la mayor de las pirámides de Egipto, la más antigua de las siete maravillas del mundo antiguo (construida alrededor de 2,600 a. C) y la única que perdura en la actualidad. Usando la geometria y trigonometría se pueden calcular la dimensiones de la replica de la pirámide de Keops para construir la ""Piedra Rosetta del futuro"" Reflexión: las letras deben ubicarse en la cara inclinada de la pirámide, pero hay que investigar en que coordenadas. Pero esto se complica, la palabra PAZ cabe en una linea, pero al escribir el código binario se van a necesitar 3 líneas. Es necesario realizar estos calculos para su ubicación.

Pirámide de Keops

Cálculos ""Piedra Rosetta futuro""

Ubicación lineas letras.

Obra publicada con Licencia Creative Commons CC BY-NC-SA InnovaRetosCLM 2025 – Servicio de Innovación Educativa de JCCM

Volver
La Piedra de Rosetta del futuro
ANOTACIONES MISS MIAUPLE.

El Código ASCII ( American Standard Code for Information Interchange) es el ""diccionario"" universal que permite a los ordenadores entender nuestro lenguaje. Como las máquinas solo comprenden electricidad (encendido o apagado), no pueden ""leer"" letras directamente. Por eso, necesitan que cada carácter tenga un número asignado, y sea convertido a un lenguaje binario de solo ceros y unos. Si el binario es el lenguaje base de las máquinas, el Hexadecimal es el lenguaje que usamos los expertos para no perdernos entre tantos ceros y unos. Es un sistema en base 16.

Tabla de código ASCII

Código binario

Código hexadecimal

Obra publicada con Licencia Creative Commons CC BY-NC-SA InnovaRetosCLM 2025 – Servicio de Innovación Educativa de JCCM

Volver
La Piedra de Rosetta del futuro
OBJETIVOS

    Crear objetos complejos mediante el lenguaje de programación por bloques Codeblocks de TinkerCad.

    Comprender y aplicar diferentes sistemas de codificación, como el código binario y el hexadecimal, para la transmisión de información.

    Resolver retos geométricos mediante el uso de proporciones, escalas y ángulos aplicados a réplicas arqueológicas.

    Desarrollar la creatividad y la visión espacial integrando disciplinas STEAM (Ciencia, Tecnología, Ingeniería, Arte y Matemáticas).

Obra publicada con Licencia Creative Commons CC BY-NC-SA InnovaRetosCLM 2025 – Servicio de Innovación Educativa de JCCM
La Piedra de Rosetta del futuro
MATERIALES NECESARIOS
DISPOSITIVOS
DESCARGAS
OTROS

    Ordenador con conexión a Internet y ratón físico para facilitar el diseño 3D.

    Cuenta en Tinkercad.

Obra publicada con Licencia Creative Commons CC BY-NC-SA InnovaRetosCLM 2025 – Servicio de Innovación Educativa de JCCM
La Piedra de Rosetta del futuro
VÍDEOS

    Presentación de InnovaRetosCLM 25-26
    Inicio de reto 1 - El misterio de la piedra de Rosetta
    Cámaras de seguridad del museo
    Fin de reto 1 - Captura del culpable

¡Novedad!

Obra publicada con Licencia Creative Commons CC BY-NC-SA InnovaRetosCLM 2025 – Servicio de Innovación Educativa de JCCM

¿Seguro que quieres desvelar el misterio?

Nombre completo del culpable
La Piedra de Rosetta del futuro
ENTREGAS

Una vez realizado el diseño de ""La Piedra de Rosetta del futuro"" crea un documento Word donde incluirás las siguientes evidencias:

    Realiza capturas de pantalla, desde el entorno de TinkerCad, de la figura 3D creada desde diferentes perspectivas, de forma que se puedan ver todas las caras escritas de la pirámide.
    Enlace al diseño creadado desde TinkerCad. 

Instrucciones para obtener el enlace.

Convierte a PDF el documento y renómbralo como IES_Nombre_del_Centro_grupo.pdf Finalmente, entrega el PDF a tu profesor/a para que lo adjunte al formulario de entrega oficial.

Entregar evidencias

Obra publicada con Licencia Creative Commons CC BY-NC-SA InnovaRetosCLM 2025 – Servicio de Innovación Educativa de JCCM

Para convertir un número binario a hexadecimal solo tienes que hacer agrupaciones de 4 digitos empezando por la derecha, si el ultimo bloque no tiene 4 digitos añade tantos ceros como sea necesario. Finalmente sustituye el bloque de cuatro digitos de unos y ceros por el valor correspondiente de la tabla. Fijate que se utilizan letras para algunos nñumeross exadecimales.

El número decimal anterior 124 que al pasarlo a binario era 0111 1100 se convierte ahora en el valor 7C en hexadecimal.

Si quieres saber más sobre el Código Hexadecimal puedes ampliar la información pinchando en este enlace.

Desde tu perfil de Tinkercad entra en ""Diseños"" y sobre tu proyecto selecciona la rueda dentada. Haz clic en ""Propiedades"" y en ""Privacidad"" elige la opción ""Público"" o ""Compartir vínculo"". Guarda los cambios.

Haz clic en tu diseño (pero no en modificar). En la ventana que aparece pincha en ""Copiar vínculo"". Finalmente pega el enlace en tu documento word.

Si quieres saber más sobre el Código ASCII puedes ampliar la información pinchando en este enlace.

Para convertir un número decimal (base 10) en un número binario (base 2) solo hay que realizar una división por 2, y repetir el proceso sobre el cociente obtenido hasta que el último cociente tenga el valor 1. Nos fijamos en los restos obtenidos y el último cociente, y los ordenamos de la siguiente forma, primero el ultimo cociente, seguido de los restos en orden inverso a su obtención. Lo mejor es que lo veas en el siguiente ejemplo.Número decimal: 124 Número binario obtenido: 0111 1100 Es recomendable escribir el número binario en grupos de múltipos de cuatro, es decir si obtienes 7 números lo mejor es que añadas un 0 a la izquierda, para tener un bloque de 8 digitos.

Si quieres saber más sobre el Código Binario puedes ampliar la información pinchando en este enlace.

Estos son los cálculos de he obtenido, pero comprueba que estoy en lo correcto, soy malo con las operaciones matemáticas y olvidé traer la calculadoda a Egipto. Por no ensuciar el croquis, no he anotado las correspondencias con las coordenadas de la base para poder definer la ubicación correcta de las lineas de letras. Recordad usar a vuestros confidentes expertos en matemáticas si lo necesitais.

Atención Agentes: Al escribir el programa en CodeBlock, aseguraros de que vuestro texto quepa en la pirámide, seguro que tenéis que usar una escala reductora en las letras.

Utilizando mis conocimientos de geometría y trigonometría he llegado a estas conclusiones, pero he de confesar que no estoy del todo seguro. Aseguraos de que no he cometido ningún error intentando obtener el ángulo de inclinación de la piramide. Recuerda que este dato es fundamental para inclinar las letras en el diseño de la ""Piedra Rosetta del futuro"" y que así queden grabadas sobre la pirámide.

Recuerda que lo importante en un buen detective, no es solo saber hacer las cosas, sino obtener información de quien lo sabe, por eso si no puedes hacer estos cálculos pueder investigar usando como confidente a tu profesor o profesora de matemáticas.

La pirámide de Keops es la mayor del conjunto de pirámides que se encuentran en la meseta de Guiza, en las afueras de la ciudad del Cairo. Su dimensiones son:- Lado de la base 230 metros aproximadamente. - Altura original 146 metros aproximadamente.

Ayudantes si queréis saber más sobre la pirámide de Keops podéis ampliar la información pinchando en este enlace.";El equipo de la comisaria Lagatha Christie, Herclaw Poirot y Miss Miauple se ha desplazado a Egipto con una misión crítica: localizar la legendaria Piedra de Rosetta. Como sabéis, este fragmento de estela del 196 a.C.
INNOVARETOS2025;InnovaRetos CLM (Fase II);Secundaria;"4º ESO; Bachillerato; Adultos";15+ años;Actividad desconectada;EL CODIENT EXPRESS;https://view.genially.com/6989931475046ab5cf1eaba9;Educación Secundaria/Bachillerato, Actividad desconectada, Entrenamiento, Gamificación / misterio, INNOVARETOS;"Desconectadas
CATEGORÍA MÁSTER
ENTRENAMIENTO
EL CODIENT EXPRESS
Edad recomendada: A partir de 15 años
GUÍA DIDÁCTICA

Descripción

Desarrollo
Temporalización: 3 sesiones (55 min.)

Objetivos

Materiales
Área / materia: Matemáticas Tecnología Desarrollo Digital

Vídeos
Recursos: Material impreso
EL CODIENT EXPRESS
DESCRIPCIÓN

El entrenamiento“El Codient Express” es una propuesta del Servicio de Innovación Educativa de JCCM diseñada para introducir al alumnado en los sistemas de numeración y codificación numérica como son el sistema binario, octal y hexadecimal y su relación con el sistema decimal. Todos ellos son utilizados en ampliamente en el mundo de la informática y la digitalización. El recorrido del Codient Express, se desarrolla entre 5 ciudades, siendo el inicio del viaje la ciudad de Londres y el final del viaje, El Cairo. En esta actividad tenemos que descubrir las tres paradas intermedias del recorrido del Codient Express. El tren consta de dos máquinas locomotoras, una en cada extremo y 3 vagones intermedios. Una de las locomotoras tiene la inscripción de Londres y la otra la inscripción de El Cairo. Nos queda averiguar el nombre de las ciudades en cada uno de los tres vagones intermedios. El primer vagón está codificado en sistema binario, el segundo en sistema octal y el tercero en sistema hexadecimal. Los dígitos de cada sistema de numeración se relacionan con letras del alfabeto que os permitirán desvelar el nombre de las 3 ciudades. Aquí tienes la plantilla que las relaciona.

Obra publicada con Licencia Creative Commons CC BY-NC-SA InnovaRetosCLM 2025 – Servicio de Innovación Educativa de JCCM

Siguiente
EL CODIENT EXPRESS
DESARROLLO
CODIFICACION EN SISTEMA BINARIO Y EQUIVALENCIA CON SISTEMA DECIMAL

Obra publicada con Licencia Creative Commons CC BY-NC-SA InnovaRetosCLM 2025 – Servicio de Innovación Educativa de JCCM

Volver

Siguiente
EL CODIENT EXPRESS
DESARROLLO
PLANTILLA PARA CONVERTIR SISTEMA BINARIO EN SISTEMA DECIMAL
Utiliza un lápiz y borrador y podrás reutilizar la plantilla tantas veces como desees. La tabla te permite ir convirtiendo a sistema decimal uno a uno cada uno de los números binarios formados por 5 dígitos.

Obra publicada con Licencia Creative Commons CC BY-NC-SA InnovaRetosCLM 2025 – Servicio de Innovación Educativa de JCCM

Siguiente

Volver
EL CODIENT EXPRESS

PARADA Nº 1
PRIMERA PARADA. SISTEMA BINARIO

El primer vagón contiene la información relativa a la primera parada que va a realizar el Codient Express. Tenemos una serie de 5 dígitos en codificación BINARIA que tenemos que pasar a codificación Decimal. Ayúdate con la plantilla de la página anterior Una vez hecho esto, debemos de utilizar la tabla de equivalencias entre números en sistema decimal y letras para descifrar la ciudad donde va a realizar la primera parada.

CLICA
La primera parada es...

Obra publicada con Licencia Creative Commons CC BY-NC-SA InnovaRetosCLM 2025 – Servicio de Innovación Educativa de JCCM

Volver

Siguiente
EL CODIENT EXPRESS

PARADA Nº 1
COMPRUEBA SOLUCIÓN - PRIMERA PARADA. SISTEMA BINARIO
CUANDO APAREZCA EL VAGÓN, CLICA SOBRE ÉL PARA UTILIZAR EL ARCHIVO EXCEL AUTOMÁTICO QUE TE CONVIERTE LOS NÚMEROS BINARIOS EN LETRAS.

Obra publicada con Licencia Creative Commons CC BY-NC-SA InnovaRetosCLM 2025 – Servicio de Innovación Educativa de JCCM

Siguiente

Volver
EL CODIENT EXPRESS

PARADA Nº 2
CODIFICACIÓN EN SISTEMA OCTAL Y EQUIVALENCIA CON SISTEMA DECIMAL.

Obra publicada con Licencia Creative Commons CC BY-NC-SA InnovaRetosCLM 2025 – Servicio de Innovación Educativa de JCCM

Volver

Siguiente
EL CODIENT EXPRESS
DESARROLLO
PLANTILLA PARA CONVERTIR SISTEMA OCTAL EN SISTEMA DECIMAL
Utiliza un lápiz y borrador y podrás reutilizar la plantilla tantas veces como desees. La tabla te permite ir convirtiendo a sistema decimal uno a uno cada uno de los números octales formados por dos dígitos.

Obra publicada con Licencia Creative Commons CC BY-NC-SA InnovaRetosCLM 2025 – Servicio de Innovación Educativa de JCCM

Volver

Siguiente
EL CODIENT EXPRESS

PARADA Nº 2
SEGUNDA PARADA. SISTEMA OCTAL

El segundo vagón contiene la información relativa a la segunda parada que va a realizar el Codient Express. Tenemos una serie de dígitos en codificación OCTAL que tenemos que pasar a codificación Decimal. Ayúdate con la plantilla de la página anterior Una vez hecho esto, debemos de utilizar la tabla de equivalencias entre números en sistema decimal y letras para descifrar la ciudad donde va a realizar la segunda parada.

CLICA
La segunda parada es...

Obra publicada con Licencia Creative Commons CC BY-NC-SA InnovaRetosCLM 2025 – Servicio de Innovación Educativa de JCCM

Volver

Siguiente
EL CODIENT EXPRESS

PARADA Nº 2
COMPRUEBA SOLUCIÓN- SEGUNDA PARADA. SISTEMA OCTAL
CUANDO APAREZCA EL VAGÓN, CLICA SOBRE ÉL PARA UTILIZAR EL ARCHIVO EXCEL AUTOMÁTICO QUE TE CONVIERTE LOS NÚMEROS OCTALES EN LETRAS.

Obra publicada con Licencia Creative Commons CC BY-NC-SA InnovaRetosCLM 2025 – Servicio de Innovación Educativa de JCCM

Volver

Siguiente
EL CODIENT EXPRESS

PARADA Nº 3
CODIFICACIÓN SISTEMA HEXADECIMAL Y EQUIVALENCIA CON SISTEMA DECIMAL.

Obra publicada con Licencia Creative Commons CC BY-NC-SA InnovaRetosCLM 2025 – Servicio de Innovación Educativa de JCCM

Siguiente

Volver
EL CODIENT EXPRESS
DESARROLLO
PLANTILLA PARA CONVERTIR SISTEMA HEXADECIMAL EN SISTEMA DECIMAL
Utiliza un lápiz y borrador y podrás reutilizar la plantilla tantas veces como desees. La tabla te permite ir convirtiendo a sistema decimal uno a uno cada uno de los números hexadecimales formados por dos dígitos.

Obra publicada con Licencia Creative Commons CC BY-NC-SA InnovaRetosCLM 2025 – Servicio de Innovación Educativa de JCCM

Volver

Siguiente
EL CODIENT EXPRESS

PARADA Nº 3
TERCERA PARADA. SISTEMA HEXADECIMAL

El tercer vagón contiene la información relativa a la tercera parada que va a realizar el Codient Express. Tenemos una serie de dígitos en codificación HEXADECIMAL que tenemos que pasar a codificación Decimal. Ayúdate con la plantilla de la página anterior Una vez hecho esto, debemos de utilizar la tabla de equivalencias entre números en sistema decimal y letras para descifrar la ciudad donde va a realizar la tercera parada.

CLICA
La tercera parada es...

Obra publicada con Licencia Creative Commons CC BY-NC-SA InnovaRetosCLM 2025 – Servicio de Innovación Educativa de JCCM

Siguiente

Volver
EL CODIENT EXPRESS

PARADA Nº 3
COMPRUEBA SOLUCIÓN- TERCERA PARADA. SISTEMA HEXADECIMAL
CUANDO APAREZCA EL VAGÓN, CLICA SOBRE ÉL PARA UTILIZAR EL ARCHIVO EXCEL AUTOMÁTICO QUE TE CONVIERTE LOS NÚMEROS HEXADECIMALES EN LETRAS.

Obra publicada con Licencia Creative Commons CC BY-NC-SA InnovaRetosCLM 2025 – Servicio de Innovación Educativa de JCCM

Siguiente

Volver
EL CODIENT EXPRESS
OBJETIVOS

    Comprender los distintos sistemas de codificación numérica y su interrelación entre ellos.
    Utilizar los sistemas de codificación numérica para relacionarlos con letras.
    Aprender a descifrar mensajes o palabras utilizando la codificación numérica.

Obra publicada con Licencia Creative Commons CC BY-NC-SA InnovaRetosCLM 2025 – Servicio de Innovación Educativa de JCCM

Volver

Siguiente
EL CODIENT EXPRESS
MATERIALES NECESARIOS
PLANTILLAS EJERCICIOS
DESCARGAS

Tabla equivalencias binario-decimalTabla equivalencias octal- decimal Tabla equivalencias hexadecimal-decimal Tabla equivalencia letras-decimal

PLANTILLA BINARIO

PLANTILLA OCTAL

PLANTILLA HEXADECIMAL

Obra publicada con Licencia Creative Commons CC BY-NC-SA InnovaRetosCLM 2025 – Servicio de Innovación Educativa de JCCM

Siguiente

Volver
EL CODIENT EXPRESS
VÍDEOS

    Presentación de InnovaRetosCLM 25-26
    Inicio de reto 1 - El misterio de la piedra de Rosetta
    Cámaras de seguridad del museo
    Fin de reto 1 - Captura del culpable

¡Novedad!

Obra publicada con Licencia Creative Commons CC BY-NC-SA InnovaRetosCLM 2025 – Servicio de Innovación Educativa de JCCM
";PLANTILLA PARA CONVERTIR SISTEMA BINARIO EN SISTEMA DECIMAL Utiliza un lápiz y borrador y podrás reutilizar la plantilla tantas veces como desees. La tabla te permite ir convirtiendo a sistema decimal uno a uno cada uno de los números binarios formados por 5 dígitos.
INNOVARETOS2025;InnovaRetos CLM (Fase II);Secundaria;"4º ESO; Bachillerato; Adultos";15+ años;Actividad desconectada;EL PAPIRO CIFRADO;https://view.genially.com/69b7bfa19af118107120c716;Educación Secundaria/Bachillerato, Actividad desconectada, Reto, Gamificación / misterio, INNOVARETOS;"Desconectadas
RETO
CATEGORÍA MÁSTER
EL PAPIRO CIFRADO
Edad recomendada: A partir de 15 años
GUÍA DIDÁCTICA

Descripción

Desarrollo
Temporalización: 1-2 sesiones (55 min.)

Objetivos

Materiales
Área / materia: Matemáticas Tecnología Desarrollo Digital

Vídeos

Entregas
Recursos: Material impreso

InnovaRetosCLM 2025 /2026– Servicio de Innovación Educativa de JCCM Autoría: Diego Martín Rojas. Imágenes propias y creadas con Gemini.
EL PAPIRO CIFRADO
DESCRIPCIÓN

El reto “El papiro cifrado” es una propuesta del Servicio de Innovación Educativa de JCCM diseñada para introducir al alumnado en los sistemas de numeración y codificación numérica como son el sistema binario, octal y hexadecimal y su relación con el sistema decimal. Todos ellos son utilizados en ampliamente en el mundo de la informática y la digitalización. Para realizar este reto, es muy recomendable haber realizado previamente el entrenamiento, aunque no es totalmente imprescindible. En el viaje que han realizado nuestros detectives a bordo del ""Codient Express"" Herclaw Poirot, Miss Miauple y la inspectora Lagatha Christie, han descubierto en su vagón un papiro egipcio con unas instrucciones codificadas que el ladrón de la Piedra de Rosetta ha dejado. Dicho papiro tiene instrucciones sobre el paradero de la Piedra de Rosetta. El texto inscrito en el papiro consta de 3 partes: 1ª parte: LUGAR: aparece codificada en sistema Hexadecimal. 2ª parte: ENCABEZADO: aparece codificado en sistema Octal. 3ª parte: CUERPO: Aparece codificado en sistema Binario.

Obra publicada con Licencia Creative Commons CC BY-NC-SA InnovaRetosCLM 2025 – Servicio de Innovación Educativa de JCCM

Siguiente
EL PAPIRO CIFRADO
DESCRIPCIÓN

- Si has realizado el entremiento previo a este reto, puedes ir directamente a resolver el reto pulsando aquí.

- Si NO has realizado el entrenamiento previo a este reto, pulsa en la parte inferior derecha de la pantalla en el icono de ""Siguiente"" para acceder a la explicación teórica de los distintos sistemas de codificación y su relación con las letras del abecedario que te ayudarán a resolver el texto inscrito en el papiro.

Obra publicada con Licencia Creative Commons CC BY-NC-SA InnovaRetosCLM 2025 – Servicio de Innovación Educativa de JCCM

Siguiente

Volver
EL PAPIRO CIFRADO
DESARROLLO
CODIFICACION EN SISTEMA BINARIO Y EQUIVALENCIA CON SISTEMA DECIMAL

Obra publicada con Licencia Creative Commons CC BY-NC-SA InnovaRetosCLM 2025 – Servicio de Innovación Educativa de JCCM

Volver

Siguiente
EL PAPIRO CIFRADO
DESARROLLO
PLANTILLA PARA CONVERTIR SISTEMA BINARIO EN SISTEMA DECIMAL
Utiliza un lápiz y borrador y podrás reutilizar la plantilla tantas veces como desees. La tabla te permite ir convirtiendo a sistema decimal uno a uno cada uno de los números binarios formados por 5 dígitos.

Obra publicada con Licencia Creative Commons CC BY-NC-SA InnovaRetosCLM 2025 – Servicio de Innovación Educativa de JCCM

Siguiente

Volver
EL PAPIRO CIFRADO
CODIFICACIÓN EN SISTEMA OCTAL Y EQUIVALENCIA CON SISTEMA DECIMAL.

Obra publicada con Licencia Creative Commons CC BY-NC-SA InnovaRetosCLM 2025 – Servicio de Innovación Educativa de JCCM

Volver

Siguiente
EL PAPIRO CIFRADO
DESARROLLO
PLANTILLA PARA CONVERTIR SISTEMA OCTAL EN SISTEMA DECIMAL
Utiliza un lápiz y borrador y podrás reutilizar la plantilla tantas veces como desees. La tabla te permite ir convirtiendo a sistema decimal uno a uno cada uno de los números octales formados por dos dígitos.

Obra publicada con Licencia Creative Commons CC BY-NC-SA InnovaRetosCLM 2025 – Servicio de Innovación Educativa de JCCM

Volver

Siguiente
EL PAPIRO CIFRADO
CODIFICACIÓN SISTEMA HEXADECIMAL Y EQUIVALENCIA CON SISTEMA DECIMAL.

Obra publicada con Licencia Creative Commons CC BY-NC-SA InnovaRetosCLM 2025 – Servicio de Innovación Educativa de JCCM

Siguiente

Volver
EL PAPIRO CIFRADO
DESARROLLO
PLANTILLA PARA CONVERTIR SISTEMA HEXADECIMAL EN SISTEMA DECIMAL
Utiliza un lápiz y borrador y podrás reutilizar la plantilla tantas veces como desees. La tabla te permite ir convirtiendo a sistema decimal uno a uno cada uno de los números hexadecimales formados por dos dígitos.

Obra publicada con Licencia Creative Commons CC BY-NC-SA InnovaRetosCLM 2025 – Servicio de Innovación Educativa de JCCM

Volver

Siguiente
EL PAPIRO CIFRADO
DESARROLLO
AQUÍ TIENES EL PAPIRO QUE SE HAN ENCONTRADO EN EL VAGÓN. TIENES QUE DESCIFRAR LA INFORMACIÓN COMPLETA QUE CONTIENE.
ACLARACIONES

    LOS DÍGITOS QUE FORMAN UNA MISMA LETRA, ESTAN JUNTOS SIN ESPACIOS EN BLANCO.

    LAS DISTINTAS LETRAS QUE FORMAN UNA PALABRA ESTAN SEPARADAS POR UN ESPACIO EN BLANCO PEQUEÑO.

    LAS DISTINTAS PALABRAS QUE FORMAN EL TEXTO, ESTÁN SEPARADAS POR ESPACIOS EN BLANCO GRANDES.

Obra publicada con Licencia Creative Commons CC BY-NC-SA InnovaRetosCLM 2025 – Servicio de Innovación Educativa de JCCM

Volver

Siguiente
EL PAPIRO CIFRADO
ENTREGAS

En este apartado te indicamos los pasos a seguir para entregar tu proyecto:

1. Las evidencias necesarias para obtener la insignia correspondiente son las siguientes:- Debes editar con cualquier editor de imágenes, el papiro vacío que te proporcionamos para que dentro de él se escriban los textos que aparecen en el papiro cifrado.2. Proceso de entrega. Incluye toda la información anterior en un fichero denominado ""nombrecentro_curso"". Ve al formulario de entregas para la Categoría MÁSTER, rellena los campos y adjunta el fichero con las evidencias.

¡Novedad!

Entregar evidencias

Siguiente

Obra publicada con Licencia Creative Commons CC BY-NC-SA InnovaRetosCLM 2025 – Servicio de Innovación Educativa de JCCM

Volver
EL PAPIRO CIFRADO
OBJETIVOS

    Comprender los distintos sistemas de codificación numérica y su interrelación entre ellos.
    Utilizar los sistemas de codificación numérica para relacionarlos con letras.
    Aprender a descifrar mensajes o palabras utilizando la codificación numérica.

Obra publicada con Licencia Creative Commons CC BY-NC-SA InnovaRetosCLM 2025 – Servicio de Innovación Educativa de JCCM

Volver

Siguiente
EL PAPIRO CIFRADO
MATERIALES NECESARIOS
PLANTILLAS EJERCICIOS
DESCARGAS

Tabla equivalencias binario-decimalTabla equivalencias octal- decimal Tabla equivalencias hexadecimal-decimal Tabla equivalencia letras-decimal

PLANTILLA BINARIO

PLANTILLA OCTAL

PLANTILLA HEXADECIMAL

PAPIRO EGIPCIO VACÍO

Obra publicada con Licencia Creative Commons CC BY-NC-SA InnovaRetosCLM 2025 – Servicio de Innovación Educativa de JCCM

Siguiente

Volver
EL PAPIRO CIFRADO
VÍDEOS

    Presentación de InnovaRetosCLM 25-26
    Inicio de reto 1 - El misterio de la piedra de Rosetta
    Cámaras de seguridad del museo
    Fin de reto 1 - Captura del culpable

¡Novedad!

Obra publicada con Licencia Creative Commons CC BY-NC-SA InnovaRetosCLM 2025 – Servicio de Innovación Educativa de JCCM";PLANTILLA PARA CONVERTIR SISTEMA BINARIO EN SISTEMA DECIMAL Utiliza un lápiz y borrador y podrás reutilizar la plantilla tantas veces como desees. La tabla te permite ir convirtiendo a sistema decimal uno a uno cada uno de los números binarios formados por 5 dígitos.
INNOVARETOS2025;InnovaRetos CLM (Fase II);Secundaria;"4º ESO; Bachillerato; Adultos";15+ años;mBot2;Orient Express: ciudades y colores.;https://view.genially.com/697c94a0641ade3a011deb98;Educación Secundaria/Bachillerato, mBot2, Entrenamiento, Egiptología / narrativa histórica, Gamificación / misterio, Robótica educativa, Programación, STEAM, INNOVARETOS;"CATEGORÍA MÁSTER
Robótica Educativa
ENTRENAMIENTO 1
Orient Express: ciudades y colores.
Edad recomendada: A partir de 15 años
GUÍA DIDÁCTICA

Descripción

Desarrollo
Temporalización: 3 sesiones (50 min.)

Objetivos

Materiales
Materia: Proyectos de RobóticaDesarrollo Digital Tecnología e Ingeniería

Vídeos
Recursos: mBot2

InnovaRetosCLM 2025 – Servicio de Innovación Educativa de JCCMAutoría: Carlos Lorente Jiménez Imágenes creadas con Gemini y ChatGPT
Orient Express: ciudades y colores
DESCRIPCIÓN

La Piedra de Rosetta ha sido robada del Museo Británico de Londres y viaja hacia Egipto con un propósito incierto.Lo único que saben nuestros suspicaces investigadores HerClaw Poirot y Miss Miauple es que se encuentra en el Orient Express. Raudos y veloces toman este enigmático tren, que irá haciendo diversas paradas identificadas con un color característico que tiene alguna relación con la ciudad en la que realiza la parada. Nuestro robot educativo mBot2 reproducirá este viaje en el tapete siguelíneas que tenemos disponible en la caja del propio dispositivo. En este entrenamiento aprenderemos a programar un siguelíneas, desde el más básico hasta uno donde podremos ajustar mejor la velocidad, y a utilizar el sensor de colores para controlar las paradas. De forma opcional podemos poner unas fichas relacionadas con los personajes de nuestra historia.

Vídeo

Obra publicada con Licencia Creative Commons CC BY-NC-SA InnovaRetosCLM 2025 – Servicio de Innovación Educativa de JCCM

Volver
Orient Express: ciudades y colores
DESARROLLO
INDICE

La actividad se puede plantear para hacerla en grupos de tres alumnos utilizando el tapete que se encuentra en la propia caja del robot educativo. La disposición de fichas es opcional, aunque si se utilizan contextualiza mejor la actividad. En el índice podemos encontrar cómo afrontar el entrenamiento: Los puntos 1. y 2. son de introducción a la interfaz y a la conexión del dispositivo. Si ya estás familiarizado con ello, puedes pasar directamente al apartado 3. En el apartado 3. iniciamos la actividad con el mensaje inicial a mostrar. En el apartado 4. se explican los conceptos teóricos del siguelíneas y explicamos tres niveles (nivel I - II - III) En el apartado 5. explicamos cómo utilizar el sensor de colores y lo aplicamos para que el robot nos vaya haciendo paradas en cada color y nos muestre el texto correspondiente.

1. Interfaz

Tarjetas

2. Conexión

3. Mensaje inicial

4. Siguelíneas

5. Paradas según color

Obra publicada con Licencia Creative Commons CC BY-NC-SA InnovaRetosCLM 2025 – Servicio de Innovación Educativa de JCCM

Volver
Interfaz mBlock
Utilizaremos como entorno de programación la interfaz de mBlock. Puedes acceder a su versión web: O bien tenerlo instalado en tu equipo accediendo a la página de descarga:
En la imagen puedes explorar las diferentes zonas de mBlock.

(si has trabajado con Scratch previamente, verás que es muy similar).

Obra publicada con Licencia Creative Commons CC BY-NC-SA InnovaRetosCLM 2025 – Servicio de Innovación Educativa de JCCM

Avanza
Interfaz mBlock: añadiendo dispositivo

Por defecto veremos incorporado como dispositivo la CyberPi. Para utilizar los elementos del chasis del robot, es necesario añadir mBot2 como dispositivo. Seleccionamos mBot2 y pulsamos ""Aceptar"".

Una vez añadido, aparecerán los bloques de chasis y de sensores para utilizar todas las funcionalidades del robot.

Obra publicada con Licencia Creative Commons CC BY-NC-SA InnovaRetosCLM 2025 – Servicio de Innovación Educativa de JCCM

Fin Sección

Volver
Conexión

Una vez realices el programa y quieras probarlo en tu dispositivo, tienes dos opciones:1. Cargar: necesitarás cargar tu programa al dispositivo, a través de conexión USB o Bluetooth. Una vez cargado puede funcionar sin necesidad de estar conectado al ordenador. Si realizamos la conexión por USB nos pedirá que seleccionemos el puerto donde tengamos conectado el robot. 2. En vivo: podrás ver cómo funciona el programa en tu dispositivo, lo cual facilita su depuración. En este modo necesitas tener conectado tu dispositivo al ordenador (por cable o por Bluetooth). Si utilizamos la interfaz online, podemos utilizar la conexión por Bluetooth sin necesidad de otro complemento. Nos solicitará emparejar el dispositivo. IMPORTANTE: en el caso de un siguelíneas siempre tendremos que probar el programa utilizando la opción cargar, ya que tenemos que optimizar el tiempo de funcionamiento de detección de la línea negra.

Obra publicada con Licencia Creative Commons CC BY-NC-SA InnovaRetosCLM 2025 – Servicio de Innovación Educativa de JCCM

Fin Sección
Mensaje inicial
MENSAJE INICIAL CYBERPI Comenzamos programando la CyberPi de tal manera que nos muestre por pantalla un mensaje de inicio. Basta con que utilices los bloques correspondientes que encontrarás en la sección ""Pantalla"", ""LED"" y ""Eventos"" y que escribamos el texto que te mostramos en la imagen.

Explicamos el código: al iniciarse la CyberPi se encienden los Leds de su barra y se nos muestran en pantalla las instrucciones: pulsar botón A para empezar, B para parar y presionar el joystick para detectar el estado.

Obra publicada con Licencia Creative Commons CC BY-NC-SA InnovaRetosCLM 2025 – Servicio de Innovación Educativa de JCCM

Fin Sección
Siguelíneas - Conceptos teóricos I
El sensor cuadrúple RGB puede utilizarse para detectar colores o para detectar líneas. Disponemos de cuatros sensores: L2 - L1 - R1- R2 Cuando los sensores detectan una línea, su led de funcionamiento se apaga, tal y como podemos ver en las fotografías de ejemplo.

Imagen extraída de Robotix

Obra publicada con Licencia Creative Commons CC BY-NC-SA InnovaRetosCLM 2025 – Servicio de Innovación Educativa de JCCM

Avanza
Siguelíneas - Conceptos teóricos II
Por lo tanto, los estados con los que vamos a trabajar son: 0) no detecta negro (00). 1) R1 detecta negro (01). 2) L1 detecta negro (10). 3) L1 y R1 detectan negro (11).
Para el siguelíneas básico nos centramos en los sensores centrales L1 y R1. Cuando un sensor detecta el color negro su Led de funcionamiento se apaga y su estado es 1. Si no detecta negro, sigue funcionando el led y el estado es 0.

Obra publicada con Licencia Creative Commons CC BY-NC-SA InnovaRetosCLM 2025 – Servicio de Innovación Educativa de JCCM

Avanza
Siguelíneas - Conceptos teóricos III
Modo de programación: En el apartado ""Sensor cuádruple RGB"" trabajamos con el bloque que mostramos con la opción ""línea"".

Estados:

    0) no detecta negro (00).
    1) R1 detecta negro (01).
    2) L1 detecta negro (10).
    3) L1 y R1 detectan negro (11).

Esta opción se manipula solo en el caso de que añadamos más sensores a la CyberPi. Como no es el caso, mantenemos el valor ""1"".

Volver

Obra publicada con Licencia Creative Commons CC BY-NC-SA InnovaRetosCLM 2025 – Servicio de Innovación Educativa de JCCM

Avanza
Siguelíneas - Programación básica I

Ampliamos el código que teníamos (recuerda que hemos creado un mensaje inicial). Si no lo has hecho aún, te recuerdo que lo tienes en la primera sección ""Mensaje inicial"". Ahora incorporamos los eventos ""al pulsar el botón B"" y ""cuando el mando de juego pulsado (centro)"" para que funcione de la siguiente manera: Al pulsar el botón central del joystick se nos mostrará en pantalla los estados 0, 1, 2 o 3, dependiendo de cómo tengamos el robot sobre la línea. Es buen momento para probar y comprobar que entendemos los estados con los que vamos a trabajar. Al pulsar el botón B se parará todo. Si el robot estuviera en movimiento, es posible que tengamos que pulsar dos veces.

Volver

Obra publicada con Licencia Creative Commons CC BY-NC-SA InnovaRetosCLM 2025 – Servicio de Innovación Educativa de JCCM

Avanza
Siguelíneas - Programación básica II

Al pulsar el botón A mostramos un mensaje por pantalla y paramos otros programas del objeto. Esto es debido a que si venimos de pulsar el botón central del joystick para comprobar los estados, nos seguiría apareciendo la palabra ""estado"" en pantalla si no paramos ese procemos. Por otra parte, vemos que dentro del bucle ""parasiempre"" se verifica que:

    si estamos dentro de la línea (estado 3) avanzamos.
    si nos desviamos a la derecha (estado 2) giramos a la izquierda.
    si nos desviamos a la izquierda (estado 1) giramos a la derecha
    si nos salimos completamente de la línea (estado 0) retrocedemos.

Carga el programa y comprueba que todo funciona correctamente.

Obra publicada con Licencia Creative Commons CC BY-NC-SA InnovaRetosCLM 2025 – Servicio de Innovación Educativa de JCCM

Avanza

Volver
Siguelíneas - Motor con encoder I

Vamos a manejar la velocidad de los motores por separado y así afinar su movimiento. Conseguiremos que se realice la ruta en menor tiempo.

El motor EM1 representa el motor izquierdo y el EM2 el motor derecho. Tenemos que poner valores opuestos ya que los motores están invertidos. De esta manera en el avance pondremos valores iguales y opuestos:

En el giro a la derecha dotaremos de más velocidad al motor de la izquierda (EM1) para que el movimiento sea más fino y rápido.

Obra publicada con Licencia Creative Commons CC BY-NC-SA InnovaRetosCLM 2025 – Servicio de Innovación Educativa de JCCM

Volver

Avanza
Siguelíneas - Motor con encoder II

De la misma manera en el giro a la izquierda haremos que el motor de la derecha (EM2) gire más rápido que el de la derecha:

En el caso de que el robot se salga del camino, procederemos a darle un retroceso:

Obra publicada con Licencia Creative Commons CC BY-NC-SA InnovaRetosCLM 2025 – Servicio de Innovación Educativa de JCCM

Volver

Avanza
Siguelíneas - Motor con encoder III

El programa completo queda tal y como podemos ver en la imagen.

Recordemos que en nuestro programa también tenemos:

    el mensaje inicial,
    parar el robot al pulsar el botón B,
    el de chequeo del estado de la línea pulsando el botón central del joystick.

Carga el programa y comprueba que todo funciona correctamente.

(pulsa en la imagen para ampliar)

(pulsa en la imagen para ampliar)

Obra publicada con Licencia Creative Commons CC BY-NC-SA InnovaRetosCLM 2025 – Servicio de Innovación Educativa de JCCM

Volver

Avanza
Siguelíneas - Cuatro sensores I
Por lo tanto, los estados con los que vamos a trabajar son: 1) mucho desvío a la izqda. 3) poco desvío a la izqda. 6) en línea. 8) mucho desvío a la dcha. 12) poco desvío a la dcha.
Podemos hacer el siguelíneas más preciso aún. Para ello utilizamos los cuatro sensores: L2 L1 R1 R2. De esta manera podremos diferenciar entre los estados en los que el robot se desvia mucho o poco.

Obra publicada con Licencia Creative Commons CC BY-NC-SA InnovaRetosCLM 2025 – Servicio de Innovación Educativa de JCCM

Volver

Avanza
Siguelíneas - Cuatro sensores II

Teniendo en cuenta los estados vistos previamente, los programaremos siguiendo las siguientes pautas: Estado (6) 0110 - en línea. Avanzamos. Estado (1) 0001 - mucho desvío a la izquierda.Provocamos un giro brusco a la derecha. Estado (3) 0011 - poco desvío a la izquierda. Giro ligero a la derecha. Estado (8) 1000 - mucho desvío a la derecha. Provocamos un giro brusco a la izquierda. Estado (12) 1100 - poco desvío a la derecha. Giro ligero a la izquierda.
Carga el programa y comprueba que todo funciona correctamente.

Obra publicada con Licencia Creative Commons CC BY-NC-SA InnovaRetosCLM 2025 – Servicio de Innovación Educativa de JCCM

Fin Sección

Volver
PARADAS

Vamos a tener varias paradas, asociadas a una ciudad y color. En cada parada nuestros personajes nos explicarán alguna anécdota en relación al color: Parada 1: El origen de la cabina de teléfono roja se remonta a 1924, cuando se convocó un concurso para realizar un nuevo diseño. Parada 2: Desde 1919, el líder de la clasificación general del Tour de Francia viste un maillot amarillo. Parada 3: El Puente de la Libertad. De color verde, destaca por su estructura de hierro forjado en verde esmeralda y estilo Art Nouveau. Parada 4: El Ojo turco es un amuleto tradicional de color azul para repeler el mal. Parada 5: El ocre rojo fue el pigmento más utilizado por su resistencia a la luz.

Obra publicada con Licencia Creative Commons CC BY-NC-SA InnovaRetosCLM 2025 – Servicio de Innovación Educativa de JCCM

Avanza

Volver
Paradas I

Utilizando el último siguelíneas programado, vamos a incorporar las paradas en cada color. Creamos la variable parada, la cual fijaremos a un valor inicial =1. En cada parada que hagamos incrementaremos en 1 su valor para controlar que pueda salir del color en el que se encuentra en ese momento el robot y pueda avanzar a la siguiente.

La primera parada que vamos a tener es en el color rojo. Combinamos la detección del color con la condición de que sea la parada 1.

Es interesante utilizar las etiquetas en pantalla y la posición en las que se mostrarán en la pantalla de la CyberPi, ya que se queda mejor ordenado el texto en la pantalla de la CyberPi y admite mejor los caracteres tales como la ""ñ"" y los acentos.

(pulsa en la imagen para ampliar)

Obra publicada con Licencia Creative Commons CC BY-NC-SA InnovaRetosCLM 2025 – Servicio de Innovación Educativa de JCCM

Avanza

Volver
Paradas II

Incorporamos el bloque dentro del estado en el que el robot está avanzando.

Ten cuidado porque es fácil confudirse al meter los bloques. Asegúrate de que las condiciones de los otros estados del robot (giro brusco a la izquierda, giro ligero a la izquierda, etc.) quedan fuera de la condición de avanzar y dentro del bucle parasiempre.
Carga el programa y comprueba que todo funciona correctamente.

Obra publicada con Licencia Creative Commons CC BY-NC-SA InnovaRetosCLM 2025 – Servicio de Innovación Educativa de JCCM

Avanza

Volver
Paradas III

Incorporamos, de forma similar, el bloque correspondiente a la segunda parada, indicando en el estado el color amarillo, poniendo el valor 2 a la parada, escribiendo el texto correspondiente en las etiquetas y mostrando el color amarillo:

Para la tercera parada indicamos en el estado el color verde, ponemos el valor 3 a la parada, escribimos el texto y mostramos el color verde:

Obra publicada con Licencia Creative Commons CC BY-NC-SA InnovaRetosCLM 2025 – Servicio de Innovación Educativa de JCCM

Avanza

Volver
Paradas IV

Para la cuarta parada indicamos en el estado el color azul, ponemos el valor 4 a la parada, escribimos el texto y mostramos el color azul:

Finalmente en la quinta parada indicamos en el estado el color rojo, ponemos el valor 5 a la parada, escribimos el texto y mostramos el color rojo:

Obra publicada con Licencia Creative Commons CC BY-NC-SA InnovaRetosCLM 2025 – Servicio de Innovación Educativa de JCCM

Avanza

Volver
Paradas V

Al igual que hicimos con la parada 1, incorporamos todos los bloques dentro del estado en el que el robot está avanzando. Puedes comprobar cómo deben quedar todos los bloques unidos viendo el siguiente video:

Obra publicada con Licencia Creative Commons CC BY-NC-SA InnovaRetosCLM 2025 – Servicio de Innovación Educativa de JCCM

Avanza

Volver
¡ENTRENAMIENTO COMPLETO!

Si has llegado a este punto y tu robot es capaz de hacer todo el recorrido del tapete, para en todas las estaciones y muestra su correspondiente mensaje, ¡enhorabuena!, has conseguido que HerClaw Poirot y Miss Miauple lleguen a la estación de Luxor para encontrar la Piedra de Rosetta. ¡Ahora es momento de pasar al Reto y dar con la preciada Piedra de Rosetta!

Obra publicada con Licencia Creative Commons CC BY-NC-SA InnovaRetosCLM 2025 – Servicio de Innovación Educativa de JCCM

Fin Sección

Volver
Orient Express: ciudades y colores
MATERIALES NECESARIOS
DISPOSITIVOS
OTROS
DESCARGAS

mBot2

Tapete siguelíneas de makeblock

Imágenes Tapete

Volver

Obra publicada con Licencia Creative Commons CC BY-NC-SA InnovaRetosCLM 2025 – Servicio de Innovación Educativa de JCCM
Orient Express: ciudades y colores
OBJETIVOS

    Utilizar la programación por bloques con el entorno mBlock.
    Programar el robot educativo mBot2.
    Comprender el funcionamiento del sensor cúadruple RGB.
    Saber programar diferentes versiones de siguelíneas.
    Combinar el uso de variables y el sensor de color.

Obra publicada con Licencia Creative Commons CC BY-NC-SA InnovaRetosCLM 2025 – Servicio de Innovación Educativa de JCCM

Volver
Orient Express: ciudades y colores
VÍDEOS

    Presentación de InnovaRetosCLM 25-26

    Inicio de reto 1 - El misterio de la piedra Rosetta

    Fin de reto 1 - Captura del culpable

Obra publicada con Licencia Creative Commons CC BY-NC-SA InnovaRetosCLM 2025 – Servicio de Innovación Educativa de JCCM";La actividad se puede plantear para hacerla en grupos de tres alumnos utilizando el tapete que se encuentra en la propia caja del robot educativo. La disposición de fichas es opcional, aunque si se utilizan contextualiza mejor la actividad.
INNOVARETOS2025;InnovaRetos CLM (Fase II);Secundaria;"4º ESO; Bachillerato; Adultos";15+ años;mBot2;Sigue la línea contrarreloj.;https://view.genially.com/69aacf329c06fce4b54b27c9;Educación Secundaria/Bachillerato, mBot2, Reto, Egiptología / narrativa histórica, Gamificación / misterio, Robótica educativa, Programación, STEAM, INNOVARETOS;"CATEGORÍA MÁSTER
Robótica Educativa
RETO
Sigue la línea contrarreloj.
Edad recomendada: A partir de 15 años
GUÍA DIDÁCTICA

Descripción

Desarrollo
Temporalización: 3 sesiones (50 min.)

Objetivos

Materiales
Materia: Proyectos de RobóticaDesarrollo Digital Tecnología e Ingeniería

Vídeos

Entrega
Recursos: mBot2

InnovaRetosCLM 2025 – Servicio de Innovación Educativa de JCCMAutoría: Carlos Lorente Jiménez Imágenes creadas con Gemini y ChatGPT
Sigue la línea contrarreloj
DESCRIPCIÓN

Hemos llegado a la estación de Luxor y tenemos que recabar información sobre a dónde se dirige quien porta la piedra de Rosetta. Nada más salir de la estación, nuestros astutos detectives comienzan a preguntar a los lugareños y pronto conocemos que el destino de la piedra de Rosetta está en una pirámide. Según nos cuentan, quien lo porta cuenta con los mecanismos necesarios para hacer que la entrada a la pirámide quede sellada. A lo lejos vemos cómo se va bajando la entrada. Debemos, por tanto, ser raudos y veloces para llegar al destino en menos de 8 segundos. De otra forma, la piedra de Rosetta quedará dentro y no habrá forma de saber con qué fin se quiere utilizar. Nuestro objetivo será: - Programar el siguelínea. - Seguir la ruta que nos marca la imagen. - Partir de la primera marca roja (estación de Luxor). - Parar en la marca amarilla del tapete para obtener información. - Llegar a la segunda marca en menos de 8 segundos.

Vídeo

Obra publicada con Licencia Creative Commons CC BY-NC-SA InnovaRetosCLM 2025 – Servicio de Innovación Educativa de JCCM

Volver
Sigue la línea contrarreloj
DESARROLLO
PISTAS

Para llevar a cabo este reto, es muy recomendable haber realizado el entrenamiento (Orient Express: ciudades y colores) previamente. Las pistas que mostramos en esta guía son para modificar el programa final al que hemos llegado en el entrenamiento. En el entrenamiento se explica la programación de un siguelíneas de tres formas diferentes, consiguiendo que el movimiento del robot sea cada vez más preciso y podamos dotarle de más velocidad. Tu misión será escoger una de estas programaciones (preferiblemente una de las más desarrolladas) y darle al robot la velocidad necesaria para que llegue a su destino antes de que la pirámide sea inaccesible. De forma opcional puedes imprimir las tarjetas que te facilitamos para adornar el tapete.

1. Interfaz y Conexión

2. Mensajes

3. Siguelíneas

4. Sensor de color

5.Temporizador

Tarjetas

Obra publicada con Licencia Creative Commons CC BY-NC-SA InnovaRetosCLM 2025 – Servicio de Innovación Educativa de JCCM

Volver
Mensajes
Utilizaremos como entorno de programación la interfaz de mBlock. Puedes acceder a su versión web: O bien tenerlo instalado en tu equipo accediendo a la página de descarga:
En la imagen puedes explorar las diferentes zonas de mBlock.

(si has trabajado con Scratch previamente, verás que es muy similar).

Obra publicada con Licencia Creative Commons CC BY-NC-SA InnovaRetosCLM 2025 – Servicio de Innovación Educativa de JCCM

Avanza
Interfaz mBlock: añadiendo dispositivo

Por defecto veremos incorporado como dispositivo la CyberPi. Para utilizar los elementos del chasis del robot, es necesario añadir mBot2 como dispositivo. Seleccionamos mBot2 y pulsamos ""Aceptar"".

Una vez añadido, aparecerán los bloques de chasis y de sensores para utilizar todas las funcionalidades del robot.

Obra publicada con Licencia Creative Commons CC BY-NC-SA InnovaRetosCLM 2025 – Servicio de Innovación Educativa de JCCM

Avanza

Volver
Conexión

Una vez realices el programa y quieras probarlo en tu dispositivo, tienes dos opciones:1. Cargar: necesitarás cargar tu programa al dispositivo, a través de conexión USB o Bluetooth. Una vez cargado puede funcionar sin necesidad de estar conectado al ordenador. Si realizamos la conexión por USB nos pedirá que seleccionemos el puerto donde tengamos conectado el robot. 2. En vivo: podrás ver cómo funciona el programa en tu dispositivo, lo cual facilita su depuración. En este modo necesitas tener conectado tu dispositivo al ordenador (por cable o por Bluetooth). Si utilizamos la interfaz online, podemos utilizar la conexión por Bluetooth sin necesidad de otro complemento. Nos solicitará emparejar el dispositivo. IMPORTANTE: en el caso de un siguelíneas siempre tendremos que probar el programa utilizando la opción cargar, ya que tenemos que optimizar el tiempo de funcionamiento de detección de la línea negra.

Obra publicada con Licencia Creative Commons CC BY-NC-SA InnovaRetosCLM 2025 – Servicio de Innovación Educativa de JCCM

Fin Sección

Volver
Mensaje inicial
MENSAJE INICIAL CYBERPI Al igual que en el entrenamiento, comenzamos programando la CyberPi de tal manera que nos muestre por pantalla un mensaje de inicio. Para facilitar que podamos aprovechar el mismo programa del entrenamiento, dejaremos la misma funcionalidad de los botones A, B y botón central del joystick. Recuerda que tanto al inicializar la CyberPi como al parar el robot con el B (para iniciar de nuevo el recorrido) tenemos que volver a inicializar la variable ""parada"" al valor 1.

Obra publicada con Licencia Creative Commons CC BY-NC-SA InnovaRetosCLM 2025 – Servicio de Innovación Educativa de JCCM

Fin Sección
Siguelíneas - Versiones básicas

Siguelíneas versión 0

Siguelíneas versión I

(pulsa en la imagen para ampliar)

(pulsa en la imagen para ampliar)

Obra publicada con Licencia Creative Commons CC BY-NC-SA InnovaRetosCLM 2025 – Servicio de Innovación Educativa de JCCM

Avanza
Siguelíneas - Versión con cuatro sensores

Siguelíneas versión 0

La explicación detallada de la programación de cada siguelíneas se encuentra en el entrenamiento Orient Express: ciudades y colores. Ahora tu misión será escoger una de las dos últimas versiones expuestas y modificar el valor de avance y, si fuera necesario, los valores de giro, para darle al robot la velocidad necesaria para que llegue a su destino antes de que la pirámide sea inaccesible. Modifica también la etiqueta que se mostrará mientras está en funcionamiento el robot:

(pulsa en la imagen para ampliar)

Obra publicada con Licencia Creative Commons CC BY-NC-SA InnovaRetosCLM 2025 – Servicio de Innovación Educativa de JCCM

Fin Sección

Volver
Recorrido y paradas según el color

El recorrido a seguir por el robot es el que mostramos en la imagen. El robot inicia el recorrido desde la estación de Luxor, al pararse en el puesto de un lugareño, le informa que ha visto a Lady Fox portando la piedra y que la dirige a una pirámide cuya puerta, si se cierra, es totalmente inaccesible. Nos dirigimos a la pirámide y obtendremos en pantalla diferentes mensajes: - si llega a su destino antes de 8 segundos: - si llega a tu destino más tarde:

Obra publicada con Licencia Creative Commons CC BY-NC-SA InnovaRetosCLM 2025 – Servicio de Innovación Educativa de JCCM

Avanza
Paradas

Tenemos que tener en cuenta dos posibles paradas. La primera en la marca amarilla y la otra en la marca roja. Recuerda que en el entrenamiento controlamos las paradas con una variable llamada ""parada"". Por otra parte tenemos que utilizar el sensor de colores para usar la condición del color y la parada al mismo tiempo. Os dejamos como pista una serie de bloques que pueden ser de utilidad para utilizarlos en vuestros condicionales.

Obra publicada con Licencia Creative Commons CC BY-NC-SA InnovaRetosCLM 2025 – Servicio de Innovación Educativa de JCCM

Fin Sección

Volver
Cronómetro

Para controlar el tiempo que tardamos en llegar desde que el robot reanuda su marcha desde la marca amarilla hasta llegar a la marca roja, debemos utilizar el reinicio de cronómetro y el temporizador. Ten en cuenta que: - el cronómetro se reinicia una vez que estemos parados en la marca amarilla y pulsemos el botón A para comenzar a la ruta hasta la marca roja. - al llegar a la marca roja tendremos que chequear si hemos llegado en un tiempo que no sea superior a 8 segundos. - para mostrar en pantalla el tiempo, integramos el temporizador en la etiqueta a mostrar en pantalla.
Carga el programa y comprueba que todo funciona correctamente. Si es así, ¡habrás superado el reto!

Obra publicada con Licencia Creative Commons CC BY-NC-SA InnovaRetosCLM 2025 – Servicio de Innovación Educativa de JCCM

Avanza
Entrega del reto
EVIDENCIAS

Con el programa ya cargado, graba un video donde se pueda comprobar que:

    el robot mBot2 inicia el recorrido antes de la primera marca roja.
    se para en la primera marca amarilla.

    muestra un mensaje al parar en esta primera parada.

    hace todo el recorrido hasta llegar a la segunda marca roja.

    nos muestra un mensaje en la pantalla de la CyberPi donde se compruebe el tiempo que se ha empleado. Si es menor de 8 segundos, veremos que tenemos acceso a la pirámide.

Manda el vídeo a tu profesor/a (un solo vídeo por grupo-clase) para que nos lo envíe a través del formulario que encontrará en la página principal de InnovaRetosCLM.

Obra publicada con Licencia Creative Commons CC BY-NC-SA InnovaRetosCLM 2025 – Servicio de Innovación Educativa de JCCM

Fin Sección

Volver
Sigue la línea contrarreloj
OBJETIVOS

    Utilizar la programación por bloques con el entorno mBlock.
    Programar el robot educativo mBot2.
    Comprender el funcionamiento del sensor cúadruple RGB.
    Saber programar diferentes versiones de siguelíneas.
    Combinar el uso de variables y el sensor de color.
    Usar el temporizador.
    Modificar el programa del siguelíneas para que el robot tenga un movimiento suave y veloz.

Obra publicada con Licencia Creative Commons CC BY-NC-SA InnovaRetosCLM 2025 – Servicio de Innovación Educativa de JCCM

Volver
Sigue la línea contrarreloj
MATERIALES NECESARIOS
DISPOSITIVOS
OTROS
DESCARGAS

mBot2

Tapete siguelíneas de makeblock

Imágenes Tapete

Volver

Obra publicada con Licencia Creative Commons CC BY-NC-SA InnovaRetosCLM 2025 – Servicio de Innovación Educativa de JCCM
Sigue la línea contrarreloj
VÍDEOS

    Presentación de InnovaRetosCLM 25-26

    Inicio de reto 1 - El misterio de la piedra Rosetta

    Fin de reto 1 - Captura del culpable

Obra publicada con Licencia Creative Commons CC BY-NC-SA InnovaRetosCLM 2025 – Servicio de Innovación Educativa de JCCM";Para llevar a cabo este reto, es muy recomendable haber realizado el entrenamiento (Orient Express: ciudades y colores) previamente. Las pistas que mostramos en esta guía son para modificar el programa final al que hemos llegado en el entrenamiento.
INNOVARETOS2025;InnovaRetos CLM (Fase II);Secundaria;"4º ESO; Bachillerato; Adultos";15+ años;Diseño 3D;Destino: Egipto. De bloque a pirámide.;https://view.genially.com/69c41fc7450905b92d5e64f7;Educación Secundaria/Bachillerato, Diseño 3D, Entrenamiento, Egiptología / narrativa histórica, Gamificación / misterio, Programación, Pensamiento computacional, STEAM, INNOVARETOS;"ENTRENAMIENTO
CATEGORÍA MÁSTER
Diseño 3D
Destino: Egipto. De bloque a pirámide.
Edad recomendada: A partir de 15 años
GUÍA DIDÁCTICA

Descripción

Desarrollo
Temporalización: 1 sesión (55 min.)
Área / materia: Tecnología 4º ESO Digitalización 4º ESO Tecnología e Ingeniería 1º Bach

Materiales

Objetivos

Vídeos
Recursos: Ordenador Software Tinkercad online
InnovaRetosCLM 25/26 – Servicio de Innovación Educativa de JCCM Autoría: José Ignacio Fernández Aragón Imágenes creadas con Gemini y ChatGPT
Destino: Egipto. De bloque a pirámide.
DESCRIPCIÓN

Las pesquisas de nuestros detectives, Miss Mauple y Herclaw Poirot, les dirigen hacia Egipto abordo del Orient Express. Allí esperan recuperar la Piedra de Rosetta robada del Museo de Londres y resolver el misterio que esconde tan peculiar fechoría. El viaje es largo y, entre pista y pista, conversan curiosamente sobre las maravillas de la civilización egipcia que les esperan en su destino.

    ""Es verdaderamente enigmática la construcción de la pirámides, Miss Mauple""
    ""Cierto, Mr. Poirot, es una gran y controvertida incógnita.""
    ""Bien, mi querida amiga, se me ocurre algo divertido. ¿Y si creamos un método para crear pirámides en 3D con Tinkercad usando prismas de geometría simple imitando a los constructores egipcios?
    ""Buena idea, pero vamos un poquito más allá. Esta vez usaremos la codificación por bloques para situar de manera automática las figuras. Además nos permitirá recrear una animación de su construcción durante la ejecución del programa. Será genial.""
    ""No perdamos más tiempo. ¡Vamos allá!""

Únete a nuestros amigos, aprende a usar los Bloques de código en Tinkercad y construye tu propia pirámide.

Obra publicada con Licencia Creative Commons CC BY-NC-SA InnovaRetosCLM 2025 – Servicio de Innovación Educativa de JCCM

Volver
Destino: Egipto. De bloque a pirámide.

Sesión 1

Sesión 3

Sesión 2
DESARROLLO

El siguiente entrenamiento consistirá en un proceso guiado para la programación en Tinkercad (Bloques de código) para la creación de una estructura piramidal como la de la figura. A partir de un simple prisma rectangular de sección cuadrada, que se usará a modo de ""ladrillo"", se creará la secuencia de programación para obtener esta pequeña pirámide. Se realizará el análisis de los patrones de posiciones (coordenadas) y movimientos de las piezas en cada una de las capas creadas. Se introducirá el uso de variables para la posible personalización del tamaño del bloque utilizado. Panel interactivo entorno Tinkercad Exportar a mis diseños Está diseñada para que pueda realizarse de manera individual, aunque podrían contemplarse grupos de dos personas. Debido a la simplicidad no se recomienda un número mayor.

Obra publicada con Licencia Creative Commons CC BY-NC-SA InnovaRetosCLM 2025 – Servicio de Innovación Educativa de JCCM

Siguiente
Destino: Egipto. De bloque a pirámide.
OBJETIVOS

    Aplicar programación por bloques en Tinkercad para generar objetos tridimensionales a partir de instrucciones secuenciadas.
    Comprender la relación entre algoritmos, automatización y modelado 3D en contextos tecnológicos.
    Desarrollar estrategias de resolución de problemas mediante descomposición de tareas y pensamiento computacional.
    Interpretar parámetros geométricos y espaciales en el diseño digital de estructuras.
    Utilizar herramientas digitales de diseño como medio de representación técnica y comunicación visual.
    Valorar la programación como recurso para optimizar procesos de diseño e ingeniería.

Obra publicada con Licencia Creative Commons CC BY-NC-SA InnovaRetosCLM 2025 – Servicio de Innovación Educativa de JCCM

Volver
Destino: Egipto. De bloque a pirámide.
MATERIALES NECESARIOS
DISPOSITIVOS
DESCARGAS
OTROS

Dados

Obra publicada con Licencia Creative Commons CC BY-NC-SA InnovaRetosCLM 2025 – Servicio de Innovación Educativa de JCCM

Volver
Destino: Egipto. De bloque a pirámide.
VÍDEOS

    Presentación de InnovaRetosCLM 25-26
    Inicio de reto 1 - El misterio de la piedra de Rosetta
    Cámaras de seguridad del museo
    Fin de reto 1 - Captura del culpable

¡Novedad!

Obra publicada con Licencia Creative Commons CC BY-NC-SA InnovaRetosCLM 2025 – Servicio de Innovación Educativa de JCCM";"El siguiente entrenamiento consistirá en un proceso guiado para la programación en Tinkercad (Bloques de código) para la creación de una estructura piramidal como la de la figura. A partir de un simple prisma rectangular de sección cuadrada, que se usará a modo de ""ladrillo"", se creará la secuencia…"
INNOVARETOS2025;InnovaRetos CLM (Fase II);Secundaria;"4º ESO; Bachillerato; Adultos";15+ años;Diseño 3D;La llave es La Pirámide;https://view.genially.com/69c467ba8a752d94d68bd92f;Educación Secundaria/Bachillerato, Diseño 3D, Reto, Egiptología / narrativa histórica, Gamificación / misterio, Programación, Pensamiento computacional, STEAM, INNOVARETOS;"RETO
CATEGORÍA MÁSTER
Diseño 3D
La llave es La Pirámide
Edad recomendada: A partir de 15 años
GUÍA DIDÁCTICA

Descripción

Desarrollo
Temporalización: 2-3 sesiones (55 min.)

Materiales

Objetivos
Área / materia: Tecnología 4º ESO Digitalización 4º ESO Tecnología e Ingeniería 1º Bach

Vídeos

Entregas
Recursos: Ordenador Software Tinkercad online
InnovaRetosCLM 25/26 – Servicio de Innovación Educativa de JCCM Autoría: José Ignacio Fernández Aragón Imágenes creadas con Gemini y ChatGPT
La llave es La Pirámide
DESCRIPCIÓN

Miss Mauple y Herclaw Poirot, continçuan abordo del Orient Express camino a Egipto esperando resolver por fin el misterio de la Piedra de Rosetta robada del Museo de Londres. Se afanan cuidadosamente en encontrar alguna pista que les permita descubrir el enigmático secreto que hay detrás de todo este asunto. El viaje llega a su fin sin encontrar indicio alguno para avanzar. Al recoger el equipaje, Miss Mauple observa que alguien a dejado un sobre junto a este.

    ""Alguien ha dejado una carta, Mr Poirot. ¿Quién habrá sido? Veamos qué es. Es un mesaje en clave, escrito con jeroglíficos.""
    ""Perfecto, Miss Mauple. Menos mal que nos hemos convertido en expertos después de nuestro anterior reto en Londres. Comprobemos qué dice""

Se abre el mensaje con la plantilla de jeroglíficos y se pide la clave La llave es La Pirámide. Debemos construir el la pirámide 3D con Tinkercad para acceder a la Gran Pirámide y revelar, por fin, el misterio de la Piedra de Rosetta. Ayuda a nuestros amigos a realizar la pirámide en 3D con Tinkercad usando los Bloques de código.

Obra publicada con Licencia Creative Commons CC BY-NC-SA InnovaRetosCLM 2025 – Servicio de Innovación Educativa de JCCM

Volver
La llave es La Pirámide

Sesión 1

Sesión 3

Sesión 2
DESARROLLO

Secuencia de programación optimizada y con personalización usando los bloques de código de Tinkercad. A partir de un simple prisma rectangular de sección cuadrada, que se usará a modo de ""ladrillo"", se creará la secuencia de programación para obtener el objeto de estructura piramidal (ENLACE A ENTRENAMIENTO) Se establecen como condicionante los patrones de posiciones de los ladrillos en cada capa. Esto condiciona a su vez las coordenadas de cada una de las piezas y los movimientos relativos entre ellas dentro de la secuencia. Deben usarse variables para la personalización del tamaño del ladrillo base, el número de escalones o capas y los movimientos que realice el bloque al posicionarse en su lugar. Se incluirán bloques de control para el uso de condiciones lógicas y repetición de operaciones (bucles) Se ofrecen pistas para abordar cada una de las fases de la programación Panel interactivo entorno Tinkercad Exportar a mis diseños

Obra publicada con Licencia Creative Commons CC BY-NC-SA InnovaRetosCLM 2025 – Servicio de Innovación Educativa de JCCM

Siguiente
La llave es La Pirámide
OBJETIVOS

    Aplicar programación por bloques en Tinkercad para generar objetos tridimensionales a partir de instrucciones secuenciadas.
    Comprender la relación entre algoritmos, automatización y modelado 3D en contextos tecnológicos.
    Desarrollar estrategias de resolución de problemas mediante descomposición de tareas y pensamiento computacional.
    Interpretar parámetros geométricos y espaciales en el diseño digital de estructuras.
    Utilizar herramientas digitales de diseño como medio de representación técnica y comunicación visual.
    Valorar la programación como recurso para optimizar procesos de diseño e ingeniería.

Obra publicada con Licencia Creative Commons CC BY-NC-SA InnovaRetosCLM 2025 – Servicio de Innovación Educativa de JCCM

Volver
La llave es La Pirámide
MATERIALES NECESARIOS
DISPOSITIVOS
DESCARGAS
OTROS

Dados

Obra publicada con Licencia Creative Commons CC BY-NC-SA InnovaRetosCLM 2025 – Servicio de Innovación Educativa de JCCM

Volver
La llave es La Pirámide
VÍDEOS

    Presentación de InnovaRetosCLM 25-26
    Inicio de reto 1 - El misterio de la piedra de Rosetta
    Cámaras de seguridad del museo
    Fin de reto 1 - Captura del culpable

¡Novedad!

Obra publicada con Licencia Creative Commons CC BY-NC-SA InnovaRetosCLM 2025 – Servicio de Innovación Educativa de JCCM

Volver

¿Seguro que quieres desvelar el misterio?

Nombre completo del culpable
La llave es La Pirámide
ENTREGAS

En este apartado te indicaremos los pasos a seguir para entregar tu proyecto:

Entregar evidencias

Obra publicada con Licencia Creative Commons CC BY-NC-SA InnovaRetosCLM 2025 – Servicio de Innovación Educativa de JCCM";"Secuencia de programación optimizada y con personalización usando los bloques de código de Tinkercad. A partir de un simple prisma rectangular de sección cuadrada, que se usará a modo de ""ladrillo"", se creará la secuencia de programación para obtener el objeto de estructura piramidal (ENLACE A…"
EFECODES2025;Actividades previas a las vacaciones de verano;Infantil;2º ciclo Infantil;3-5 años;Actividad desconectada;MI ALGORITMO DEL VERANO;https://view.genially.com/6a15892cc8db6419f5f9837b;Educación Infantil, Actividad desconectada, Programación, Verano y vacaciones, EFECODES;Actividad desconectada de Educación Infantil en la que el alumnado ordena pictogramas de rutinas veraniegas para construir secuencias lógicas (algoritmos). Busca trabajar la secuenciación, la anticipación de resultados, la detección de errores en el orden de las acciones y la expresión oral al explicar el proceso, usando tarjetas de programación y una guía didáctica como materiales de apoyo. Autoría: Francisco José Calvo Leytón.;Actividad desconectada de Educación Infantil en la que el alumnado ordena pictogramas de rutinas veraniegas para construir secuencias lógicas (algoritmos). Busca trabajar la secuenciación, la anticipación de resultados, la detección de errores en el orden de las acciones y la expresión oral al…
EFECODES2025;Actividades previas a las vacaciones de verano;"Infantil; Primaria";"2º ciclo Infantil; Primer ciclo";3-8 años;Bluebot;UN VERANO SALUDABLE Y DIVERTIDO CON Bluebot;https://view.genially.com/6a0b87672c1c628cc752fb9e;Educación Infantil, Bluebot, Robótica educativa, Pensamiento computacional, Trabajo cooperativo, Actividad desconectada, Verano y vacaciones, Hábitos saludables, EFECODES;Reto en dos sesiones que combina una parte desconectada (creación de series lógicas sobre rutinas veraniegas, adaptadas por edad y curso) con una parte de robótica educativa en la que el alumnado programa al robot Bluebot para superar misiones de dificultad creciente según la edad. Persigue trabajar hábitos saludables de verano (protección solar, alimentación, descanso), pensamiento computacional, orientación espacial y trabajo cooperativo. Autoría: Enrique Molina Díaz.;Reto en dos sesiones que combina una parte desconectada (creación de series lógicas sobre rutinas veraniegas, adaptadas por edad y curso) con una parte de robótica educativa en la que el alumnado programa al robot Bluebot para superar misiones de dificultad creciente según la edad.
EFECODES2025;Actividades previas a las vacaciones de verano;"Infantil; E. Especial";"2º ciclo Infantil; EBO";3-5 años;mTiny;¡YA LLEGA EL VERANO!;https://view.genially.com/6a0373b1333b68c79fe92b54;Educación Infantil, mTiny, Robótica educativa, Verano y vacaciones, Hábitos saludables, EFECODES;Actividad de Educación Infantil y E.E. en la que el alumnado programa al robot mTiny sobre un tapete con escenarios de verano (playa, piscina, parque, casa) para practicar rutinas saludables (higiene, descanso, protección solar). La dificultad del recorrido crece con la edad (3, 4 y 5 años), reforzando orientación espacial, secuenciación, turnos y expresión oral. Autoría: Marino del Saz García.;Actividad de Educación Infantil y E.E. en la que el alumnado programa al robot mTiny sobre un tapete con escenarios de verano (playa, piscina, parque, casa) para practicar rutinas saludables (higiene, descanso, protección solar).
EFECODES2025;Actividades previas a las vacaciones de verano;Primaria;"Primer ciclo; Segundo ciclo; Tercer ciclo";6-12 años;Scratch Jr;¡Rutinas de verano para las vacaciones! (Scratch Jr);https://view.genially.com/6a1f669a5d6cfd65045e2bf1;Educación Primaria, Scratch Jr, Programación, Verano y vacaciones, EFECODES;Actividad de programación para 2º y 3er ciclo de Primaria en la que, por parejas, el alumnado crea en Scratch Jr dos escenarios vacacionales (playa y montaña) con sus personajes y elementos característicos, siguiendo una guía paso a paso, con una propuesta de ampliación para quienes quieran seguir programando los personajes. Autoría: José Fernando Talavera.;Actividad de programación para 2º y 3er ciclo de Primaria en la que, por parejas, el alumnado crea en Scratch Jr dos escenarios vacacionales (playa y montaña) con sus personajes y elementos característicos, siguiendo una guía paso a paso, con una propuesta de ampliación para quienes quieran seguir…
EFECODES2025;Actividades previas a las vacaciones de verano;Primaria;Primer ciclo;6-8 años;Actividad desconectada;PROGRAMANDO NUESTRO VIAJE;https://view.genially.com/6a101de0d57b6bafa73e7608;Educación Primaria, Actividad desconectada, Robótica educativa, Programación, Verano y vacaciones, EFECODES;"Actividad desconectada de 1º ciclo de Primaria en la que un alumno hace de 'robot-viajero' que debe llegar a su destino de vacaciones siguiendo instrucciones dadas con tarjetas físicas de movimiento sobre una cuadrícula dibujada en el suelo. Incorpora recogida de objetos y una regla condicional sencilla (si tiene monedas, avanza; si no, retrocede), trabajando algoritmos, depuración de errores y orientación espacial de forma transversal con matemáticas.";Actividad desconectada de 1º ciclo de Primaria en la que un alumno hace de 'robot-viajero' que debe llegar a su destino de vacaciones siguiendo instrucciones dadas con tarjetas físicas de movimiento sobre una cuadrícula dibujada en el suelo.
EFECODES2025;Actividades previas a las vacaciones de verano;Primaria;"Primer ciclo; Segundo ciclo; Tercer ciclo";6-12 años;Codey Rocky;¡Rutinas de verano para las vacaciones! (Codey Rocky);https://view.genially.com/6a06fdb1c925b35f3398582a;Educación Primaria, Codey Rocky, Fomento de la lectura, Cultura y patrimonio de CLM, Robótica educativa, Pensamiento computacional, Verano y vacaciones, Hábitos saludables, EFECODES;Actividad de robótica para 2º y 3er ciclo de Primaria en grupos de 4, donde el alumnado programa al robot Codey Rocky (con mBlock) para recorrer en orden 6 hábitos de verano -tres saludables y tres que no lo son- mostrando mensajes y emociones en su pantalla, hasta llegar al hábito final de leer un libro. Se vincula con la competencia curricular de pensamiento computacional de Matemáticas del currículo de Primaria de Castilla-La Mancha. Autoría: Sérvulo Muñoz.;Actividad de robótica para 2º y 3er ciclo de Primaria en grupos de 4, donde el alumnado programa al robot Codey Rocky (con mBlock) para recorrer en orden 6 hábitos de verano -tres saludables y tres que no lo son- mostrando mensajes y emociones en su pantalla, hasta llegar al hábito final de leer un…
EFECODES2025;Actividades previas a las vacaciones de verano;Primaria;"Segundo ciclo; Tercer ciclo";8-12 años;Makey Makey;Sintoniza el verano con Makey-Makey;https://view.genially.com/6a0ad31426d2e447e8afd3b9;Educación Primaria, Makey Makey, Programación, Verano y vacaciones, Música y sonido, EFECODES;Actividad de 2º y 3er ciclo de Primaria en la que el alumnado investiga canciones de verano, las programa en Scratch (eventos, bucles y sonido) y construye con Makey Makey un panel físico interactivo con materiales conductores (plastilina o papel de aluminio) que activa cada canción al tocarlo. Termina con una pequeña 'feria de verano' donde cada grupo expone su proyecto. Trabaja circuitos eléctricos básicos, programación por bloques, investigación musical y trabajo en equipo. Autoría: Javier Sanz Segoviano.;Actividad de 2º y 3er ciclo de Primaria en la que el alumnado investiga canciones de verano, las programa en Scratch (eventos, bucles y sonido) y construye con Makey Makey un panel físico interactivo con materiales conductores (plastilina o papel de aluminio) que activa cada canción al tocarlo.
EFECODES2025;Actividades previas a las vacaciones de verano;Primaria;"Segundo ciclo; Tercer ciclo";8-12 años;Codey Rocky;La Magia del verano;https://view.genially.com/6972207af678740183096486;Educación Primaria, Codey Rocky, Robótica educativa, Verano y vacaciones, Música y sonido, Electrónica / automatización, EFECODES;El alumnado de 2º y 3er ciclo de Primaria diseña, con el robot Codey Rocky, un recorrido en el que el robot usa su sensor de color para 'adivinar' un destino de vacaciones elegido de antemano. Pensada para que después estos mismos alumnos lleven la actividad a cursos de 1er ciclo e Infantil, fomentando el aprendizaje entre iguales. Incluye varios niveles de dificultad y trabaja sensores, movimiento y sonido con Codey Rocky. Autoría: Raúl Rivas Nafría.;El alumnado de 2º y 3er ciclo de Primaria diseña, con el robot Codey Rocky, un recorrido en el que el robot usa su sensor de color para 'adivinar' un destino de vacaciones elegido de antemano. Pensada para que después estos mismos alumnos lleven la actividad a cursos de 1er ciclo e Infantil,…
EFECODES2025;Actividades previas a las vacaciones de verano;Primaria;"Segundo ciclo; Tercer ciclo";8-12 años;SamLabs;Ventilador con SamLabs;https://view.genially.com/6a1005c6abbe33c4e714581b;Educación Primaria, SamLabs, Sostenibilidad, Pensamiento computacional, STEAM, Electrónica / automatización, EFECODES;Reto de ingeniería sostenible en el que el alumnado construye, con bloques SamLabs y material reciclado, un ventilador de cartón programable con varios niveles de intensidad y apagado automático. Trabaja circuitos eléctricos, conexiones inalámbricas, prototipado y pensamiento computacional aplicado a un problema cotidiano, con tres niveles de dificultad. Autoría: Antonio A. Miñán Ortega.;Reto de ingeniería sostenible en el que el alumnado construye, con bloques SamLabs y material reciclado, un ventilador de cartón programable con varios niveles de intensidad y apagado automático. Trabaja circuitos eléctricos, conexiones inalámbricas, prototipado y pensamiento computacional aplicado…
EFECODES2025;Actividades previas a las vacaciones de verano;"Primaria; Secundaria";"Tercer ciclo; 1º ESO; 2º ESO";10-14 años;Actividad desconectada;Operación Playa Secreta;https://view.genially.com/6a01cfc11846f5d20a78bcac;Educación Primaria y Secundaria, Actividad desconectada, Gamificación / misterio, Programación, Pensamiento computacional, Verano y vacaciones, EFECODES;Actividad desconectada, para 3er ciclo de Primaria y 1º-2º de ESO, en la que hay que encontrar la ruta más rápida entre varias islas hasta llegar a una 'Playa Secreta', calculando a mano el tiempo de cada tramo y comprobando después el resultado en un simulador digital. Trabaja las cuatro dimensiones del pensamiento computacional (descomposición, patrones, abstracción y algoritmos) a través de 5 niveles de dificultad progresiva. Autoría: Carlos Lorente Jiménez.;Actividad desconectada, para 3er ciclo de Primaria y 1º-2º de ESO, en la que hay que encontrar la ruta más rápida entre varias islas hasta llegar a una 'Playa Secreta', calculando a mano el tiempo de cada tramo y comprobando después el resultado en un simulador digital.
EFECODES2025;Actividades previas a las vacaciones de verano;Secundaria;ESO;12-16 años;"Microbit; Kit de Expansión";"""El verano es para jugar""";https://view.genially.com/69ef1aa5f1a89625897efb61;Educación Secundaria, Microbit y Kit de Expansión, Programación, Verano y vacaciones, Electrónica / automatización, Videojuegos / gamificación, EFECODES;El alumnado de ESO diseña y programa su propio videojuego arcade físico usando una placa micro:bit, una placa de expansión, pulsadores y una tira de LED neopixel. Con MakeCode desarrolla progresivamente un juego de rebote, después uno estilo 'invasores espaciales' y finalmente un panel de control con varios pulsadores independientes, conectando montaje eléctrico real con programación por bloques. Autoría: Teresa Ciudad Camacho.;El alumnado de ESO diseña y programa su propio videojuego arcade físico usando una placa micro:bit, una placa de expansión, pulsadores y una tira de LED neopixel. Con MakeCode desarrolla progresivamente un juego de rebote, después uno estilo 'invasores espaciales' y finalmente un panel de control…
EFECODES2025;Actividades previas a las vacaciones de verano;Secundaria;"ESO; Bachillerato";12-18 años;Microbit;Alarma para las vacaciones con micro:bit;https://view.genially.com/6a0448ae5d1f8d6117bb03a4;Educación Secundaria y Bachillerato, Microbit, Pensamiento computacional, Verano y vacaciones, Electrónica / automatización, EFECODES;El alumnado programa el sensor magnético de una placa micro:bit para simular una alarma antiintrusos: al separarse la placa de un imán colocado en una ventana, la fuerza magnética baja de un umbral y salta la alarma. Trabaja pensamiento computacional, automatismos sencillos y nociones básicas de electricidad aplicadas a un caso práctico de seguridad en el hogar durante las vacaciones. Autoría: Antonio A. Miñán Ortega.;El alumnado programa el sensor magnético de una placa micro:bit para simular una alarma antiintrusos: al separarse la placa de un imán colocado en una ventana, la fuerza magnética baja de un umbral y salta la alarma.
EFECODES2025;Actividades previas a las vacaciones de verano;Secundaria;"1º ESO; 2º ESO; 3º ESO";12-15 años;Cyberpi;DJ CYBERPI;https://view.genially.com/6a1da65b711472398f43bc44;Educación Secundaria, Cyberpi, Programación, Música y sonido, EFECODES;El alumnado de 1º a 3º de ESO monta y programa, con la tarjeta CyberPi y elementos del Kit de Expansión, una mesa de mezclas de DJ: mediante mBlock reproduce bases musicales, añade efectos de sonido y controla la iluminación LED para crear un ambiente festivo de fin de curso. Autoría: Javier Rubio Claramonte.;El alumnado de 1º a 3º de ESO monta y programa, con la tarjeta CyberPi y elementos del Kit de Expansión, una mesa de mezclas de DJ: mediante mBlock reproduce bases musicales, añade efectos de sonido y controla la iluminación LED para crear un ambiente festivo de fin de curso.
EFECODES2025;Actividades previas a las vacaciones de verano;Secundaria;"ESO; Bachillerato";12-18 años;Cyberpi;Riego automático para las vacaciones;https://view.genially.com/6a019ebf1a1e2ffc258fb02e;Educación Secundaria y Bachillerato, Cyberpi, Medioambiente, Pensamiento computacional, Verano y vacaciones, Electrónica / automatización, EFECODES;Reto de automatización en el que el alumnado programa una placa Cyberpi para medir la humedad de la tierra de una maceta y activar una bomba de agua cuando haga falta regar, resolviendo así el cuidado de las plantas durante las vacaciones. Calibra el sensor de humedad (medida en seco y en agua) y programa la condición de riego, trabajando electrónica aplicada y pensamiento computacional. Autoría: Antonio A. Miñán Ortega.;Reto de automatización en el que el alumnado programa una placa Cyberpi para medir la humedad de la tierra de una maceta y activar una bomba de agua cuando haga falta regar, resolviendo así el cuidado de las plantas durante las vacaciones.
EUCodeWeekManchega;EU Code Week Manchega 2024;Infantil;2º ciclo Infantil;3-5 años;"Actividad desconectada; CodyFeet";CodyFeet de Otoño;https://view.genially.com/670667bc355ad300676361d1;Educación Infantil, Actividad desconectada (CodyFeet), Robótica educativa, Programación, Actividad desconectada, Otoño, EUCodeWeekManchega2024;Actividad desconectada de Educación Infantil basada en CodyFeet, un método de codificación sin pantallas en el que el alumnado se desplaza como un robot sobre un tablero en el suelo siguiendo instrucciones dadas por un compañero (roles de 'programador' y 'robot'). Con temática otoñal, trabaja la creación de algoritmos y la identificación de los cambios climáticos de la estación, terminando con un mural colectivo sobre el otoño. Autoría: Javier Rubio Claramonte y José Miguel García Cebrián.;Actividad desconectada de Educación Infantil basada en CodyFeet, un método de codificación sin pantallas en el que el alumnado se desplaza como un robot sobre un tablero en el suelo siguiendo instrucciones dadas por un compañero (roles de 'programador' y 'robot').
EUCodeWeekManchega;EU Code Week Manchega 2024;"Infantil; Primaria";"2º ciclo Infantil; Primer ciclo";3-8 años;"Actividad desconectada; Bluebot; mTiny; CodyFeet";Retos para Halloween;https://view.genially.com/6704f6eb996ab0b8e8f36845;Educación Infantil y Primaria, Actividad desconectada y robótica (Bluebot / mTiny / CodyFeet), Robótica educativa, Halloween, EUCodeWeekManchega2024;Propuesta con temática de Halloween que combina tres retos: dibujar por secuenciación los ingredientes de 'el caldero de la bruja', programar un robot de suelo (Bluebot, Bee-Bot o mTiny, o alternativamente CodyFeet) para conseguir caramelos en 'truco o trato', y seguir una coreografía secuenciada en 'el baile de los zombis'. Trabaja secuenciación y detección de errores de forma lúdica. Autoría: Jose Carlos Cortés Martínez.;Propuesta con temática de Halloween que combina tres retos: dibujar por secuenciación los ingredientes de 'el caldero de la bruja', programar un robot de suelo (Bluebot, Bee-Bot o mTiny, o alternativamente CodyFeet) para conseguir caramelos en 'truco o trato', y seguir una coreografía secuenciada…
EUCodeWeekManchega;EU Code Week Manchega 2024;Infantil;2º ciclo Infantil;3-5 años;"Actividad desconectada; CodyFeet";CodyFeet de Navidad;https://view.genially.com/673a4b308b2b4beee8cbab01;Educación Infantil, Actividad desconectada (CodyFeet), Medioambiente, Robótica educativa, Navidad, EUCodeWeekManchega2024;Variante navideña del reto CodyFeet para Educación Infantil: el alumnado construye caminos con piezas de instrucciones sobre una cuadrícula en el suelo, alternando roles de programador y robot, con cuadrículas de tamaño creciente según la edad (7, 16 o 28 casillas). Termina decorando árboles de Navidad con los objetos recogidos durante el reto y creando un mural grupal. Autoría: Javier Rubio Claramonte y José Miguel García Cebrián.;Variante navideña del reto CodyFeet para Educación Infantil: el alumnado construye caminos con piezas de instrucciones sobre una cuadrícula en el suelo, alternando roles de programador y robot, con cuadrículas de tamaño creciente según la edad (7, 16 o 28 casillas).
EUCodeWeekManchega;EU Code Week Manchega 2024;Primaria;Segundo ciclo;8-10 años;Scratch Jr;Prepositions of place with Scratch Jr;https://view.genially.com/66ff8665e5e287e5e20fe9c3;Educación Primaria, Scratch Jr, Programación, Lengua extranjera (inglés), EUCodeWeekManchega2024;Actividad de inglés y programación en la que el alumnado de 3º y 4º de Primaria crea en Scratch Jr una escena con personajes que describen su posición usando preposiciones de lugar en inglés (behind, on, between, next to, under), añadiendo después movimiento y bucles a un personaje. Incluye dos retos progresivos y una opción de grabar audio para practicar pronunciación. Autoría: Carlos Lorente Jiménez.;Actividad de inglés y programación en la que el alumnado de 3º y 4º de Primaria crea en Scratch Jr una escena con personajes que describen su posición usando preposiciones de lugar en inglés (behind, on, between, next to, under), añadiendo después movimiento y bucles a un personaje.
EUCodeWeekManchega;EU Code Week Manchega 2024;Primaria;"Segundo ciclo; Tercer ciclo";8-12 años;Lego Spike;Carrera original: Coches creativos;https://view.genially.com/670e3f588d0c2182fcf9b62a;Educación Primaria, Secundaria y Universidad, Lego Spike Prime, Robótica educativa, Vehículos / carreras, EUCodeWeekManchega2024;Reto con kits Lego Spike Prime en el que el alumnado diseña y construye un coche (de forma libre o siguiendo una guía de montaje) y programa su movimiento por bloques para competir en un pequeño circuito de carreras. Pensado para poder aplicarse desde 2º ciclo de Primaria hasta la formación de futuros docentes. Autoría: Teresa Ciudad Camacho.;Reto con kits Lego Spike Prime en el que el alumnado diseña y construye un coche (de forma libre o siguiendo una guía de montaje) y programa su movimiento por bloques para competir en un pequeño circuito de carreras.
EUCodeWeekManchega;EU Code Week Manchega 2024;Primaria;Tercer ciclo;10-12 años;Scratch 3.0.0;Crea tu propia orquesta;https://view.genially.com/67039f61a6b5c416a24efada;Educación Primaria, Scratch 3.0, Programación, Música y sonido, EUCodeWeekManchega2024;Actividad de música y programación en la que el alumnado de 5º-6º de Primaria personaliza una orquesta virtual en Scratch 3.0, eligiendo entre 3 y 6 instrumentos y programando su sonido con bloques o mediante un sensor de vídeo por movimiento. Puede ampliarse con nociones de ritmo, distintas notas musicales y composición de una melodía sencilla. Autoría: Thomas Eric Antoine Rondet.;Actividad de música y programación en la que el alumnado de 5º-6º de Primaria personaliza una orquesta virtual en Scratch 3.0, eligiendo entre 3 y 6 instrumentos y programando su sonido con bloques o mediante un sensor de vídeo por movimiento.
EUCodeWeekManchega;EU Code Week Manchega 2024;"Primaria; Secundaria";"Tercer ciclo; 1º ESO; 2º ESO";10-14 años;Actividad desconectada;Desafíos basados en Pensamiento Computacional;https://view.genially.com/670cf275454001e4c99d6571;Educación Primaria y Secundaria, Actividad desconectada, Robótica educativa, Programación, Pensamiento computacional, Trabajo cooperativo, EUCodeWeekManchega2024;Sesión desconectada, apoyada en una clase de Lumio, en la que se introducen los conceptos de programación, robótica y pensamiento computacional a través de retos tipo 'Bebras', seguidos de un pequeño concurso en equipos con desafíos similares. Autoría: Jesús María Cano Lara.;Sesión desconectada, apoyada en una clase de Lumio, en la que se introducen los conceptos de programación, robótica y pensamiento computacional a través de retos tipo 'Bebras', seguidos de un pequeño concurso en equipos con desafíos similares. Autoría: Jesús María Cano Lara.
EUCodeWeekManchega;EU Code Week Manchega 2024;Secundaria;"2º ESO; 3º ESO";13-15 años;"mBot2; Makey Makey";Minigame de Mbot Ito;https://view.genially.com/6711354a3491c2edf8e3561f;Educación Secundaria, mBot2 y Makey Makey, Robótica educativa, Programación, Makey Makey, EUCodeWeekManchega2024;"El alumnado de 3º-4º de ESO diseña un tablero con obstáculos, crea tarjetas de preguntas de opción múltiple y programa un robot mBot con mBlock 5 para recorrer el tablero, mientras otro grupo responde preguntas usando pulsadores conectados a una placa Makey Makey; fallar una pregunta penaliza el trayecto del robot. Combina selección de información, programación por bloques y diseño de juegos de mesa. Autoría: Julián Campa Martín.";"El alumnado de 3º-4º de ESO diseña un tablero con obstáculos, crea tarjetas de preguntas de opción múltiple y programa un robot mBot con mBlock 5 para recorrer el tablero, mientras otro grupo responde preguntas usando pulsadores conectados a una placa Makey Makey; fallar una pregunta penaliza el…"
EUCodeWeekManchega;EU Code Week Manchega 2024;Secundaria;2º ESO;13-14 años;Scratch 3.0.0;La telaraña de los números enteros;https://view.genially.com/670634d4eb0722c0ead2f10f;Educación Secundaria, Scratch, Programación, Halloween, Matemáticas, EUCodeWeekManchega2024;Reto de Matemáticas y programación en Scratch, contextualizado con motivos de Halloween (telarañas), en el que el alumnado de 2º de ESO programa el desplazamiento de una mosca hacia una araña sobre el eje X, después sobre el eje Y y finalmente sobre el plano completo, trabajando operaciones con números enteros junto con secuenciación y depuración de código. Autoría: José Miguel García Cebrián y Javier Rubio Claramonte.;Reto de Matemáticas y programación en Scratch, contextualizado con motivos de Halloween (telarañas), en el que el alumnado de 2º de ESO programa el desplazamiento de una mosca hacia una araña sobre el eje X, después sobre el eje Y y finalmente sobre el plano completo, trabajando operaciones con…
EUCodeWeekManchega;EU Code Week Manchega 2024;"Primaria; Secundaria";"Tercer ciclo; ESO; Bachillerato";10-18 años;Audacity;Podcast escolar y pensamiento computacional;https://view.genially.com/6707a45667aa7735d5881f51;Educación Primaria y Secundaria, Software de audio (Audacity), Fomento de la lectura / comunicación, Pensamiento computacional, EUCodeWeekManchega2024;Taller en dos sesiones en el que el alumnado analiza los elementos y la secuenciación de un podcast, se reparte roles de equipo, elabora un guion y graba una entradilla con Audacity, cerrando con la publicación del resultado en Spotify for Podcasters. Trabaja pensamiento computacional (descomposición, secuenciación, roles) aplicado a la comunicación oral y escrita. Autoría: Antonio A. Miñán Ortega.;Taller en dos sesiones en el que el alumnado analiza los elementos y la secuenciación de un podcast, se reparte roles de equipo, elabora un guion y graba una entradilla con Audacity, cerrando con la publicación del resultado en Spotify for Podcasters.
EUCodeWeekManchega;EU Code Week Manchega 2025;Educación Especial;"EBO; TVA";3-21 años;Actividad desconectada (CodyFeet);Emociones con CodyFeet;https://view.genially.com/68dd0ee967bfc67a321dce11;Educación Especial, Actividad desconectada (CodyFeet), Robótica educativa, Actividad desconectada, Educación emocional, EUCodeWeekManchega2025;Actividad desconectada de Educación Especial (EBO y TVA) basada en CodyFeet en la que, al recorrer el tablero, el alumnado recoge tarjetas de emociones (alegría, tristeza, enfado, miedo, sorpresa...), las verbaliza y las escenifica con la cara para que un compañero adivine de qué emoción se trata. Trabaja identificación y expresión de emociones junto con secuenciación básica. Autoría: María Julia Cabezuelo García, José Ramón del Olmo Aínsua y Miguel Velasco Justo.;Actividad desconectada de Educación Especial (EBO y TVA) basada en CodyFeet en la que, al recorrer el tablero, el alumnado recoge tarjetas de emociones (alegría, tristeza, enfado, miedo, sorpresa...), las verbaliza y las escenifica con la cara para que un compañero adivine de qué emoción se trata.
EUCodeWeekManchega;EU Code Week Manchega 2025;Educación Especial;"EBO; TVA";3-21 años;Bluebot;Lavarse las manos con BlueBot;https://view.genially.com/68dbaef2f4cbc226fcaf8cba;Educación Especial, Bluebot, Robótica educativa, Hábitos saludables / autonomía personal, EUCodeWeekManchega2025;Actividad de Educación Especial en la que el alumnado programa el robot BlueBot (con brazos o pinzas adaptadas) para transportar, en el orden correcto, unas cajitas con QR y audios que representan los pasos de la rutina de lavarse las manos, reforzando autonomía personal y secuenciación temporal. Autoría: María Julia Cabezuelo García, José Ramón del Olmo Aínsua y Miguel Velasco Justo.;Actividad de Educación Especial en la que el alumnado programa el robot BlueBot (con brazos o pinzas adaptadas) para transportar, en el orden correcto, unas cajitas con QR y audios que representan los pasos de la rutina de lavarse las manos, reforzando autonomía personal y secuenciación temporal.
EUCodeWeekManchega;EU Code Week Manchega 2025;Educación Especial;TVA;16-21 años;Makey Makey;Himno de la Alegría con Makey Makey;https://view.genially.com/68dab94fb7cb46a75c71a09c;Educación Especial, Makey Makey, Programación, Música y sonido, EUCodeWeekManchega2025;"Proyecto de Scratch 3.0 y Makey Makey en el que cada tecla conductora reproduce una nota de un fragmento del Himno de la Alegría de Beethoven; el alumnado de Educación Especial sigue una secuencia de teclas usando objetos cotidianos como conductores, vinculado al ODS de salud y bienestar. Autoría: María Julia Cabezuelo García, José Ramón del Olmo Aínsua y Miguel Velasco Justo.";"Proyecto de Scratch 3.0 y Makey Makey en el que cada tecla conductora reproduce una nota de un fragmento del Himno de la Alegría de Beethoven; el alumnado de Educación Especial sigue una secuencia de teclas usando objetos cotidianos como conductores, vinculado al ODS de salud y bienestar."
EUCodeWeekManchega;EU Code Week Manchega 2025;Educación Especial;TVA;16-21 años;Makey Makey;Hábitos saludables con Makey Makey;https://view.genially.com/68da3a8d51c174182e6fbbbc;Educación Especial, Makey Makey, Programación, Hábitos saludables / autonomía personal, EUCodeWeekManchega2025;Proyecto de Scratch 3.0 con Makey Makey en el que el alumnado de Educación Especial responde, pulsando botones conductores, preguntas sobre hábitos de vida saludables (alimentación, higiene, rutinas), vinculado al ODS de salud y bienestar. Autoría: María Julia Cabezuelo García, José Ramón del Olmo Aínsua y Miguel Velasco Justo.;Proyecto de Scratch 3.0 con Makey Makey en el que el alumnado de Educación Especial responde, pulsando botones conductores, preguntas sobre hábitos de vida saludables (alimentación, higiene, rutinas), vinculado al ODS de salud y bienestar.
EUCodeWeekManchega;EU Code Week Manchega 2025;"Infantil; Primaria";"2º ciclo Infantil; Primer ciclo";3-8 años;mTiny;Rayuela 4.0 con mTiny;https://view.genially.com/68da3ff751c174182e745bee;Educación Infantil y Primaria, mTiny, Cultura y patrimonio de CLM, Robótica educativa, Música y sonido, EUCodeWeekManchega2025;Reinterpretación tecnológica de la rayuela tradicional manchega: el alumnado lanza un tejo sobre el tablero y programa al robot mTiny para llegar hasta esa casilla, recogerlo simbólicamente y volver al inicio, consiguiendo tarjetas con símbolos que después deben agrupar según un patrón oculto (colores, figuras o personajes) ligado a juegos y canciones populares de Castilla-La Mancha. Autoría: Prado Merino Gascón, Pedro Moya Gómez Caraballo y Cati Navarro Guillermo.;Reinterpretación tecnológica de la rayuela tradicional manchega: el alumnado lanza un tejo sobre el tablero y programa al robot mTiny para llegar hasta esa casilla, recogerlo simbólicamente y volver al inicio, consiguiendo tarjetas con símbolos que después deben agrupar según un patrón oculto…
EUCodeWeekManchega;EU Code Week Manchega 2025;"Infantil; Primaria";"2º ciclo Infantil; Primer ciclo";3-8 años;Scratch Jr;Programa y juega: sal del laberinto;https://view.genially.com/68dd1c7fe9ac2dc3ec070b49;Educación Infantil y Primaria, Scratch Jr, Gamificación / misterio, Programación, Música y sonido, EUCodeWeekManchega2025;El alumnado crea en Scratch Jr un juego de laberinto: programa un personaje (con su propia imagen) para llegar a la salida sin chocar con las paredes, premiando el éxito con una canción grabada por el propio alumnado. Trabaja bloques de eventos, movimiento, apariencia y sonido. Autoría: Lucía Fernández Pérez, María Rincón Ballesteros y María Elena Rojas Martínez.;El alumnado crea en Scratch Jr un juego de laberinto: programa un personaje (con su propia imagen) para llegar a la salida sin chocar con las paredes, premiando el éxito con una canción grabada por el propio alumnado. Trabaja bloques de eventos, movimiento, apariencia y sonido.
EUCodeWeekManchega;EU Code Week Manchega 2025;Infantil;2º ciclo Infantil;3-5 años;Bluebot;Colourful Food Adventure with Bluebot;https://view.genially.com/68e38ba4f86b303d3d06ff4f;Educación Infantil, Bluebot, Robótica educativa, Lengua extranjera (inglés), EUCodeWeekManchega2025;Actividad en inglés para 3-4 años en la que el alumnado programa el robot Bluebot sobre un tapete de picnic para recoger alimentos de distintos colores, afianzando vocabulario de comida y colores en inglés junto con orientación espacial (adelante, atrás, izquierda, derecha). Autoría: Enrique Molina Díaz.;Actividad en inglés para 3-4 años en la que el alumnado programa el robot Bluebot sobre un tapete de picnic para recoger alimentos de distintos colores, afianzando vocabulario de comida y colores en inglés junto con orientación espacial (adelante, atrás, izquierda, derecha).
EUCodeWeekManchega;EU Code Week Manchega 2025;Infantil;2º ciclo Infantil;3-5 años;mTiny;Listen and point con Mtiny;https://view.genially.com/68d3d46e184d4f4b3166588c;Educación Infantil, mTiny, Fomento de la lectura / comunicación, Robótica educativa, Programación, Lengua extranjera (inglés), EUCodeWeekManchega2025;A lo largo de 4 sesiones hiladas por un cuento, el alumnado de Infantil escucha palabras en inglés (animales y acciones cotidianas) y programa al robot mTiny sobre un tapete para llegar hasta la tarjeta que representa esa palabra, combinando escucha activa, vocabulario en inglés y una secuencia básica de programación. Autoría: José Fernando Talavera.;A lo largo de 4 sesiones hiladas por un cuento, el alumnado de Infantil escucha palabras en inglés (animales y acciones cotidianas) y programa al robot mTiny sobre un tapete para llegar hasta la tarjeta que representa esa palabra, combinando escucha activa, vocabulario en inglés y una secuencia…
EUCodeWeekManchega;EU Code Week Manchega 2025;Primaria;"Segundo ciclo; Tercer ciclo";8-12 años;"Codey Rocky; Lego Spike";MancheRocky va a la feria de Albacete;https://view.genially.com/68dcff881fbdde78a2bf20d8;Educación Primaria, Codey Rocky y Lego Spike Prime, Cultura y patrimonio de CLM, Robótica educativa, Programación, EUCodeWeekManchega2025;En grupos, el alumnado programa un robot Codey Rocky ('MancheRocky') para seguir una línea hasta la Noria de la Feria de Albacete pasando por una puerta de hierros construida con Lego Spike Prime, que debe abrirse mediante un sensor de color al detectar al robot, y programa también la noria para que se ponga en marcha con un sensor de distancia. Vincula robótica, programación por bloques y cultura local (la Feria de Albacete). Autoría: Sonia Torremocha, Encarni Alises, Manuel Martín, Fernando Albo y Benito Moreno.;En grupos, el alumnado programa un robot Codey Rocky ('MancheRocky') para seguir una línea hasta la Noria de la Feria de Albacete pasando por una puerta de hierros construida con Lego Spike Prime, que debe abrirse mediante un sensor de color al detectar al robot, y programa también la noria para…
EUCodeWeekManchega;EU Code Week Manchega 2025;Primaria;Segundo ciclo;8-10 años;Codey Rocky;¡Un 10 con Codey Retos!;https://view.genially.com/68cceec68a20cdd8a1efb480;Educación Primaria, Codey Rocky, Robótica educativa, Programación, Música y sonido, EUCodeWeekManchega2025;"En grupos pequeños, el alumnado programa un robot Codey Rocky con mBlock para superar 10 misiones progresivas sobre un tapete, validadas una a una por el docente en una hoja de registro; combina contenidos interdisciplinares (matemáticas, conocimiento del medio, música) con depuración de errores. Idea y creación: Fernando Albo Basco; edición: Sérvulo Muñoz Muñoz.";"En grupos pequeños, el alumnado programa un robot Codey Rocky con mBlock para superar 10 misiones progresivas sobre un tapete, validadas una a una por el docente en una hoja de registro; combina contenidos interdisciplinares (matemáticas, conocimiento del medio, música) con depuración de errores."
EUCodeWeekManchega;EU Code Week Manchega 2025;Primaria;Tercer ciclo;10-12 años;"Makey Makey; Scratch 3.0.0";"Descubre la fonoteca de ""Clara Harmonía""";https://view.genially.com/68d666a864e0efb524f6d078;Educación Primaria, Makey Makey y Scratch, Programación, Makey Makey, Música y sonido, EUCodeWeekManchega2025;El alumnado construye una maqueta de cartón con fotografías de compositores y compositoras célebres conectada a una placa Makey Makey, y programa en Scratch una fonoteca interactiva que reproduce información sobre cada figura musical, investigando previamente su obra y contexto histórico. Autoría: Javier Sanz Segoviano.;El alumnado construye una maqueta de cartón con fotografías de compositores y compositoras célebres conectada a una placa Makey Makey, y programa en Scratch una fonoteca interactiva que reproduce información sobre cada figura musical, investigando previamente su obra y contexto histórico.
EUCodeWeekManchega;EU Code Week Manchega 2025;Primaria;Tercer ciclo;10-12 años;Lego Spike;LegoRock!;https://view.genially.com/68e36bd52fe80465f3468b03;Educación Primaria, Lego Spike Prime, Robótica educativa, Programación, EUCodeWeekManchega2025;El alumnado de 5º-6º de Primaria construye y programa con Lego Spike Prime y Scratch 3.0 un modelo robótico, utilizando motores, luces LED y sensor de distancia, en tres fases: construcción, programación guiada o libre según experiencia previa, y experimentación con nuevos sensores. Autoría: Fernando Albo Basco (diseño original: Lego Education / Stuart Kettle).;El alumnado de 5º-6º de Primaria construye y programa con Lego Spike Prime y Scratch 3.0 un modelo robótico, utilizando motores, luces LED y sensor de distancia, en tres fases: construcción, programación guiada o libre según experiencia previa, y experimentación con nuevos sensores.
EUCodeWeekManchega;EU Code Week Manchega 2025;Secundaria;"2º ESO; 3º ESO";13-15 años;Microbit;Micro:bit - Temperatura y Radio;https://view.genially.com/68d4fdcba1546155dd48dd4b;Educación Secundaria, Microbit, Programación, Ciencia y física aplicada, EUCodeWeekManchega2025;El alumnado de 2º-3º de ESO programa una placa micro:bit en MakeCode para medir la temperatura con su sensor, convertir la unidad a Kelvin, y enviar por radio el valor registrado (con su unidad) a la placa de otro grupo situado en otro punto del aula, integrando magnitudes físicas y cambio de unidades. Autoría: Carlos Lorente Jiménez.;El alumnado de 2º-3º de ESO programa una placa micro:bit en MakeCode para medir la temperatura con su sensor, convertir la unidad a Kelvin, y enviar por radio el valor registrado (con su unidad) a la placa de otro grupo situado en otro punto del aula, integrando magnitudes físicas y cambio de…
EUCodeWeekManchega;EU Code Week Manchega 2025;Secundaria;"1º ESO; 2º ESO; 3º ESO";12-15 años;Microbit;Micro:bit: atrapa la pelota;https://view.genially.com/68da6351502c9b7299fce253;Educación Secundaria, Microbit, Programación, EUCodeWeekManchega2025;El alumnado de ESO programa en MakeCode un videojuego sencillo de reflejos sobre una placa micro:bit, en el que hay que 'atrapar' un objeto que se desplaza por la pantalla LED a cierta velocidad, trabajando lógica de programación, matemáticas básicas y tiempos de reacción. Autoría: Antonio A. Miñán Ortega.;El alumnado de ESO programa en MakeCode un videojuego sencillo de reflejos sobre una placa micro:bit, en el que hay que 'atrapar' un objeto que se desplaza por la pantalla LED a cierta velocidad, trabajando lógica de programación, matemáticas básicas y tiempos de reacción. Autoría: Antonio A.
EUCodeWeekManchega;EU Code Week Manchega 2025;Secundaria;"2º ESO; 3º ESO";13-15 años;"Microbit; Kit de Expansión";Alerta en la gasolinera: detectando gases peligrosos;https://view.genially.com/68e397df16080889cfc8c7fa;Educación Secundaria, Microbit y sensores (Magician Bit), Medioambiente / sostenibilidad, Programación, EUCodeWeekManchega2025;El alumnado de 2º-3º de ESO construye y programa, con una placa micro:bit, la expansión Magician Bit, un sensor de gas MQ-2 y un zumbador, un detector que simula las condiciones de una gasolinera y activa una alarma sonora al detectar gases inflamables, dando pie a un debate sobre seguridad, combustión y energías alternativas. Autoría: Thomas Rondet.;El alumnado de 2º-3º de ESO construye y programa, con una placa micro:bit, la expansión Magician Bit, un sensor de gas MQ-2 y un zumbador, un detector que simula las condiciones de una gasolinera y activa una alarma sonora al detectar gases inflamables, dando pie a un debate sobre seguridad,…
EUCodeWeekManchega;EU Code Week Manchega 2025;Secundaria;"4º ESO; Bachillerato; Adultos";15+ años;Microbit;Create AI. Una aproximación a la IA con Micro:bit;https://view.genially.com/68e4cd52b4288bb5e5460222;Educación Secundaria y Bachillerato, Microbit (Inteligencia Artificial), Programación, Inteligencia artificial, Ciencia y física aplicada, EUCodeWeekManchega2025;"El alumnado entrena, con la aplicación web Create AI, un modelo de aprendizaje automático que reconoce patrones de movimiento (vertical, horizontal, giros) y lo ejecuta de forma autónoma en una placa micro:bit V2 sin conexión a internet; después programa en MakeCode la comunicación por radio con una segunda placa que mueve un servomotor según el movimiento detectado. Autoría: Gil Gijón Canal.";"El alumnado entrena, con la aplicación web Create AI, un modelo de aprendizaje automático que reconoce patrones de movimiento (vertical, horizontal, giros) y lo ejecuta de forma autónoma en una placa micro:bit V2 sin conexión a internet; después programa en MakeCode la comunicación por radio con…"
EUCodeWeekManchega;EU Code Week Manchega 2025;Secundaria;"3º ESO; 4º ESO";14-16 años;mBot2;Limpiando el lecho marino con mBot2;https://view.genially.com/68e919add738c90b7a755c84;Educación Secundaria, mBot2, Medioambiente / sostenibilidad, Robótica educativa, Programación, EUCodeWeekManchega2025;Simulación con varios robots mBot2 del proyecto real SeaClear de limpieza de fondos marinos: un robot hace de 'barco nodriza' que da la señal de inicio, y otros simulan ROV submarinos que buscan basura dentro de un recinto cerrado usando su sensor de color, avisando a los demás al encontrarla. El alumnado completa programas de mBlock parcialmente hechos (o los crea desde cero) y reflexiona sobre el impacto tecnológico en la sostenibilidad marina. Autoría: Jesús María Cano Lara y Francis Mediano Villanueva.;Simulación con varios robots mBot2 del proyecto real SeaClear de limpieza de fondos marinos: un robot hace de 'barco nodriza' que da la señal de inicio, y otros simulan ROV submarinos que buscan basura dentro de un recinto cerrado usando su sensor de color, avisando a los demás al encontrarla.
INNOVARETOS2024;InnovaRetos CLM 2024/25;"Infantil; Primaria";"2º ciclo Infantil; Primer ciclo";3-8 años;Actividad desconectada;Viaje a la isla misteriosa (Entrenamiento desconectado KID);https://view.genially.com/676290891e5f30538cc90ea2;Educación Infantil y Primaria, Actividad desconectada, Entrenamiento, Aventura / supervivencia, Pensamiento computacional, INNOVARETOS2024;Entrenamiento desconectado de categoría KID en el que, mediante tres juegos de movimiento en el aula (el globo, la charca de la rana y el camino de los animales), el alumnado interioriza los conceptos de sincronización, paralelismo y secuenciación antes de construir secuencias con tarjetas físicas sobre una rejilla en el suelo para llegar hasta un regalo.;Entrenamiento desconectado de categoría KID en el que, mediante tres juegos de movimiento en el aula (el globo, la charca de la rana y el camino de los animales), el alumnado interioriza los conceptos de sincronización, paralelismo y secuenciación antes de construir secuencias con tarjetas físicas…
INNOVARETOS2024;InnovaRetos CLM 2024/25;"Infantil; Primaria";"2º ciclo Infantil; Primer ciclo";3-8 años;Actividad desconectada;Construcción del refugio (Reto desconectado KID);https://view.genially.com/677e4b54f0538f72fe3fe966;Educación Infantil y Primaria, Actividad desconectada, Reto, Aventura / supervivencia, Pensamiento computacional, INNOVARETOS2024;Reto cooperativo de categoría KID en el que el alumnado, organizado en roles de programador, guía, personaje e ingeniero, recolecta materiales (madera, piedras, hojas) sobre un tapete grande para canjearlos por elementos con los que construir un refugio, aplicando lo aprendido en el entrenamiento previo de secuenciación.;Reto cooperativo de categoría KID en el que el alumnado, organizado en roles de programador, guía, personaje e ingeniero, recolecta materiales (madera, piedras, hojas) sobre un tapete grande para canjearlos por elementos con los que construir un refugio, aplicando lo aprendido en el entrenamiento…
INNOVARETOS2024;InnovaRetos CLM 2024/25;"Infantil; Primaria";"2º ciclo Infantil; Primer ciclo";3-8 años;Actividad desconectada;Pensando como un explorador digital;https://view.genially.com/67a1d5c46469850cb53aa130;Educación Infantil y Primaria, Actividad desconectada (tarjetas), Entrenamiento, INNOVARETOS2024;Entrenamiento desconectado en el que el alumnado aprende a leer tarjetas físicas de movimiento, evento y repetición para programar el recorrido de animales hasta su comida favorita, y después resuelve pequeños retos de predicción y de tarjeta perdida en una secuencia. Autoría: Jose Carlos Cortés Martínez.;Entrenamiento desconectado en el que el alumnado aprende a leer tarjetas físicas de movimiento, evento y repetición para programar el recorrido de animales hasta su comida favorita, y después resuelve pequeños retos de predicción y de tarjeta perdida en una secuencia.
INNOVARETOS2024;InnovaRetos CLM 2024/25;Infantil;2º ciclo Infantil;3-5 años;mTiny;mTiny y la aventura de los alimentos;https://view.genially.com/677fb452820ab95e55c9c4da;Educación Infantil, mTiny, Entrenamiento, Robótica educativa (mTiny), INNOVARETOS2024;Entrenamiento con el robot mTiny en el que el alumnado conoce las tarjetas físicas de programación (acción, registro, Go!, repetición, bucle) y las utiliza para guiar al robot hasta el plato de comida favorito de distintos animales disfrazados. Autoría: Jose Carlos Cortés Martínez.;Entrenamiento con el robot mTiny en el que el alumnado conoce las tarjetas físicas de programación (acción, registro, Go!, repetición, bucle) y las utiliza para guiar al robot hasta el plato de comida favorito de distintos animales disfrazados. Autoría: Jose Carlos Cortés Martínez.
INNOVARETOS2024;InnovaRetos CLM 2024/25;Infantil;2º ciclo Infantil;3-5 años;mTiny;Un panda en la ciudad;https://view.genially.com/678f7ee1b5d0834d193500ae;Educación Infantil, mTiny, Reto, Robótica educativa (mTiny), INNOVARETOS2024;Reto con mTiny en el que el alumnado construye un circuito de carretera con el tapete del robot, añadiendo tarjetas de expresión facial, y programa a mTiny para recorrer la ciudad hasta un hospital, narrando la historia de un amigo panda accidentado mientras el robot expresa emociones. Autoría: Jose Carlos Cortés Martínez.;Reto con mTiny en el que el alumnado construye un circuito de carretera con el tapete del robot, añadiendo tarjetas de expresión facial, y programa a mTiny para recorrer la ciudad hasta un hospital, narrando la historia de un amigo panda accidentado mientras el robot expresa emociones.
INNOVARETOS2024;InnovaRetos CLM 2024/25;Infantil;2º ciclo Infantil;3-5 años;Scratch Jr;Despegamos hacia la isla misteriosa;https://view.genially.com/675feaa6614e4e9e72a05590;Educación Infantil, Scratch Jr, Entrenamiento, Aventura / supervivencia, Programación (Scratch), INNOVARETOS2024;Tutorial paso a paso de Scratch Jr en el que el alumnado añade personajes y escenarios, programa movimiento y bucles para simular el despegue de un avión hacia una isla misteriosa, con dos desafíos de ampliación al final. Autoría: Jose Carlos Cortés Martínez.;Tutorial paso a paso de Scratch Jr en el que el alumnado añade personajes y escenarios, programa movimiento y bucles para simular el despegue de un avión hacia una isla misteriosa, con dos desafíos de ampliación al final. Autoría: Jose Carlos Cortés Martínez.
INNOVARETOS2024;InnovaRetos CLM 2024/25;Infantil;2º ciclo Infantil;3-5 años;Scratch Jr;Viaje a la isla misteriosa (Scratch Jr - mensajes);https://view.genially.com/675a9b410b01ba085fc21fe4;Educación Infantil, Scratch Jr, Entrenamiento, Aventura / supervivencia, Programación (Scratch), INNOVARETOS2024;Tutorial de Scratch Jr centrado en enviar y recibir mensajes entre personajes: el alumnado crea una conversación entre un piloto y su amigo antes de partir de viaje, usando bloques de diálogo y mensajes de colores encadenados. Autoría: Jose Carlos Cortés Martínez.;Tutorial de Scratch Jr centrado en enviar y recibir mensajes entre personajes: el alumnado crea una conversación entre un piloto y su amigo antes de partir de viaje, usando bloques de diálogo y mensajes de colores encadenados. Autoría: Jose Carlos Cortés Martínez.
INNOVARETOS2024;InnovaRetos CLM 2024/25;Primaria;"Segundo ciclo; Tercer ciclo";8-12 años;Actividad desconectada;Entrenamiento Desconectadas: el tren de Tomelloso;https://view.genially.com/674dabfba0f5cff08ca63ada;Educación Primaria, Actividad desconectada, Entrenamiento, Literatura: La vuelta al mundo en 80 días, Pensamiento computacional, Geografía / economía, INNOVARETOS2024;Entrenamiento desconectado de pensamiento computacional para 2º-3er ciclo de Primaria: incluye un calentamiento de sistema de tuberías, un puzle interactivo y una actividad interdisciplinar sobre un tren de mercancías del sector primario en Tomelloso que reparte materias primas por distintos pueblos de Castilla-La Mancha, trabajando itinerarios, secuencias y gentilicios. Autoría: Sérvulo Muñoz Muñoz.;Entrenamiento desconectado de pensamiento computacional para 2º-3er ciclo de Primaria: incluye un calentamiento de sistema de tuberías, un puzle interactivo y una actividad interdisciplinar sobre un tren de mercancías del sector primario en Tomelloso que reparte materias primas por distintos…
INNOVARETOS2024;InnovaRetos CLM 2024/25;Primaria;"Segundo ciclo; Tercer ciclo";8-12 años;Actividad desconectada;Reto desconectado: Veinte mil leguas de viaje submarino;https://view.genially.com/6784bd8adf87ea668af478b4;Educación Primaria, Actividad desconectada, Reto, Literatura: Julio Verne, Orientación espacial / coordenadas, INNOVARETOS2024;Reto desconectado inspirado en la novela de Julio Verne en el que, por parejas, el alumnado resuelve secuencias de programación horizontal sobre cuatro tapetes de temática submarina, trabaja coordenadas y actividades interdisciplinares (ordenar alfabéticamente, clasificar animales marinos). Autoría: Sérvulo Muñoz Muñoz.;Reto desconectado inspirado en la novela de Julio Verne en el que, por parejas, el alumnado resuelve secuencias de programación horizontal sobre cuatro tapetes de temática submarina, trabaja coordenadas y actividades interdisciplinares (ordenar alfabéticamente, clasificar animales marinos).
INNOVARETOS2024;InnovaRetos CLM 2024/25;Primaria;"Segundo ciclo; Tercer ciclo";8-12 años;Scratch 3.0.0;Entrenamiento Scratch 3.0;https://view.genially.com/6762c158aa9f8bba2a401ffd;Educación Primaria, Scratch 3.0, Entrenamiento, Programación (Scratch), INNOVARETOS2024;Entrenamiento general de Scratch 3.0 con tutoriales en vídeo sobre primeros pasos, eventos, personajes y escenarios, apariencia, movimiento y control (bucles y esperas), culminando en la creación de una pequeña historia animada. Autoría: Javier Díaz Arribas.;Entrenamiento general de Scratch 3.0 con tutoriales en vídeo sobre primeros pasos, eventos, personajes y escenarios, apariencia, movimiento y control (bucles y esperas), culminando en la creación de una pequeña historia animada. Autoría: Javier Díaz Arribas.
INNOVARETOS2024;InnovaRetos CLM 2024/25;Primaria;"Segundo ciclo; Tercer ciclo";8-12 años;Codey Rocky;Entrenamiento Codey Rocky;https://view.genially.com/6784bdb16f9bea42ddec8865;Educación Primaria, Codey Rocky, Entrenamiento, Robótica educativa (Codey Rocky), Geografía / economía, INNOVARETOS2024;Entrenamiento de robótica con Codey Rocky en el que el alumnado construye un tapete de suelo, conoce las apps de manejo del robot y practica itinerarios de producto natural a producto elaborado, con variantes como duelos 1x1 y limitación de movimientos programables. Autoría: Sérvulo Muñoz Muñoz.;Entrenamiento de robótica con Codey Rocky en el que el alumnado construye un tapete de suelo, conoce las apps de manejo del robot y practica itinerarios de producto natural a producto elaborado, con variantes como duelos 1x1 y limitación de movimientos programables. Autoría: Sérvulo Muñoz Muñoz.
INNOVARETOS2024;InnovaRetos CLM 2024/25;Primaria;"Segundo ciclo; Tercer ciclo";8-12 años;Codey Rocky;Reto de robótica: Veinte mil leguas (los 4 cofres);https://view.genially.com/67617854ed961a16f9aa0c9f;Educación Primaria, Codey Rocky, Reto, Literatura: Julio Verne, Robótica educativa (Codey Rocky), Orientación espacial / coordenadas, INNOVARETOS2024;Reto de robótica ambientado en la novela de Julio Verne en el que grupos de 3-4 alumnos programan a Codey Rocky para recorrer un tapete submarino, descubrir la palabra oculta en cuatro cofres (usando itinerarios y coordenadas) y terminar superando un laberinto interactivo. Autoría: Sérvulo Muñoz Muñoz.;Reto de robótica ambientado en la novela de Julio Verne en el que grupos de 3-4 alumnos programan a Codey Rocky para recorrer un tapete submarino, descubrir la palabra oculta en cuatro cofres (usando itinerarios y coordenadas) y terminar superando un laberinto interactivo.
INNOVARETOS2024;InnovaRetos CLM 2024/25;Secundaria;"1º ESO; 2º ESO; 3º ESO";12-15 años;Actividad desconectada;Entrenamiento GENIUS Desconectadas: criptografía;https://view.genially.com/676528cccd485463045de4ba;Educación Secundaria, Actividad desconectada, Entrenamiento, Criptografía y lógica, Codificación de datos, INNOVARETOS2024;Entrenamiento desconectado de categoría GENIUS sobre encriptación: historia del cifrado César y su mecánica (con ruleta manipulativa), permutaciones de elementos y su paridad, y codificación básica de imágenes digitales en matrices de píxeles junto con el concepto de variable. Autoría: Raúl Casanova Sánchez.;Entrenamiento desconectado de categoría GENIUS sobre encriptación: historia del cifrado César y su mecánica (con ruleta manipulativa), permutaciones de elementos y su paridad, y codificación básica de imágenes digitales en matrices de píxeles junto con el concepto de variable.
INNOVARETOS2024;InnovaRetos CLM 2024/25;Secundaria;"1º ESO; 2º ESO; 3º ESO";12-15 años;Actividad desconectada;Reto GENIUS Desconectadas: De la Tierra a la Luna;https://view.genially.com/678e04ff5e9af6e5d47fe4a5;Educación Secundaria, Actividad desconectada, Reto, Literatura: Julio Verne, Espacio / astronomía, Criptografía y lógica, INNOVARETOS2024;Reto desconectado ambientado en la novela de Julio Verne en el que el alumnado, aplicando lo aprendido sobre permutaciones, codificación de imágenes y cifrado César, descubre una palabra clave de once letras necesaria para lanzar un cohete a la Luna. Autoría: Raúl Casanova Sánchez.;Reto desconectado ambientado en la novela de Julio Verne en el que el alumnado, aplicando lo aprendido sobre permutaciones, codificación de imágenes y cifrado César, descubre una palabra clave de once letras necesaria para lanzar un cohete a la Luna. Autoría: Raúl Casanova Sánchez.
INNOVARETOS2024;InnovaRetos CLM 2024/25;Secundaria;"1º ESO; 2º ESO; 3º ESO";12-15 años;"Diseño 3D; Tinkercad";Empezando con Tinkercad;https://view.genially.com/674eee5590a5437d35fd5dd5;Educación Secundaria, Diseño 3D (Tinkercad), Entrenamiento, Diseño e impresión 3D, INNOVARETOS2024;Entrenamiento inicial de diseño 3D con Tinkercad: creación de un aula virtual, primeros pasos con formas básicas, operaciones booleanas (sólido/hueco, adición, sustracción, intersección), alineación, y diseño de un llavero de InnovaRetos como primera pieza propia. Autoría: Javier Rubio Claramonte.;Entrenamiento inicial de diseño 3D con Tinkercad: creación de un aula virtual, primeros pasos con formas básicas, operaciones booleanas (sólido/hueco, adición, sustracción, intersección), alineación, y diseño de un llavero de InnovaRetos como primera pieza propia. Autoría: Javier Rubio Claramonte.
INNOVARETOS2024;InnovaRetos CLM 2024/25;Secundaria;"1º ESO; 2º ESO; 3º ESO";12-15 años;"Diseño 3D; Tinkercad";Avanzando en Tinkercad: vehículo lunar;https://view.genially.com/675ff690c05f43af0b1a207b;Educación Secundaria, Diseño 3D (Tinkercad), Entrenamiento, Diseño e impresión 3D, INNOVARETOS2024;Entrenamiento avanzado de Tinkercad centrado en las herramientas duplicar, simetría y acoplar (diseñando una rueda dentada) para después construir por fases un vehículo lunar completo (ruedas, chasis, panel de mandos, antena, logo) y exportarlo a una impresora 3D. Autoría: Javier Rubio Claramonte.;Entrenamiento avanzado de Tinkercad centrado en las herramientas duplicar, simetría y acoplar (diseñando una rueda dentada) para después construir por fases un vehículo lunar completo (ruedas, chasis, panel de mandos, antena, logo) y exportarlo a una impresora 3D. Autoría: Javier Rubio Claramonte.
INNOVARETOS2024;InnovaRetos CLM 2024/25;Secundaria;"1º ESO; 2º ESO; 3º ESO";12-15 años;"Diseño 3D; Tinkercad";Reto Diseño 3D GENIUS: cohete a la Luna;https://view.genially.com/678e12409ed5ac40a2e1dbbf;Educación Secundaria, Diseño 3D (Tinkercad), Reto, Literatura: Julio Verne, Espacio / astronomía, Diseño e impresión 3D, INNOVARETOS2024;Reto de diseño 3D, ambientado en 'De la Tierra a la Luna' de Julio Verne, en el que el alumnado diseña con Tinkercad un cohete espacial siguiendo reglas concretas (uso obligatorio de operaciones de sustracción/adición e intersección, y de las herramientas duplicar/simetría/acoplar) y entrega el proyecto publicando el enlace. Autoría: Javier Rubio Claramonte.;Reto de diseño 3D, ambientado en 'De la Tierra a la Luna' de Julio Verne, en el que el alumnado diseña con Tinkercad un cohete espacial siguiendo reglas concretas (uso obligatorio de operaciones de sustracción/adición e intersección, y de las herramientas duplicar/simetría/acoplar) y entrega el…
INNOVARETOS2024;InnovaRetos CLM 2024/25;Secundaria;"1º ESO; 2º ESO; 3º ESO";12-15 años;"Microbit; simulado en Tinkercad";Micro:bit en Tinkercad: termostato;https://view.genially.com/675efd28a746c96bdcabb76d;Educación Secundaria, Microbit (simulado en Tinkercad), Entrenamiento, Diseño e impresión 3D, Microbit, INNOVARETOS2024;Entrenamiento en el que el alumnado simula un circuito con micro:bit en Tinkercad para crear un termostato: cuando la temperatura detectada es menor que la programada, se activa un LED que representa la climatización. Autoría: José Miguel García Cebrián.;Entrenamiento en el que el alumnado simula un circuito con micro:bit en Tinkercad para crear un termostato: cuando la temperatura detectada es menor que la programada, se activa un LED que representa la climatización. Autoría: José Miguel García Cebrián.
INNOVARETOS2024;InnovaRetos CLM 2024/25;Secundaria;"1º ESO; 2º ESO; 3º ESO";12-15 años;"Microbit; simulado en Tinkercad";Micro:bit en Tinkercad: comunicación por radio;https://view.genially.com/6784bf4bdf87ea668af62f29;Educación Secundaria, Microbit (simulado en Tinkercad), Entrenamiento, Diseño e impresión 3D, Microbit, INNOVARETOS2024;Entrenamiento en el que el alumnado simula en Tinkercad dos placas micro:bit conectadas por radio y las programa para que se comuniquen entre sí. Autoría: José Miguel García Cebrián.;Entrenamiento en el que el alumnado simula en Tinkercad dos placas micro:bit conectadas por radio y las programa para que se comuniquen entre sí. Autoría: José Miguel García Cebrián.
INNOVARETOS2024;InnovaRetos CLM 2024/25;Secundaria;"1º ESO; 2º ESO; 3º ESO";12-15 años;"Microbit; simulado en Tinkercad";Reto Micro:bit GENIUS: monitorización a la Luna;https://view.genially.com/678a3e160b7e96c16faca810;Educación Secundaria, Microbit (simulado en Tinkercad), Reto, Espacio / astronomía, Microbit, INNOVARETOS2024;Reto, ambientado en 'De la Tierra a la Luna', en el que el alumnado programa dos placas micro:bit conectadas por radio: una simula un centro de control y otra un vehículo espacial, intercambiando datos de temperatura e inclinación con botones. Autoría: José Miguel García Cebrián.;Reto, ambientado en 'De la Tierra a la Luna', en el que el alumnado programa dos placas micro:bit conectadas por radio: una simula un centro de control y otra un vehículo espacial, intercambiando datos de temperatura e inclinación con botones. Autoría: José Miguel García Cebrián.
INNOVARETOS2024;InnovaRetos CLM 2024/25;Secundaria;"4º ESO; Bachillerato; Adultos";15+ años;Actividad desconectada;Entrenamiento Desconectada MASTER: secuencias lógicas;https://view.genially.com/678050766b204a653c62b0f2;Educación Secundaria y Bachillerato, Actividad desconectada, Entrenamiento, Bioinformática / lógica, Pensamiento computacional, INNOVARETOS2024;Entrenamiento desconectado de categoría MASTER con dos bloques de pensamiento computacional: resolución de problemas de mutación de secuencias de ADN (sustitución, deleción, duplicación) y ejercicios de dados programables donde hay que deducir la secuencia de instrucciones que genera un dibujo dado. Autoría: José Ignacio Fernández.;Entrenamiento desconectado de categoría MASTER con dos bloques de pensamiento computacional: resolución de problemas de mutación de secuencias de ADN (sustitución, deleción, duplicación) y ejercicios de dados programables donde hay que deducir la secuencia de instrucciones que genera un dibujo dado.
INNOVARETOS2024;InnovaRetos CLM 2024/25;Secundaria;"4º ESO; Bachillerato; Adultos";15+ años;Actividad desconectada;Reto 1 Desconectada MASTER: La vuelta al mundo en 80 días;https://view.genially.com/678a19ffdb7f3ed37ee55502;Educación Secundaria y Bachillerato, Actividad desconectada, Reto, Literatura: La vuelta al mundo en 80 días, INNOVARETOS2024;"Reto desconectado ambientado en 'La vuelta al mundo en 80 días' en el que el alumnado ayuda al criado de Phileas Fogg a descifrar un panel de luces mediante tres desafíos lógicos progresivos, entregando las soluciones en una plantilla PDF; se relaciona con la puerta lógica NOT del álgebra de Boole. Autoría: José Ignacio Fernández.";"Reto desconectado ambientado en 'La vuelta al mundo en 80 días' en el que el alumnado ayuda al criado de Phileas Fogg a descifrar un panel de luces mediante tres desafíos lógicos progresivos, entregando las soluciones en una plantilla PDF; se relaciona con la puerta lógica NOT del álgebra de Boole."
INNOVARETOS2024;InnovaRetos CLM 2024/25;Secundaria;"4º ESO; Bachillerato; Adultos";15+ años;"Diseño 3D; Tinkercad";Reto 3D MASTER: máquina de vapor;https://view.genially.com/678e588a5ebce8ec0bc8fea6;Educación Secundaria y Bachillerato, Diseño 3D (Tinkercad), Reto, Literatura: La vuelta al mundo en 80 días, Diseño e impresión 3D, INNOVARETOS2024;Reto de diseño 3D en el que el alumnado de MASTER recrea con Tinkercad, pieza a pieza (cuerpo, cabina, chasis, escape de vapor), la máquina de tren de vapor del viaje de Phileas Fogg de Bombay a Calcuta, entregando el diseño público y capturas del resultado. Autoría: Tecno TIC IES Molina.;Reto de diseño 3D en el que el alumnado de MASTER recrea con Tinkercad, pieza a pieza (cuerpo, cabina, chasis, escape de vapor), la máquina de tren de vapor del viaje de Phileas Fogg de Bombay a Calcuta, entregando el diseño público y capturas del resultado. Autoría: Tecno TIC IES Molina.
INNOVARETOS2024;InnovaRetos CLM 2024/25;Secundaria;"4º ESO; Bachillerato; Adultos";15+ años;"Diseño 3D; Tinkercad";Entrenamiento 2 MASTER: animación 3D con Mixamo;https://view.genially.com/67866835493d6ba8078acf05;Educación Secundaria y Bachillerato, Diseño 3D + animación (Tinkercad y Mixamo), Entrenamiento, Literatura: La vuelta al mundo en 80 días, Diseño e impresión 3D, Animación 3D, INNOVARETOS2024;Entrenamiento en el que el alumnado adapta en Tinkercad un personaje diseñado previamente (Phileas Fogg) para que sea compatible con Mixamo, lo exporta en formato OBJ, lo sube a Mixamo, define sus articulaciones y le aplica animaciones predefinidas, exportando el resultado en FBX. Autoría: Tecno TIC IES Molina.;Entrenamiento en el que el alumnado adapta en Tinkercad un personaje diseñado previamente (Phileas Fogg) para que sea compatible con Mixamo, lo exporta en formato OBJ, lo sube a Mixamo, define sus articulaciones y le aplica animaciones predefinidas, exportando el resultado en FBX.
INNOVARETOS2024;InnovaRetos CLM 2024/25;Secundaria;"4º ESO; Bachillerato; Adultos";15+ años;CyberPi y mBot2;Entrenamiento 1 MASTER: CyberPi (joystick, LEDs y audio);https://view.genially.com/675a9cae0b01ba085fc3e6f2;Educación Secundaria y Bachillerato, CyberPi y mBot2, Entrenamiento, Robótica educativa (mBot / CyberPi), INNOVARETOS2024;Entrenamiento de robótica y programación con mBlock, CyberPi y mBot2: el alumnado programa un personaje en pantalla que recoge tres notas musicales controlado por el joystick de la CyberPi, usando mensajes, variables, bloques propios y sensores, con salida de sonido y LEDs en la propia CyberPi. Autoría: Carlos Lorente Jiménez.;Entrenamiento de robótica y programación con mBlock, CyberPi y mBot2: el alumnado programa un personaje en pantalla que recoge tres notas musicales controlado por el joystick de la CyberPi, usando mensajes, variables, bloques propios y sensores, con salida de sonido y LEDs en la propia CyberPi.
INNOVARETOS2024;InnovaRetos CLM 2024/25;Secundaria;"4º ESO; Bachillerato; Adultos";15+ años;"CyberPi; mBot2";Entrenamiento 2 MASTER: CyberPi (sensores de movimiento y sonido);https://view.genially.com/675a9cb80b01ba085fc3f63b;Educación Secundaria y Bachillerato, CyberPi y mBot2, Entrenamiento, Robótica educativa (mBot / CyberPi), Música y sonido, INNOVARETOS2024;Continuación del entrenamiento de CyberPi: el alumnado compone una melodía, sincroniza el movimiento de un personaje con la música, usa el sensor de movimiento para que el público 'salte' al agitar el mando, y en la sección bonus trabaja el sensor de sonido y la extensión de texto a voz para simular la reacción del público en un concierto. Autoría: Carlos Lorente Jiménez.;Continuación del entrenamiento de CyberPi: el alumnado compone una melodía, sincroniza el movimiento de un personaje con la música, usa el sensor de movimiento para que el público 'salte' al agitar el mando, y en la sección bonus trabaja el sensor de sonido y la extensión de texto a voz para…
INNOVARETOS2024;InnovaRetos CLM 2024/25;Secundaria;"4º ESO; Bachillerato; Adultos";15+ años;"CyberPi; mBot2";Reto 3 MASTER: La vuelta al mundo en 80 días (CyberPi);https://view.genially.com/6784c21ddf87ea668af90c8d;Educación Secundaria y Bachillerato, CyberPi y mBot2, Reto, Literatura: La vuelta al mundo en 80 días, Robótica educativa (mBot / CyberPi), Música y sonido, INNOVARETOS2024;Reto de robótica educativa, ambientado en 'La vuelta al mundo en 80 días', en el que el alumnado usa el mando de la CyberPi para ayudar a Phileas Fogg a rescatar a Passepartout y Aouida y escapar en un tren al ritmo de la canción 'Sílbame' (de Willy Fog), combinando personajes, fondos, sonido, LEDs y mensajes en pantalla. Autoría: Carlos Lorente Jiménez.;Reto de robótica educativa, ambientado en 'La vuelta al mundo en 80 días', en el que el alumnado usa el mando de la CyberPi para ayudar a Phileas Fogg a rescatar a Passepartout y Aouida y escapar en un tren al ritmo de la canción 'Sílbame' (de Willy Fog), combinando personajes, fondos, sonido, LEDs…
SituacionesAprendizajeCLM;Situaciones de Aprendizaje (Banco de Recursos JCCM);Infantil;2º ciclo Infantil;3-5 años;"Actividad desconectada; Bluebot; Scratch Jr";Tú sí que sabes A MAR (5 años);https://bancoderecursos.castillalamancha.es/exelearningresource/tu-si-que-sabes-a-mar-5-aos/b57fb82c-260f-1b2a-23e2-88f54c7e6edd;Educación Infantil, Medioambiente marino, Ecosistemas y fauna, Pensamiento computacional, SituacionesAprendizajeCLM;"Situación de aprendizaje de Infantil (5 años) que parte de la curiosidad por el mar y los animales marinos para iniciar al alumnado en el pensamiento computacional (secuenciación, descomposición y abstracción, sincronización) a través del lenguaje de programación, utilizándolo como vehículo para visibilizar el problema de la contaminación marítima. [Nota: descripción obtenida solo a través de resultados de búsqueda, ya que el sitio de origen bloquea el acceso automatizado; no se ha podido acceder al desarrollo completo de la actividad.]";Situación de aprendizaje de Infantil (5 años) que parte de la curiosidad por el mar y los animales marinos para iniciar al alumnado en el pensamiento computacional (secuenciación, descomposición y abstracción, sincronización) a través del lenguaje de programación, utilizándolo como vehículo para…
SituacionesAprendizajeCLM;Situaciones de Aprendizaje (Banco de Recursos JCCM);Infantil;2º ciclo Infantil;3-5 años;"Actividad desconectada; Bluebot; Scratch Jr";Tú sí que sabes A MAR (4 años);https://bancoderecursos.castillalamancha.es/exelearningresource/tu-si-que-sabes-a-mar-4-aos/83692000-a993-dcd5-4596-aeb79ef03e3b;Educación Infantil, Medioambiente marino, Ecosistemas y fauna, Pensamiento computacional, SituacionesAprendizajeCLM;"Variante para 4 años de la misma situación de aprendizaje sobre el mar y los animales marinos, orientada a iniciar al alumnado en el pensamiento computacional y a sensibilizar sobre la contaminación marítima. [Nota: descripción obtenida solo a través de resultados de búsqueda; sitio de origen bloquea el acceso automatizado.]";Variante para 4 años de la misma situación de aprendizaje sobre el mar y los animales marinos, orientada a iniciar al alumnado en el pensamiento computacional y a sensibilizar sobre la contaminación marítima.
SituacionesAprendizajeCLM;Situaciones de Aprendizaje (Banco de Recursos JCCM);Infantil;2º ciclo Infantil;3-5 años;"Actividad desconectada; Bluebot; Scratch Jr";Tú sí que sabes A MAR (3 años);https://bancoderecursos.castillalamancha.es/exelearningresource/tu-si-que-sabes-a-mar-3-aos/408130a7-49a9-03c6-6421-1a264aa318d6;Educación Infantil, Medioambiente marino, Ecosistemas y fauna, Pensamiento computacional, SituacionesAprendizajeCLM;"Variante para 3 años de la misma situación de aprendizaje sobre el mar y los animales marinos, orientada a iniciar al alumnado en el pensamiento computacional y a sensibilizar sobre la contaminación marítima. [Nota: descripción obtenida solo a través de resultados de búsqueda; sitio de origen bloquea el acceso automatizado.]";Variante para 3 años de la misma situación de aprendizaje sobre el mar y los animales marinos, orientada a iniciar al alumnado en el pensamiento computacional y a sensibilizar sobre la contaminación marítima.
SituacionesAprendizajeCLM;Situaciones de Aprendizaje (Banco de Recursos JCCM);Infantil;2º ciclo Infantil;3-5 años;"Actividad desconectada; mTiny; Scratch Jr";Animales y guardianes, ¡Héroes con grandes planes! (5 años);https://bancoderecursos.castillalamancha.es/exelearningresource/animales-y-guardianes-heroes-con-grandes-planes-5/de490bf9-ea86-7a81-9734-d6b28892dfed;Educación Infantil, Ecosistemas y fauna, Pensamiento computacional, Sostenibilidad / ODS, SituacionesAprendizajeCLM;"Situación de aprendizaje de Infantil (5 años) sobre el mundo animal, los ecosistemas y las profesiones que los cuidan, vinculada a los ODS 13 (Acción por el clima) y 15 (Vida de ecosistemas terrestres). A través del juego y la manipulación, el alumnado observa, clasifica y experimenta, iniciándose además en el pensamiento computacional mediante el lenguaje de programación. [Nota: descripción obtenida solo a través de resultados de búsqueda; sitio de origen bloquea el acceso automatizado.]";Situación de aprendizaje de Infantil (5 años) sobre el mundo animal, los ecosistemas y las profesiones que los cuidan, vinculada a los ODS 13 (Acción por el clima) y 15 (Vida de ecosistemas terrestres).
SituacionesAprendizajeCLM;Situaciones de Aprendizaje (Banco de Recursos JCCM);Infantil;2º ciclo Infantil;3-5 años;"Actividad desconectada; mTiny; Scratch Jr";Animales y guardianes, ¡Héroes con grandes planes! (4 años);https://bancoderecursos.castillalamancha.es/exelearningresource/animales-y-guardianes-heroes-con-grandes-planes-4/fa77db2e-10f3-5e16-c06c-4d8b046b09cf;Educación Infantil, Ecosistemas y fauna, Pensamiento computacional, Sostenibilidad / ODS, SituacionesAprendizajeCLM;"Variante para 4 años de la situación de aprendizaje sobre el mundo animal y los ecosistemas, vinculada a los ODS 13 y 15, con iniciación al pensamiento computacional. [Nota: descripción obtenida solo a través de resultados de búsqueda; sitio de origen bloquea el acceso automatizado.]";"Variante para 4 años de la situación de aprendizaje sobre el mundo animal y los ecosistemas, vinculada a los ODS 13 y 15, con iniciación al pensamiento computacional. [Nota: descripción obtenida solo a través de resultados de búsqueda; sitio de origen bloquea el acceso automatizado.]"
SituacionesAprendizajeCLM;Situaciones de Aprendizaje (Banco de Recursos JCCM);Infantil;2º ciclo Infantil;3-5 años;"Actividad desconectada; mTiny; Scratch Jr";Animales y guardianes, ¡Héroes con grandes planes! (3 años);https://bancoderecursos.castillalamancha.es/exelearningresource/animales-y-guardianes-heroes-con-grandes-planes-3/e4a06b77-746b-ded6-707d-2c1a670e7c59;Educación Infantil, Ecosistemas y fauna, Pensamiento computacional, Sostenibilidad / ODS, SituacionesAprendizajeCLM;"Variante para 3 años de la situación de aprendizaje sobre el mundo animal y los ecosistemas, vinculada a los ODS 13 y 15, con iniciación al pensamiento computacional. [Nota: descripción obtenida solo a través de resultados de búsqueda; sitio de origen bloquea el acceso automatizado.]";"Variante para 3 años de la situación de aprendizaje sobre el mundo animal y los ecosistemas, vinculada a los ODS 13 y 15, con iniciación al pensamiento computacional. [Nota: descripción obtenida solo a través de resultados de búsqueda; sitio de origen bloquea el acceso automatizado.]"
SituacionesAprendizajeCLM;Situaciones de Aprendizaje (Banco de Recursos JCCM);Primaria;Tercer ciclo;10-12 años;"Actividad desconectada; Scratch 3.0,0";El alumnado que domó las energías;https://bancoderecursos.castillalamancha.es/exelearningresource/el-alumnado-que-domo-las-energias/7d55183d-63bb-cc8b-9299-f2dfeb9821cd;Educación Primaria, Energía, SituacionesAprendizajeCLM;"Situación de aprendizaje de Tercer Ciclo de Primaria que parte de una provocación -ayudar a un niño africano de su edad a resolver un problema- para despertar la curiosidad sobre la energía y sus fuentes, desarrollando el pensamiento científico mediante observación, experimentación e investigación. [Nota: descripción obtenida solo a través de resultados de búsqueda; sitio de origen bloquea el acceso automatizado.]";Situación de aprendizaje de Tercer Ciclo de Primaria que parte de una provocación -ayudar a un niño africano de su edad a resolver un problema- para despertar la curiosidad sobre la energía y sus fuentes, desarrollando el pensamiento científico mediante observación, experimentación e investigación.
SituacionesAprendizajeCLM;Situaciones de Aprendizaje (Banco de Recursos JCCM);Primaria;Tercer ciclo;10-12 años;"Actividad desconectada; Codey Rocky; Lego Spike; Scratch 3.0,0";Un viaje al pasado;https://bancoderecursos.castillalamancha.es/exelearningresource/un-viaje-al-pasado/df31ccde-33c1-510c-a373-50846689f7ba;Educación Primaria, Historia / pensamiento histórico, SituacionesAprendizajeCLM;"Situación de aprendizaje de Primaria con una narrativa en la que una niña descendiente de Juanelo Turriano fabrica una máquina del tiempo para viajar al pasado y ayudar a los reyes a reconstruir elementos de la historia de España perdidos en un incendio, trabajando pensamiento histórico, crítico y computacional. [Nota: descripción obtenida solo a través de resultados de búsqueda, sin confirmar el ciclo exacto de Primaria; sitio de origen bloquea el acceso automatizado.]";Situación de aprendizaje de Primaria con una narrativa en la que una niña descendiente de Juanelo Turriano fabrica una máquina del tiempo para viajar al pasado y ayudar a los reyes a reconstruir elementos de la historia de España perdidos en un incendio, trabajando pensamiento histórico, crítico y…
SituacionesAprendizajeCLM;Situaciones de Aprendizaje (Banco de Recursos JCCM);Primaria;Segundo ciclo;8-10 años;"Actividad desconectada; Scratch 3.0,0";Cocinando al sol;https://bancoderecursos.castillalamancha.es/exelearningresource/cocinando-al-sol/055605bd-9275-c140-3c77-5747e71ddb18;Educación Primaria, Energía, SituacionesAprendizajeCLM;"Situación de aprendizaje de Segundo Ciclo de Primaria que parte de la provocación de ayudar a un niño africano a resolver un problema, despertando la curiosidad sobre la energía térmica, los hornos solares y el cuidado del medio ambiente, mediante observación, experimentación e investigación. [Nota: descripción obtenida solo a través de resultados de búsqueda; sitio de origen bloquea el acceso automatizado.]";Situación de aprendizaje de Segundo Ciclo de Primaria que parte de la provocación de ayudar a un niño africano a resolver un problema, despertando la curiosidad sobre la energía térmica, los hornos solares y el cuidado del medio ambiente, mediante observación, experimentación e investigación.
SituacionesAprendizajeCLM;Situaciones de Aprendizaje (Banco de Recursos JCCM);Primaria;Segundo ciclo;8-10 años;"Actividad desconectada; Codey Rocky; Lego Spike; Scratch 3.0,0";Maquinando pirámides;https://bancoderecursos.castillalamancha.es/exelearningresource/maquinando-piramides/d1cca353-c34d-789c-b6ad-7736b34635e3;Educación Primaria, Egiptología / máquinas simples, SituacionesAprendizajeCLM;"Situación de aprendizaje de Segundo Ciclo de Primaria que parte de la provocación de ayudar a un niño y una niña del Antiguo Egipto a descubrir cómo construir una pirámide, despertando la curiosidad sobre las máquinas simples (en concreto la polea) y su uso en la construcción de grandes obras antiguas. [Nota: descripción obtenida solo a través de resultados de búsqueda; sitio de origen bloquea el acceso automatizado.]";Situación de aprendizaje de Segundo Ciclo de Primaria que parte de la provocación de ayudar a un niño y una niña del Antiguo Egipto a descubrir cómo construir una pirámide, despertando la curiosidad sobre las máquinas simples (en concreto la polea) y su uso en la construcción de grandes obras…
SituacionesAprendizajeCLM;Situaciones de Aprendizaje (Banco de Recursos JCCM);Primaria;Primer ciclo;6-8 años;"Actividad desconectada; Scratch 3.0,0";Los secretos del arcoíris;https://bancoderecursos.castillalamancha.es/exelearningresource/los-secretos-del-arcoiris/8e4a88b8-7794-ad90-dee8-211c83d27be4;Educación Primaria, Energía, Óptica / luz, Sostenibilidad / ODS, SituacionesAprendizajeCLM;"Situación de aprendizaje de Primer Ciclo de Primaria que parte de la observación de un arcoíris en un día de lluvia para investigar la luz, sus características y propiedades, incluyendo una labor de sensibilización sobre la contaminación lumínica relacionada con el ODS 7 (Energía asequible y no contaminante). [Nota: descripción obtenida solo a través de resultados de búsqueda; sitio de origen bloquea el acceso automatizado.]";Situación de aprendizaje de Primer Ciclo de Primaria que parte de la observación de un arcoíris en un día de lluvia para investigar la luz, sus características y propiedades, incluyendo una labor de sensibilización sobre la contaminación lumínica relacionada con el ODS 7 (Energía asequible y no…
SituacionesAprendizajeCLM;Situaciones de Aprendizaje (Banco de Recursos JCCM);Primaria;Primer ciclo;6-8 años;"Actividad desconectada; Codey Rocky; Lego Spike; Scratch 3.0,0";Explorando el tiempo;https://bancoderecursos.castillalamancha.es/exelearningresource/explorando-el-tiempo/a3b99783-5064-8dc3-9628-c06890bb19a5;Educación Primaria, Historia / pensamiento histórico, Medios de comunicación, Pensamiento computacional, SituacionesAprendizajeCLM;"Situación de aprendizaje de Primer Ciclo de Primaria que parte de una provocación -viajar entre pasado, presente y futuro con una máquina del tiempo- para descubrir los distintos medios de comunicación que ha utilizado la humanidad, desde los más antiguos hasta los más avanzados, culminando con la creación de un mundo futuro imaginario con nuevos medios de comunicación, y trabajando de forma lúdica el pensamiento computacional. [Nota: descripción obtenida solo a través de resultados de búsqueda; sitio de origen bloquea el acceso automatizado.]";Situación de aprendizaje de Primer Ciclo de Primaria que parte de una provocación -viajar entre pasado, presente y futuro con una máquina del tiempo- para descubrir los distintos medios de comunicación que ha utilizado la humanidad, desde los más antiguos hasta los más avanzados, culminando con la…
CajasAprendizajeCLM;Cajas de Aprendizaje (Banco de Recursos JCCM);Secundaria;4º ESO;15-16 años;"Actividad desconectada; Scratch 3.0.0; Robótica";FormulaSolarPower;https://bancoderecursos.castillalamancha.es/exelearningresource/caja-de-aprendizaje-formulasolarpower/ce4c794f-3e42-9602-23c7-68103faa4097;Energía / sostenibilidad, CajasAprendizajeCLM, Datos incompletos (verificar);[AVISO: no se ha podido acceder al contenido de esta ficha -bloqueo de robots.txt del sitio- ni encontrar una descripción indexada en buscadores más allá del título. Por el nombre, parece una caja de aprendizaje sobre energía solar aplicada a un vehículo (posiblemente ligada a STEM/tecnología), pero no hay datos verificados de etapa, edad ni desarrollo de la actividad. Recomendable revisar manualmente antes de dar esta fila por buena.];[AVISO: no se ha podido acceder al contenido de esta ficha -bloqueo de robots.txt del sitio- ni encontrar una descripción indexada en buscadores más allá del título. Por el nombre, parece una caja de aprendizaje sobre energía solar aplicada a un vehículo (posiblemente ligada a STEM/tecnología),…
CajasAprendizajeCLM;Cajas de Aprendizaje (Banco de Recursos JCCM) / EU Code Week;Secundaria;1º ESO;12-13 años;Actividad desconectada;Calculus romanus;https://bancoderecursos.castillalamancha.es/exelearningresource/caja-de-aprendizaje-calculus-romanus/1cbd0aa9-55ef-c8f6-15ed-d2e86f5faec7;Secundaria, Matemáticas, Historia, Programación / Microbit, EU Code Week, CajasAprendizajeCLM;Caja de aprendizaje de Matemáticas para 1º de ESO (interdisciplinar con Geografía e Historia) que repasa números romanos, números enteros, porcentajes y fracciones a través de una serie de retos ambientados en la Roma antigua y su legado en Castilla-La Mancha, combinando recursos desconectados y conectados. Actividad organizada dentro de la Semana de la Programación de la UE (#EUCodeWeek). [Nota: descripción obtenida vía resultados de búsqueda, sitio de origen bloquea el acceso automatizado.];Caja de aprendizaje de Matemáticas para 1º de ESO (interdisciplinar con Geografía e Historia) que repasa números romanos, números enteros, porcentajes y fracciones a través de una serie de retos ambientados en la Roma antigua y su legado en Castilla-La Mancha, combinando recursos desconectados y…
CajasAprendizajeCLM;Cajas de Aprendizaje (Banco de Recursos JCCM);Secundaria;4º ESO;15-16 años;"Actividad desconectada; mBot2";Viaje al interior de la mente (con mBot2);https://bancoderecursos.castillalamancha.es/exelearningresource/caja-de-aprendizaje-viaje-al-interior-de-la-mente/5f7832af-2e06-2ef5-20b0-4c9b18643a15;mBot2, Robótica educativa, Educación emocional / autoconocimiento, Programación / Microbit, CajasAprendizajeCLM, Datos incompletos (verificar);"Caja de aprendizaje con un conjunto de retos que se realizan con el robot mBot2, orientada a fomentar la robótica, la programación y el pensamiento computacional a la vez que propone una reflexión sobre el 'automatismo oculto' del robot como metáfora del funcionamiento del inconsciente humano (autoconocimiento y educación emocional). [Nota: descripción obtenida vía resultados de búsqueda; no se ha podido confirmar la etapa/edad destinataria, sitio de origen bloquea el acceso automatizado.]";Caja de aprendizaje con un conjunto de retos que se realizan con el robot mBot2, orientada a fomentar la robótica, la programación y el pensamiento computacional a la vez que propone una reflexión sobre el 'automatismo oculto' del robot como metáfora del funcionamiento del inconsciente humano…
CajasAprendizajeCLM;Cajas de Aprendizaje (Banco de Recursos JCCM);Secundaria;ESO;12-16 años;"Actividad desconectada; Scratch 3.0,0";¡Células por todas partes!;https://bancoderecursos.castillalamancha.es/exelearningresource/caja-de-aprendizaje-celulas-por-todas-partes/d870dff4-4294-05f1-206c-ba74261f1fdf;Biología, CajasAprendizajeCLM, Datos incompletos (verificar);"[AVISO: solo se ha podido recuperar el título de esta caja de aprendizaje (temática de Biología, presumiblemente sobre la célula) más la descripción genérica de la metodología de cajas de aprendizaje; no hay detalle específico de objetivos, actividades, etapa ni edad. Sitio de origen bloquea el acceso automatizado. Recomendable revisar manualmente antes de dar esta fila por completa.]";"[AVISO: solo se ha podido recuperar el título de esta caja de aprendizaje (temática de Biología, presumiblemente sobre la célula) más la descripción genérica de la metodología de cajas de aprendizaje; no hay detalle específico de objetivos, actividades, etapa ni edad."
CajasAprendizajeCLM;Cajas de Aprendizaje (Banco de Recursos JCCM);Secundaria;"1º ESO; 2º ESO; 3º ESO";12-15 años;"Actividad desconectada; Scratch 3.0,0";Salud y micro:bit;https://bancoderecursos.castillalamancha.es/exelearningresource/caja-de-aprendizaje-salud-y-microbit/d50c86e8-7d98-2222-f68f-dd054d4328fd;Microbit (MakeCode), Energía / sostenibilidad, Biología, Programación / Microbit, Salud y sostenibilidad, CajasAprendizajeCLM, Datos incompletos (verificar);"Caja de aprendizaje de Biología que utiliza tarjetas micro:bit programadas con MakeCode para trabajar contenidos de sostenibilidad, reducción de la contaminación y mejora del uso de la energía relacionados con la salud. [Nota: descripción obtenida vía resultados de búsqueda; no se ha podido confirmar la etapa/edad destinataria, sitio de origen bloquea el acceso automatizado.]";Caja de aprendizaje de Biología que utiliza tarjetas micro:bit programadas con MakeCode para trabajar contenidos de sostenibilidad, reducción de la contaminación y mejora del uso de la energía relacionados con la salud.
CajasAprendizajeCLM;Cajas de Aprendizaje (Banco de Recursos JCCM);Secundaria;"2º ESO; 3º ESO";13-15 años;"Actividad desconectada; Scratch 3.0,0";GeoFutbolCode;https://bancoderecursos.castillalamancha.es/exelearningresource/caja-de-aprendizaje-geofutbolcode/b2ccb3be-816a-425e-7e39-59b047385506;Programación / Microbit, Geometría aplicada, CajasAprendizajeCLM, Datos incompletos (verificar);"Caja de aprendizaje que aplica conocimientos de geometría plana a una situación real relacionada con el fútbol, en la que el alumnado calcula superficies y volúmenes de distintos cuerpos geométricos, trabaja representación cartesiana mediante coordenadas absolutas, uso de escalas de reducción, cálculo de pesos y volúmenes, junto con tareas de programación. [Nota: descripción obtenida vía resultados de búsqueda (bajo un snippet indexado de forma cruzada con otra ficha del mismo sitio); no se ha podido confirmar la etapa/edad destinataria, sitio de origen bloquea el acceso automatizado.]";Caja de aprendizaje que aplica conocimientos de geometría plana a una situación real relacionada con el fútbol, en la que el alumnado calcula superficies y volúmenes de distintos cuerpos geométricos, trabaja representación cartesiana mediante coordenadas absolutas, uso de escalas de reducción,…
CajasAprendizajeCLM;Cajas de Aprendizaje (Banco de Recursos JCCM);Secundaria;1º ESO;12-13 años;"Actividad desconectada; mBot2";¡A esa lagartija la conozco!;https://bancoderecursos.castillalamancha.es/exelearningresource/caja-de-aprendizaje-a-esa-lagartija-la-conozco/1440ef5d-b1ff-0bad-0488-bd30e5ffcf9e;Biología, Biología / clasificación de especies, CajasAprendizajeCLM, Datos incompletos (verificar);"Caja de aprendizaje de Biología y Geología centrada en la clasificación de seres vivos, en la que el alumnado aprende a usar una clave dicotómica para diferenciar especies a partir de sus rasgos distintivos y diseña con el ordenador su propia herramienta de clasificación, contextualizada en una especie de lagartija endémica de Castilla-La Mancha y zonas limítrofes. [Nota: descripción obtenida vía resultados de búsqueda; no se ha podido confirmar la etapa/edad destinataria, sitio de origen bloquea el acceso automatizado.]";Caja de aprendizaje de Biología y Geología centrada en la clasificación de seres vivos, en la que el alumnado aprende a usar una clave dicotómica para diferenciar especies a partir de sus rasgos distintivos y diseña con el ordenador su propia herramienta de clasificación, contextualizada en una…
